itemKey,itemKey,name,type,registry,static.bodyItems.glassShelfItemKey,static.bodyItems.horizontalItemKey,static.bodyItems.sideItemKey,static.composition.items,static.composition.mode,static.composition.moduleType,static.composition.nominalWidthCm,static.composition.options.shape,static.composition.options.shelfCount,static.connectorType,static.defaultColor,static.dimensions.catalogHeightCm,static.dimensions.depthCm,static.dimensions.heightCm,static.dimensions.lengthCm,static.dimensions.mountHeightCm,static.dimensions.screenHeightCm,static.dimensions.screenWidthCm,static.dimensions.tableDiameterCm,static.dimensions.thicknessCm,static.dimensions.wallGapCm,static.dimensions.widthCm,static.eyeCount,static.material,static.modelFile,static.modelRotationYDeg,static.nominalModuleWidthCm,static.paintable,static.panelRole,static.preserveModelScale,static.shape,static.shelfCount,static.sizeInch,static.stripOccupancy.align,static.stripOccupancy.stripCount,static.unit,static.variant,static.videoWall.cols,static.videoWall.panelScreenHeightCm,static.videoWall.panelScreenWidthCm,static.videoWall.rows,static.visualRotationYDeg,catalog.present,catalog.inKeysList,catalog.groups,catalog.depthCm,catalog.eyeCount,catalog.heightCm,catalog.itemKey,catalog.label,catalog.modelFile,catalog.modelRotationYDeg,catalog.panelScreenHeightCm,catalog.panelScreenWidthCm,catalog.preserveModelScale,catalog.screenHeightCm,catalog.screenWidthCm,catalog.shape,catalog.shelfCount,catalog.sizeInch,catalog.stripOccupancy.align,catalog.stripOccupancy.stripCount,catalog.type,catalog.unit,catalog.variant,catalog.videoWallCols,catalog.videoWallRows,catalog.visualRotationYDeg,catalog.widthCm,contract.present,contract.profile,contract.appearance.color,contract.appearance.image,contract.renderer.mode,contract.runtime.mode,contract.composition.mode,contract.bom.mode,contract.bom.source,contract.bom.reason,contract.state.owner,contract.state.persistence,behavior.allowSideInsert,behavior.boundarySnap,behavior.collision,behavior.collisionDepth,behavior.collisionHeight,behavior.connectionEndpoint,behavior.defaultRotationDeg,behavior.endpointContact,behavior.ghost.kind,behavior.ghost.opacity,behavior.ghost.renderer,behavior.magneticSnap,behavior.moveSnapCm,behavior.overlapWithTypes,behavior.placement,behavior.rotationStepDeg,behavior.sideInsertRotation,behavior.supportsWallOverlayMount,behavior.wallCapacity,behavior.explicitTypeEntry,behavior.collisionHeightRange,behavior.stripOccupancyResolved,capabilities.color,capabilities.image,capabilities.glass,capabilities.lightbox,capabilities.mesh,factory.fn,factory.ok,factory.reason,factory.stateKeys,state.bodySurface,state.chairCount,state.depthCm,state.eyeCount,state.faces,state.haloColor,state.heightCm,state.imageAssetId,state.itemKey,state.modelFile,state.modelRotationYDeg,state.panelScreenHeightCm,state.panelScreenWidthCm,state.preserveModelScale,state.screenHeightCm,state.screenWidthCm,state.shape,state.shelfCount,state.shelfLightingOn,state.sizeInch,state.stripOccupancy,state.stripOccupancy.align,state.stripOccupancy.stripCount,state.strips,state.surface,state.type,state.videoWallCols,state.videoWallRows,state.visualRotationYDeg,state.wallGapCm,state.widthCm,bom.ok,bom.error,bom.lineCount,bom.lines,recipe.id,recipe.moduleType,recipe.connectionMode,recipe.innerCornerPanelItemKey,parents.recipe,parents.innerCorner,parents.replacement,parents.cluster,parents.showcaseBody,media.widthCm,media.screenWidthCm,media.screenHeightCm,media.videoWallRows,media.videoWallCols,profile.catalogWidthCm,renderer.fn,ui.sidebar,ui.contextMenu.delete,ui.contextMenu.duplicate,ui.contextMenu.add,ui.editable.color,ui.editable.image,ui.editable.glass,ui.editable.fabric,ui.editable.shelfLight,ui.editable.foamResize,ui.editable.floorSelect,ui.editable.placement,ui.editable.rotation,persist.projectBlob,persist.path,featureContracts,docs.definition,tests.srcHits,tests.unitHits,tests.e2eHits,tests.docHits
upright_346_5,upright_346_5,"Dikme 346,5 cm",upright,LEAF_ITEMS,,,,,,,,,,,13685716,,,,346.5,,,,,8,,,,alüminyum,,,,,,,,,,,,adet,,,,,,,true,true,Panel Ek Modül,8,,346.5,upright_346_5,"Dikme 346,5 cm",,,,,,,,,,,,,upright,,,,,,8,true,free-editable,editable,editable,procedural,static,standalone,self,src/itemBom.js,,src/designState.js,project-state,false,stand-edge,footprint,physical,full,segment,0,standard,silhouette,0.38,module-silhouette,short-up-joint,50,"""[""""flat-panel"""",""""profile"""",""""counter""""]""",free,90,inherit,false,exclude,true,"""{""""minCm"""":0,""""maxCm"""":350}""",,false,false,false,false,false,createUprightModuleState,true,,"itemKey, type, widthCm, depthCm, heightCm",,,8,,,,346.5,,upright_346_5,,,,,,,,,,,,,,,,,upright,,,,,8,true,,1,upright_346_5×1 adet,,,,,door_100 (door-100 ×2 straight); wall_50 (wall-straight-50 ×2 straight); wall_100 (wall-straight-100 ×2 straight); wall_150 (wall-straight-150 ×2 straight); wall_200 (wall-straight-200 ×2 straight); wall_base_100 (base-wall-100 ×2 straight); wall_base_150 (base-wall-150 ×2 straight); wall_base_200 (base-wall-200 ×2 straight); wall_separator_50 (separator-50 ×2 straight); wall_separator_100 (separator-100 ×2 straight); wall_separator_50_sarmasik (separator-50 ×2 straight); wall_separator_100_sarmasik (separator-100 ×2 straight); wall_shelf_2_100 (shelf-wall-100-2 ×2 straight); wall_shelf_2_150 (shelf-wall-150-2 ×2 straight); wall_shelf_2_200 (shelf-wall-200-2 ×2 straight); wall_shelf_3_100 (shelf-wall-100-3 ×2 straight); wall_shelf_3_150 (shelf-wall-150-3 ×2 straight); wall_shelf_3_200 (shelf-wall-200-3 ×2 straight); wall_showcase_100_2 (showcase-2-100 ×2 straight); wall_showcase_100_3 (showcase-3-100 ×2 straight),,,,,,,,,,,createUprightModule,true,true,false,false,evet,evet,hayır,hayır,hayır,hayır,hayır,evet,evet,IndexedDB put(project) — alan şeması yok,project.modules[] factory state + placement,,docs/items/definitions/upright_346_5.md,"src/moduleContracts.js, src/catalog.js, src/items.js, src/moduleRecipes.js, src/modulePlacement.js, src/designState.js, src/scene3d.js","test/doorCompositeItemContract.test.js, test/moduleRecipes.test.js, test/profileFieldPlacement.test.js, test/wallFlatPanelItemsContract.test.js, test/showcaseRecipes.test.js, test/wallBaseItemsContract.test.js, test/uprightIntrinsicProperties.test.js, test/uprightFieldPlacement.test.js, test/separatorRecipes.test.js, test/upright3465ItemContract.test.js, test/baseItemsContract.test.js, test/wallShowcaseItemContract.test.js, test/baseWallRecipes.test.js, test/wallShelfItemsContract.test.js, test/wallSeparatorItemsContract.test.js",e2e/invalid-placement-ghost.spec.mjs,"docs/items/definitions/upright_346_5.md, docs/items/definitions/door_100.md, docs/items/definitions/wall_showcase_100_2.md, docs/items/definitions/wall_showcase_100_3.md, docs/items/door_100_full_system_audit.md, docs/items/ITEM_LIST.md, docs/items/inventory/ITEM_CAPABILITY_INVENTORY.md, docs/items/current-system/wall_50.md, docs/items/current-system/wall_base_150.md, docs/items/current-system/wall_200.md, docs/items/current-system/wall_shelf_2_100.md, docs/items/current-system/wall_base_100.md, docs/items/current-system/wall_shelf_2_150.md, docs/items/current-system/wall_showcase_100_3.md, docs/items/current-system/upright_346_5.md, docs/items/current-system/wall_150.md, docs/items/current-system/door_100.md, docs/items/current-system/wall_base_200.md, docs/items/current-system/wall_separator_50_sarmasik.md, docs/items/current-system/wall_showcase_100_2.md, docs/items/current-system/wall_shelf_2_200.md, docs/items/current-system/wall_shelf_3_100.md, docs/items/current-system/wall_shelf_3_200.md, docs/items/current-system/wall_separator_50.md, docs/items/current-system/wall_shelf_3_150.md, docs/items/current-system/wall_separator_100_sarmasik.md, docs/items/current-system/wall_100.md, docs/items/current-system/wall_separator_100.md"
upright_99,upright_99,Dikme 99 cm,upright,LEAF_ITEMS,,,,,,,,,,,13685716,,,,99,,,,,8,,,,alüminyum,,,,,,,,,,,,adet,,,,,,,false,false,,,,,,,,,,,,,,,,,,,,,,,,,,false,,,,,,,,,,,,false,stand-edge,footprint,physical,full,segment,0,standard,silhouette,0.38,module-silhouette,short-up-joint,50,"""[""""flat-panel"""",""""profile"""",""""counter""""]""",free,90,inherit,false,exclude,true,"""{""""minCm"""":0,""""maxCm"""":350}""",,false,false,false,false,false,createUprightModuleState,false,createUprightModuleState() sabit getItem('upright_346_5') kullanır; upright_99 üretilmez.,,,,,,,,,,,,,,,,,,,,,,,,,,,,,,,,,true,,1,upright_99×1 adet,,,,,desk_banko_100 (counter-100 ×4); desk_banko_150 (counter-150 ×4); desk_banko_200 (counter-200 ×4); desk_banko_100_L (counter-l-100 ×5); desk_banko_150_L (counter-l-150 ×5); desk_banko_200_L (counter-l-200 ×5); wall_200_short_up_2 (wall-short-up-2-200 ×2 straight); wall_150_short_up_2 (wall-short-up-2-150 ×2 straight); wall_100_short_up_2 (wall-short-up-2-100 ×2 straight); wall_50_short_up_2 (wall-short-up-2-50 ×2 straight),,,,,,,,,,,createUprightModule,false,false,false,false,hayır,hayır,hayır,hayır,hayır,hayır,hayır,hayır,hayır,IndexedDB put(project) — alan şeması yok,doğrudan persist yok (parent BOM/recipe içinde),,docs/items/definitions/upright_99.md,"src/items.js, src/moduleRecipes.js","test/deskBankoItemsContract.test.js, test/moduleRecipes.test.js, test/lCounter200Contract.test.js, test/counterRecipes.test.js, test/lCounter100Contract.test.js, test/lCounter150Contract.test.js, test/uprightIntrinsicProperties.test.js, test/upright99And495ItemContract.test.js, test/wallFlatPanelItemsContract.test.js, test/upright3465ItemContract.test.js",,"docs/items/ITEM_LIST.md, docs/items/definitions/upright_99.md, docs/items/current-system/desk_banko_200.md, docs/items/current-system/desk_banko_100_L.md, docs/items/current-system/desk_banko_200_L.md, docs/items/current-system/upright_99.md, docs/items/current-system/desk_banko_100.md, docs/items/current-system/desk_banko_150.md, docs/items/current-system/desk_banko_150_L.md"
upright_49_5,upright_49_5,"Dikme 49,5 cm",upright,LEAF_ITEMS,,,,,,,,,,,13685716,,,,49.5,,,,,8,,,,alüminyum,,,,,,,,,,,,adet,,,,,,,false,false,,,,,,,,,,,,,,,,,,,,,,,,,,false,,,,,,,,,,,,false,stand-edge,footprint,physical,full,segment,0,standard,silhouette,0.38,module-silhouette,short-up-joint,50,"""[""""flat-panel"""",""""profile"""",""""counter""""]""",free,90,inherit,false,exclude,true,"""{""""minCm"""":0,""""maxCm"""":350}""",,false,false,false,false,false,createUprightModuleState,false,createUprightModuleState() sabit getItem('upright_346_5') kullanır; upright_49_5 üretilmez.,,,,,,,,,,,,,,,,,,,,,,,,,,,,,,,,,true,,1,upright_49_5×1 adet,,,,,BASE_100 (base-100 ×4); BASE_150 (base-150 ×4); BASE_200 (base-200 ×4); wall_200_short_up_1 (wall-short-up-1-200 ×2 straight); wall_150_short_up_1 (wall-short-up-1-150 ×2 straight); wall_100_short_up_1 (wall-short-up-1-100 ×2 straight); wall_50_short_up_1 (wall-short-up-1-50 ×2 straight); wall_base_100 (base-wall-100 ×2 straight); wall_base_150 (base-wall-150 ×2 straight); wall_base_200 (base-wall-200 ×2 straight),,,,,,,,,,,createUprightModule,false,false,false,false,hayır,hayır,hayır,hayır,hayır,hayır,hayır,hayır,hayır,IndexedDB put(project) — alan şeması yok,doğrudan persist yok (parent BOM/recipe içinde),,docs/items/definitions/upright_49_5.md,"src/items.js, src/moduleRecipes.js","test/moduleRecipes.test.js, test/baseWallRecipes.test.js, test/upright3465ItemContract.test.js, test/baseRecipes.test.js, test/baseItemsContract.test.js, test/uprightIntrinsicProperties.test.js, test/upright99And495ItemContract.test.js, test/wallFlatPanelItemsContract.test.js, test/wallBaseItemsContract.test.js",,"docs/items/definitions/upright_49_5.md, docs/items/ITEM_LIST.md, docs/items/current-system/wall_base_150.md, docs/items/current-system/BASE_150.md, docs/items/current-system/BASE_200.md, docs/items/current-system/wall_base_200.md, docs/items/current-system/upright_49_5.md, docs/items/current-system/BASE_100.md, docs/items/current-system/wall_base_100.md"
profile_41_5,profile_41_5,"Profil 41,5 cm",profile,LEAF_ITEMS,,,,,,,,,,,13685716,,,,41.5,,,,,8,,,,alüminyum,,,,,,,,,,,,adet,,,,,,,true,true,Panel Ek Modül,8,,8,profile_41_5,"Profil 41,5 cm",,,,,,,,,,,,,profile,,,,,,50,true,free-editable,editable,editable,procedural,static,standalone,self,src/itemBom.js,,src/designState.js,project-state,true,stand-edge,segment,physical,full,segment,0,standard,silhouette,0.38,module-silhouette,standard,50,"""[""""separator""""]""",wall,90,inherit,true,include,true,"""{""""minCm"""":0,""""maxCm"""":350}""",,false,false,false,false,false,createProfileModuleState,true,,"itemKey, type, widthCm, depthCm, heightCm",,,8,,,,350,,profile_41_5,,,,,,,,,,,,,,,,,profile,,,,,50,true,,1,profile_41_5×1 adet,,,,,BASE_100 (base-100 ×4); BASE_150 (base-150 ×4); BASE_200 (base-200 ×4); desk_banko_100 (counter-100 ×4); desk_banko_150 (counter-150 ×4); desk_banko_200 (counter-200 ×4); desk_banko_100_L (counter-l-100 ×5); desk_banko_150_L (counter-l-150 ×4); desk_banko_200_L (counter-l-200 ×4); wall_50 (wall-straight-50 ×2 straight); wall_50_short_up_2 (wall-short-up-2-50 ×2 straight); wall_50_short_up_1 (wall-short-up-1-50 ×2 straight); wall_base_100 (base-wall-100 ×4 straight); wall_base_150 (base-wall-150 ×4 straight); wall_base_200 (base-wall-200 ×4 straight); wall_separator_50 (separator-50 ×2 straight); wall_separator_50_sarmasik (separator-50 ×2 straight),,,,,,,,,,50,createProfileModule,true,true,true,true,evet,evet,hayır,hayır,hayır,hayır,hayır,evet,evet,IndexedDB put(project) — alan şeması yok,project.modules[] factory state + placement,,docs/items/definitions/profile_41_5.md,"src/moduleContracts.js, src/catalog.js, src/items.js, src/moduleRecipes.js","test/counterRecipes.test.js, test/baseWallRecipes.test.js, test/baseRecipes.test.js, test/baseItemsContract.test.js, test/wallSeparatorItemsContract.test.js, test/wallFlatPanelItemsContract.test.js, test/wallBaseItemsContract.test.js, test/uprightFieldPlacement.test.js, test/separatorRecipes.test.js, test/deskBankoItemsContract.test.js, test/profilesItemContract.test.js, test/profileIntrinsicProperties.test.js, test/profileFieldPlacement.test.js, test/profile190ItemContract.test.js, test/lCounter200Contract.test.js, test/moduleRecipes.test.js, test/lCounter150Contract.test.js, test/lCounter100Contract.test.js",,"docs/items/definitions/profile_41_5.md, docs/items/ITEM_LIST.md, docs/items/current-system/wall_base_150.md, docs/items/current-system/desk_banko_200.md, docs/items/current-system/BASE_200.md, docs/items/current-system/desk_banko_150_L.md, docs/items/current-system/wall_base_100.md, docs/items/current-system/desk_banko_100_L.md, docs/items/current-system/profile_41_5.md, docs/items/current-system/wall_50.md, docs/items/current-system/BASE_150.md, docs/items/current-system/BASE_100.md, docs/items/current-system/wall_separator_50_sarmasik.md, docs/items/current-system/wall_base_200.md, docs/items/current-system/desk_banko_200_L.md, docs/items/current-system/wall_separator_50.md, docs/items/current-system/desk_banko_100.md, docs/items/current-system/desk_banko_150.md"
profile_91,profile_91,Profil 91 cm,profile,LEAF_ITEMS,,,,,,,,,,,13685716,,,,91,,,,,8,,,,alüminyum,,,,,,,,,,,,adet,,,,,,,true,true,Panel Ek Modül,8,,8,profile_91,Profil 91 cm,,,,,,,,,,,,,profile,,,,,,100,true,free-editable,editable,editable,procedural,static,standalone,self,src/itemBom.js,,src/designState.js,project-state,true,stand-edge,segment,physical,full,segment,0,standard,silhouette,0.38,module-silhouette,standard,50,"""[""""separator""""]""",wall,90,inherit,true,include,true,"""{""""minCm"""":0,""""maxCm"""":350}""",,false,false,false,false,false,createProfileModuleState,true,,"itemKey, type, widthCm, depthCm, heightCm",,,8,,,,350,,profile_91,,,,,,,,,,,,,,,,,profile,,,,,100,true,,1,profile_91×1 adet,,,,,door_100 (door-100 ×1 straight); BASE_100 (base-100 ×4); desk_banko_100 (counter-100 ×3); desk_banko_100_L (counter-l-100 ×5); desk_banko_150_L (counter-l-150 ×1); wall_100 (wall-straight-100 ×2 straight); wall_100_short_up_2 (wall-short-up-2-100 ×2 straight); wall_100_short_up_1 (wall-short-up-1-100 ×2 straight); wall_base_100 (base-wall-100 ×4 straight); wall_separator_100 (separator-100 ×2 straight); wall_separator_100_sarmasik (separator-100 ×2 straight); wall_shelf_2_100 (shelf-wall-100-2 ×2 straight); wall_shelf_3_100 (shelf-wall-100-3 ×2 straight); wall_showcase_100_2 (showcase-2-100 ×4 straight); wall_showcase_100_3 (showcase-3-100 ×4 straight),,,,,,,,,,100,createProfileModule,true,true,true,true,evet,evet,hayır,hayır,hayır,hayır,hayır,evet,evet,IndexedDB put(project) — alan şeması yok,project.modules[] factory state + placement,,docs/items/definitions/profile_91.md,"src/moduleContracts.js, src/catalog.js, src/items.js, src/moduleRecipes.js","test/counterRecipes.test.js, test/baseWallRecipes.test.js, test/baseRecipes.test.js, test/baseItemsContract.test.js, test/wallShowcaseItemContract.test.js, test/wallShelfItemsContract.test.js, test/wallSeparatorItemsContract.test.js, test/wallFlatPanelItemsContract.test.js, test/wallBaseItemsContract.test.js, test/uprightFieldPlacement.test.js, test/showcaseRecipes.test.js, test/separatorRecipes.test.js, test/profilesItemContract.test.js, test/profileIntrinsicProperties.test.js, test/profileFieldPlacement.test.js, test/profile190ItemContract.test.js, test/moduleRecipes.test.js, test/lCounter150Contract.test.js, test/lCounter100Contract.test.js, test/doorCompositeItemContract.test.js, test/deskBankoItemsContract.test.js",,"docs/items/definitions/door_100.md, docs/items/definitions/wall_showcase_100_2.md, docs/items/definitions/profile_91.md, docs/items/definitions/wall_showcase_100_3.md, docs/items/door_100_full_system_audit.md, docs/items/ITEM_LIST.md, docs/items/current-system/desk_banko_150_L.md, docs/items/current-system/wall_shelf_2_100.md, docs/items/current-system/desk_banko_100_L.md, docs/items/current-system/BASE_100.md, docs/items/current-system/door_100.md, docs/items/current-system/wall_showcase_100_2.md, docs/items/current-system/profile_91.md, docs/items/current-system/wall_100.md, docs/items/current-system/desk_banko_100.md, docs/items/current-system/wall_separator_100.md, docs/items/current-system/wall_shelf_3_100.md, docs/items/current-system/wall_separator_100_sarmasik.md, docs/items/current-system/wall_base_100.md, docs/items/current-system/wall_showcase_100_3.md"
profile_140_5,profile_140_5,"Profil 140,5 cm",profile,LEAF_ITEMS,,,,,,,,,,,13685716,,,,140.5,,,,,8,,,,alüminyum,,,,,,,,,,,,adet,,,,,,,true,true,Panel Ek Modül,8,,8,profile_140_5,"Profil 140,5 cm",,,,,,,,,,,,,profile,,,,,,150,true,free-editable,editable,editable,procedural,static,standalone,self,src/itemBom.js,,src/designState.js,project-state,true,stand-edge,segment,physical,full,segment,0,standard,silhouette,0.38,module-silhouette,standard,50,"""[""""separator""""]""",wall,90,inherit,true,include,true,"""{""""minCm"""":0,""""maxCm"""":350}""",,false,false,false,false,false,createProfileModuleState,true,,"itemKey, type, widthCm, depthCm, heightCm",,,8,,,,350,,profile_140_5,,,,,,,,,,,,,,,,,profile,,,,,150,true,,1,profile_140_5×1 adet,,,,,BASE_150 (base-150 ×4); desk_banko_150 (counter-150 ×3); desk_banko_150_L (counter-l-150 ×5); desk_banko_200_L (counter-l-200 ×1); wall_150 (wall-straight-150 ×2 straight); wall_150_short_up_2 (wall-short-up-2-150 ×2 straight); wall_150_short_up_1 (wall-short-up-1-150 ×2 straight); wall_base_150 (base-wall-150 ×4 straight); wall_shelf_2_150 (shelf-wall-150-2 ×2 straight); wall_shelf_3_150 (shelf-wall-150-3 ×2 straight),,,,,,,,,,150,createProfileModule,true,true,true,true,evet,evet,hayır,hayır,hayır,hayır,hayır,evet,evet,IndexedDB put(project) — alan şeması yok,project.modules[] factory state + placement,,docs/items/definitions/profile_140_5.md,"src/moduleContracts.js, src/catalog.js, src/items.js, src/moduleRecipes.js","test/counterRecipes.test.js, test/baseWallRecipes.test.js, test/baseRecipes.test.js, test/baseItemsContract.test.js, test/wallShelfItemsContract.test.js, test/wallFlatPanelItemsContract.test.js, test/wallBaseItemsContract.test.js, test/uprightFieldPlacement.test.js, test/profilesItemContract.test.js, test/profileIntrinsicProperties.test.js, test/profileFieldPlacement.test.js, test/profile190ItemContract.test.js, test/moduleRecipes.test.js, test/deskBankoItemsContract.test.js, test/lCounter200Contract.test.js, test/lCounter150Contract.test.js",,"docs/items/definitions/profile_140_5.md, docs/items/ITEM_LIST.md, docs/items/current-system/wall_shelf_3_150.md, docs/items/current-system/desk_banko_150.md, docs/items/current-system/BASE_150.md, docs/items/current-system/wall_base_150.md, docs/items/current-system/desk_banko_200_L.md, docs/items/current-system/wall_150.md, docs/items/current-system/wall_shelf_2_150.md, docs/items/current-system/profile_140_5.md, docs/items/current-system/desk_banko_150_L.md"
profile_190,profile_190,Profil 190 cm,profile,LEAF_ITEMS,,,,,,,,,,,13685716,,,,190,,,,,8,,,,alüminyum,,,,,,,,,,,,adet,,,,,,,true,true,Panel Ek Modül,8,,8,profile_190,Profil 190 cm,,,,,,,,,,,,,profile,,,,,,200,true,free-editable,editable,editable,procedural,static,standalone,self,src/itemBom.js,,src/designState.js,project-state,true,stand-edge,segment,physical,full,segment,0,standard,silhouette,0.38,module-silhouette,standard,50,"""[""""separator""""]""",wall,90,inherit,true,include,true,"""{""""minCm"""":0,""""maxCm"""":350}""",,false,false,false,false,false,createProfileModuleState,true,,"itemKey, type, widthCm, depthCm, heightCm",,,8,,,,350,,profile_190,,,,,,,,,,,,,,,,,profile,,,,,200,true,,1,profile_190×1 adet,,,,,BASE_200 (base-200 ×4); desk_banko_200 (counter-200 ×3); desk_banko_200_L (counter-l-200 ×5); wall_200 (wall-straight-200 ×2 straight); wall_200_short_up_2 (wall-short-up-2-200 ×2 straight); wall_200_short_up_1 (wall-short-up-1-200 ×2 straight); wall_base_200 (base-wall-200 ×4 straight); wall_shelf_2_200 (shelf-wall-200-2 ×2 straight); wall_shelf_3_200 (shelf-wall-200-3 ×2 straight),,,,,,,,,,200,createProfileModule,true,true,true,true,evet,evet,hayır,hayır,hayır,hayır,hayır,evet,evet,IndexedDB put(project) — alan şeması yok,project.modules[] factory state + placement,,docs/items/definitions/profile_190.md,"src/moduleContracts.js, src/catalog.js, src/items.js, src/moduleRecipes.js","test/counterRecipes.test.js, test/deskBankoItemsContract.test.js, test/baseWallRecipes.test.js, test/moduleRecipes.test.js, test/baseRecipes.test.js, test/baseItemsContract.test.js, test/moduleBehaviorPolicy.test.js, test/wallShelfItemsContract.test.js, test/wallFlatPanelItemsContract.test.js, test/wallBaseItemsContract.test.js, test/lCounter200Contract.test.js, test/uprightFieldPlacement.test.js, test/profilesItemContract.test.js, test/profileIntrinsicProperties.test.js, test/profileFieldPlacement.test.js, test/profile190ItemContract.test.js",,"docs/items/definitions/profile_190.md, docs/items/ITEM_LIST.md, docs/items/current-system/desk_banko_200.md, docs/items/current-system/wall_200.md, docs/items/current-system/BASE_200.md, docs/items/current-system/profile_190.md, docs/items/current-system/desk_banko_200_L.md, docs/items/current-system/wall_shelf_2_200.md, docs/items/current-system/wall_base_200.md, docs/items/current-system/wall_shelf_3_200.md"
panel_48_5,panel_48_5,"Panel 48,5 × 47 cm",panel,LEAF_ITEMS,,,,,,,,,,,,,,47,,,,,,0.8,,48.5,,sunta,,,50,,straight,,,,,,,adet,,,,,,,false,false,,,,,,,,,,,,,,,,,,,,,,,,,,false,,,,,,,,,,,,true,stand-edge,segment,physical,full,segment,0,standard,silhouette,0.38,module-silhouette,standard,50,[],wall,90,inherit,true,include,false,"""{""""minCm"""":0,""""maxCm"""":47}""",,false,false,false,false,false,,false,MODULE_STATE_FACTORIES içinde type yok: panel,,,,,,,,,,,,,,,,,,,,,,,,,,,,,,,,,true,,1,panel_48_5×1 adet,,,,,BASE_100 (base-100 ×2); BASE_150 (base-150 ×2); BASE_200 (base-200 ×2); desk_banko_100 (counter-100 ×4); desk_banko_150 (counter-150 ×4); desk_banko_200 (counter-200 ×4); desk_banko_100_L (counter-l-100 ×4); desk_banko_150_L (counter-l-150 ×4); desk_banko_200_L (counter-l-200 ×4); wall_50 (wall-straight-50 ×7 straight); wall_50_short_up_2 (wall-short-up-2-50 ×2 straight); wall_50_short_up_1 (wall-short-up-1-50 ×1 straight); wall_base_100 (base-wall-100 ×2 straight); wall_base_150 (base-wall-150 ×2 straight); wall_base_200 (base-wall-200 ×2 straight),,,,,,,,,,,,false,false,false,false,hayır,hayır,hayır,hayır,hayır,hayır,hayır,hayır,hayır,IndexedDB put(project) — alan şeması yok,doğrudan persist yok (parent BOM/recipe içinde),,docs/items/definitions/panel_48_5.md,"src/items.js, src/moduleRecipes.js, src/designState.js","test/counterRecipes.test.js, test/cornerPanelsItemContract.test.js, test/boardMaterialItemContract.test.js, test/baseWallRecipes.test.js, test/baseRecipes.test.js, test/baseItemsContract.test.js, test/wallSeparatorItemsContract.test.js, test/wallFlatPanelItemsContract.test.js, test/wallBaseItemsContract.test.js, test/straightPanelsItemContract.test.js, test/separatorRecipes.test.js, test/separatorPanelsItemContract.test.js, test/moduleRecipes.test.js, test/deskBankoItemsContract.test.js, test/lCounter200Contract.test.js, test/lCounter150Contract.test.js, test/lCounter100Contract.test.js",,"docs/items/definitions/panel_48_5.md, docs/items/definitions/wall_separator_50.md, docs/items/definitions/panel_corner_42_5.md, docs/items/definitions/separator_panel_48_5.md, docs/items/ITEM_LIST.md, docs/items/current-system/separator_panel_48_5.md, docs/items/current-system/wall_base_150.md, docs/items/current-system/wall_base_100.md, docs/items/current-system/desk_banko_200.md, docs/items/current-system/panel_48_5.md, docs/items/current-system/BASE_150.md, docs/items/current-system/BASE_200.md, docs/items/current-system/wall_separator_50_sarmasik.md, docs/items/current-system/wall_base_200.md, docs/items/current-system/desk_banko_100_L.md, docs/items/current-system/desk_banko_150_L.md, docs/items/current-system/BASE_100.md, docs/items/current-system/wall_50.md, docs/items/current-system/desk_banko_200_L.md, docs/items/current-system/wall_separator_50.md, docs/items/current-system/desk_banko_100.md, docs/items/current-system/desk_banko_150.md"
panel_98,panel_98,Panel 98 × 47 cm,panel,LEAF_ITEMS,,,,,,,,,,,,,,47,,,,,,0.8,,98,,sunta,,,100,,straight,,,,,,,adet,,,,,,,false,false,,,,,,,,,,,,,,,,,,,,,,,,,,false,,,,,,,,,,,,true,stand-edge,segment,physical,full,segment,0,standard,silhouette,0.38,module-silhouette,standard,50,[],wall,90,inherit,true,include,false,"""{""""minCm"""":0,""""maxCm"""":47}""",,false,false,false,false,false,,false,MODULE_STATE_FACTORIES içinde type yok: panel,,,,,,,,,,,,,,,,,,,,,,,,,,,,,,,,,true,,1,panel_98×1 adet,,,,,door_100 (door-100 ×3 straight); BASE_100 (base-100 ×2); desk_banko_100 (counter-100 ×2); desk_banko_100_L (counter-l-100 ×4); wall_100 (wall-straight-100 ×7 straight); wall_100_short_up_2 (wall-short-up-2-100 ×2 straight); wall_100_short_up_1 (wall-short-up-1-100 ×1 straight); wall_base_100 (base-wall-100 ×7 straight); wall_shelf_2_100 (shelf-wall-100-2 ×7 straight); wall_shelf_3_100 (shelf-wall-100-3 ×7 straight); wall_showcase_100_2 (showcase-2-100 ×5 straight); wall_showcase_100_3 (showcase-3-100 ×4 straight),,,,,,,,,,,,false,false,false,false,hayır,hayır,hayır,hayır,hayır,hayır,hayır,hayır,hayır,IndexedDB put(project) — alan şeması yok,doğrudan persist yok (parent BOM/recipe içinde),,docs/items/definitions/panel_98.md,"src/items.js, src/moduleRecipes.js, src/designState.js","test/counterTopDefaultColor.test.js, test/counterRecipes.test.js, test/cornerPanelsItemContract.test.js, test/boardMaterialItemContract.test.js, test/baseWallRecipes.test.js, test/baseRecipes.test.js, test/baseItemsContract.test.js, test/wallShowcaseItemContract.test.js, test/wallShelfItemsContract.test.js, test/wallSeparatorItemsContract.test.js, test/wallFlatPanelItemsContract.test.js, test/wallBaseItemsContract.test.js, test/straightPanelsItemContract.test.js, test/showcaseRecipes.test.js, test/separatorRecipes.test.js, test/separatorPanelsItemContract.test.js, test/moduleRecipes.test.js, test/lCounter100Contract.test.js, test/doorCompositeItemContract.test.js, test/deskBankoItemsContract.test.js",,"docs/items/definitions/door_100.md, docs/items/definitions/wall_showcase_100_2.md, docs/items/definitions/panel_corner_92.md, docs/items/definitions/wall_separator_100.md, docs/items/definitions/separator_panel_98.md, docs/items/definitions/wall_showcase_100_3.md, docs/items/definitions/panel_98.md, docs/items/door_100_full_system_audit.md, docs/items/ITEM_LIST.md, docs/items/current-system/panel_98.md, docs/items/current-system/wall_separator_50_sarmasik.md, docs/items/current-system/wall_shelf_2_100.md, docs/items/current-system/desk_banko_100_L.md, docs/items/current-system/BASE_100.md, docs/items/current-system/door_100.md, docs/items/current-system/wall_showcase_100_2.md, docs/items/current-system/wall_separator_50.md, docs/items/current-system/wall_100.md, docs/items/current-system/desk_banko_100.md, docs/items/current-system/wall_separator_100.md, docs/items/current-system/separator_panel_98.md, docs/items/current-system/wall_shelf_3_100.md, docs/items/current-system/wall_separator_100_sarmasik.md, docs/items/current-system/wall_base_100.md, docs/items/current-system/wall_showcase_100_3.md"
panel_147_5,panel_147_5,"Panel 147,5 × 47 cm",panel,LEAF_ITEMS,,,,,,,,,,,,,,47,,,,,,0.8,,147.5,,sunta,,,150,,straight,,,,,,,adet,,,,,,,false,false,,,,,,,,,,,,,,,,,,,,,,,,,,false,,,,,,,,,,,,true,stand-edge,segment,physical,full,segment,0,standard,silhouette,0.38,module-silhouette,standard,50,[],wall,90,inherit,true,include,false,"""{""""minCm"""":0,""""maxCm"""":47}""",,false,false,false,false,false,,false,MODULE_STATE_FACTORIES içinde type yok: panel,,,,,,,,,,,,,,,,,,,,,,,,,,,,,,,,,true,,1,panel_147_5×1 adet,,,,,BASE_150 (base-150 ×2); desk_banko_150 (counter-150 ×2); desk_banko_150_L (counter-l-150 ×4); wall_150 (wall-straight-150 ×7 straight); wall_150_short_up_2 (wall-short-up-2-150 ×2 straight); wall_150_short_up_1 (wall-short-up-1-150 ×1 straight); wall_base_150 (base-wall-150 ×7 straight); wall_shelf_2_150 (shelf-wall-150-2 ×7 straight); wall_shelf_3_150 (shelf-wall-150-3 ×7 straight),,,,,,,,,,,,false,false,false,false,hayır,hayır,hayır,hayır,hayır,hayır,hayır,hayır,hayır,IndexedDB put(project) — alan şeması yok,doğrudan persist yok (parent BOM/recipe içinde),,docs/items/definitions/panel_147_5.md,"src/items.js, src/moduleRecipes.js","test/deskBankoItemsContract.test.js, test/lCounter150Contract.test.js, test/moduleRecipes.test.js, test/wallFlatPanelItemsContract.test.js, test/wallBaseItemsContract.test.js, test/counterRecipes.test.js, test/straightPanelsItemContract.test.js, test/cornerPanelsItemContract.test.js, test/baseRecipes.test.js, test/wallShelfItemsContract.test.js, test/baseItemsContract.test.js, test/boardMaterialItemContract.test.js, test/baseWallRecipes.test.js",,"docs/items/definitions/panel_147_5.md, docs/items/definitions/panel_corner_142_5.md, docs/items/ITEM_LIST.md, docs/items/current-system/wall_base_150.md, docs/items/current-system/wall_shelf_2_150.md, docs/items/current-system/desk_banko_150.md, docs/items/current-system/panel_147_5.md, docs/items/current-system/wall_shelf_3_150.md, docs/items/current-system/BASE_150.md, docs/items/current-system/wall_150.md, docs/items/current-system/desk_banko_150_L.md"
panel_197,panel_197,Panel 197 × 47 cm,panel,LEAF_ITEMS,,,,,,,,,,,,,,47,,,,,,0.8,,197,,sunta,,,200,,straight,,,,,,,adet,,,,,,,false,false,,,,,,,,,,,,,,,,,,,,,,,,,,false,,,,,,,,,,,,true,stand-edge,segment,physical,full,segment,0,standard,silhouette,0.38,module-silhouette,standard,50,[],wall,90,inherit,true,include,false,"""{""""minCm"""":0,""""maxCm"""":47}""",,false,false,false,false,false,,false,MODULE_STATE_FACTORIES içinde type yok: panel,,,,,,,,,,,,,,,,,,,,,,,,,,,,,,,,,true,,1,panel_197×1 adet,,,,,BASE_200 (base-200 ×2); desk_banko_200 (counter-200 ×2); desk_banko_200_L (counter-l-200 ×4); wall_200 (wall-straight-200 ×7 straight); wall_200_short_up_2 (wall-short-up-2-200 ×2 straight); wall_200_short_up_1 (wall-short-up-1-200 ×1 straight); wall_base_200 (base-wall-200 ×7 straight); wall_shelf_2_200 (shelf-wall-200-2 ×7 straight); wall_shelf_3_200 (shelf-wall-200-3 ×7 straight),,,,,,,,,,,,false,false,false,false,hayır,hayır,hayır,hayır,hayır,hayır,hayır,hayır,hayır,IndexedDB put(project) — alan şeması yok,doğrudan persist yok (parent BOM/recipe içinde),,docs/items/definitions/panel_197.md,"src/items.js, src/moduleRecipes.js","test/deskBankoItemsContract.test.js, test/panelCorner192ItemContract.test.js, test/panel197ItemContract.test.js, test/moduleRecipes.test.js, test/counterRecipes.test.js, test/lCounter200Contract.test.js, test/boardMaterialItemContract.test.js, test/baseWallRecipes.test.js, test/baseRecipes.test.js, test/baseItemsContract.test.js, test/wallShelfItemsContract.test.js, test/wallFlatPanelItemsContract.test.js, test/wallBaseItemsContract.test.js",,"docs/items/definitions/shelf_200.md, docs/items/definitions/panel_197.md, docs/items/definitions/shelf_100.md, docs/items/ITEM_LIST.md, docs/items/definitions/shelf_150.md, docs/items/definitions/panel_corner_192.md, docs/items/current-system/desk_banko_200.md, docs/items/current-system/wall_200.md, docs/items/current-system/BASE_200.md, docs/items/current-system/desk_banko_200_L.md, docs/items/current-system/shelf_200.md, docs/items/current-system/shelf_150.md, docs/items/current-system/wall_shelf_3_200.md, docs/items/current-system/panel_197.md, docs/items/current-system/wall_base_200.md, docs/items/current-system/wall_shelf_2_200.md, docs/items/current-system/shelf_100.md"
panel_corner_42_5,panel_corner_42_5,"İç Köşe Paneli 42,5 × 47 cm",panel,LEAF_ITEMS,,,,,,,,,,,,,,47,,,,,,0.8,,42.5,,sunta,,,50,,inner-corner,,,,,,,adet,,,,,,,false,false,,,,,,,,,,,,,,,,,,,,,,,,,,false,,,,,,,,,,,,true,stand-edge,segment,physical,full,segment,0,standard,silhouette,0.38,module-silhouette,standard,50,[],wall,90,inherit,true,include,false,"""{""""minCm"""":0,""""maxCm"""":47}""",,false,false,false,false,false,,false,MODULE_STATE_FACTORIES içinde type yok: panel,,,,,,,,,,,,,,,,,,,,,,,,,,,,,,,,,true,,1,panel_corner_42_5×1 adet,,,,,,wall_50 (wall-straight-50); wall_50_short_up_2 (wall-short-up-2-50); wall_50_short_up_1 (wall-short-up-1-50),,,,,,,,,,,false,false,false,false,hayır,hayır,hayır,hayır,hayır,hayır,hayır,hayır,hayır,IndexedDB put(project) — alan şeması yok,doğrudan persist yok (parent BOM/recipe içinde),,docs/items/definitions/panel_corner_42_5.md,"src/items.js, src/moduleRecipes.js","test/cornerPanelsItemContract.test.js, test/boardMaterialItemContract.test.js, test/wallFlatPanelItemsContract.test.js, test/panelCorner192ItemContract.test.js, test/panel197ItemContract.test.js, test/moduleRecipes.test.js",,"docs/items/definitions/panel_corner_42_5.md, docs/items/ITEM_LIST.md, docs/items/inventory/ITEM_CAPABILITY_INVENTORY.md, docs/items/current-system/panel_corner_42_5.md, docs/items/current-system/wall_50.md"
panel_corner_92,panel_corner_92,İç Köşe Paneli 92 × 47 cm,panel,LEAF_ITEMS,,,,,,,,,,,,,,47,,,,,,0.8,,92,,sunta,,,100,,inner-corner,,,,,,,adet,,,,,,,false,false,,,,,,,,,,,,,,,,,,,,,,,,,,false,,,,,,,,,,,,true,stand-edge,segment,physical,full,segment,0,standard,silhouette,0.38,module-silhouette,standard,50,[],wall,90,inherit,true,include,false,"""{""""minCm"""":0,""""maxCm"""":47}""",,false,false,false,false,false,,false,MODULE_STATE_FACTORIES içinde type yok: panel,,,,,,,,,,,,,,,,,,,,,,,,,,,,,,,,,true,,1,panel_corner_92×1 adet,,,,,,door_100 (door-100); wall_100 (wall-straight-100); wall_100_short_up_2 (wall-short-up-2-100); wall_100_short_up_1 (wall-short-up-1-100); wall_base_100 (base-wall-100); wall_shelf_2_100 (shelf-wall-100-2); wall_shelf_3_100 (shelf-wall-100-3); wall_showcase_100_2 (showcase-2-100); wall_showcase_100_3 (showcase-3-100),,,,,,,,,,,false,false,false,false,hayır,hayır,hayır,hayır,hayır,hayır,hayır,hayır,hayır,IndexedDB put(project) — alan şeması yok,doğrudan persist yok (parent BOM/recipe içinde),,docs/items/definitions/panel_corner_92.md,"src/items.js, src/moduleRecipes.js","test/cornerPanelsItemContract.test.js, test/boardMaterialItemContract.test.js, test/baseWallRecipes.test.js, test/wallShowcaseItemContract.test.js, test/wallShelfItemsContract.test.js, test/doorCompositeItemContract.test.js, test/wallFlatPanelItemsContract.test.js, test/wallBaseItemsContract.test.js, test/moduleRecipes.test.js, test/showcaseRecipes.test.js, test/panelCorner192ItemContract.test.js, test/panel197ItemContract.test.js",,"docs/items/definitions/door_100.md, docs/items/definitions/wall_showcase_100_2.md, docs/items/definitions/panel_corner_92.md, docs/items/definitions/wall_showcase_100_3.md, docs/items/ITEM_LIST.md, docs/items/door_100_full_system_audit.md, docs/items/inventory/ITEM_CAPABILITY_INVENTORY.md, docs/items/current-system/wall_shelf_2_100.md, docs/items/current-system/door_100.md, docs/items/current-system/wall_showcase_100_2.md, docs/items/current-system/panel_corner_92.md, docs/items/current-system/wall_100.md, docs/items/current-system/wall_base_100.md, docs/items/current-system/wall_shelf_3_100.md, docs/items/current-system/wall_showcase_100_3.md"
panel_corner_142_5,panel_corner_142_5,"İç Köşe Paneli 142,5 × 47 cm",panel,LEAF_ITEMS,,,,,,,,,,,,,,47,,,,,,0.8,,142.5,,sunta,,,150,,inner-corner,,,,,,,adet,,,,,,,false,false,,,,,,,,,,,,,,,,,,,,,,,,,,false,,,,,,,,,,,,true,stand-edge,segment,physical,full,segment,0,standard,silhouette,0.38,module-silhouette,standard,50,[],wall,90,inherit,true,include,false,"""{""""minCm"""":0,""""maxCm"""":47}""",,false,false,false,false,false,,false,MODULE_STATE_FACTORIES içinde type yok: panel,,,,,,,,,,,,,,,,,,,,,,,,,,,,,,,,,true,,1,panel_corner_142_5×1 adet,,,,,,wall_150 (wall-straight-150); wall_150_short_up_2 (wall-short-up-2-150); wall_150_short_up_1 (wall-short-up-1-150); wall_base_150 (base-wall-150); wall_shelf_2_150 (shelf-wall-150-2); wall_shelf_3_150 (shelf-wall-150-3),,,,,,,,,,,false,false,false,false,hayır,hayır,hayır,hayır,hayır,hayır,hayır,hayır,hayır,IndexedDB put(project) — alan şeması yok,doğrudan persist yok (parent BOM/recipe içinde),,docs/items/definitions/panel_corner_142_5.md,"src/items.js, src/moduleRecipes.js","test/cornerPanelsItemContract.test.js, test/boardMaterialItemContract.test.js, test/baseWallRecipes.test.js, test/wallShelfItemsContract.test.js, test/wallFlatPanelItemsContract.test.js, test/wallBaseItemsContract.test.js, test/moduleRecipes.test.js, test/panelCorner192ItemContract.test.js, test/panel197ItemContract.test.js",,"docs/items/definitions/panel_corner_142_5.md, docs/items/ITEM_LIST.md, docs/items/inventory/ITEM_CAPABILITY_INVENTORY.md, docs/items/current-system/wall_base_150.md, docs/items/current-system/wall_shelf_2_150.md, docs/items/current-system/wall_150.md, docs/items/current-system/wall_shelf_3_150.md, docs/items/current-system/panel_corner_142_5.md"
panel_corner_192,panel_corner_192,İç Köşe Paneli 192 × 47 cm,panel,LEAF_ITEMS,,,,,,,,,,,,,,47,,,,,,0.8,,192,,sunta,,,200,,inner-corner,,,,,,,adet,,,,,,,false,false,,,,,,,,,,,,,,,,,,,,,,,,,,false,,,,,,,,,,,,true,stand-edge,segment,physical,full,segment,0,standard,silhouette,0.38,module-silhouette,standard,50,[],wall,90,inherit,true,include,false,"""{""""minCm"""":0,""""maxCm"""":47}""",,false,false,false,false,false,,false,MODULE_STATE_FACTORIES içinde type yok: panel,,,,,,,,,,,,,,,,,,,,,,,,,,,,,,,,,true,,1,panel_corner_192×1 adet,,,,,,wall_200 (wall-straight-200); wall_200_short_up_2 (wall-short-up-2-200); wall_200_short_up_1 (wall-short-up-1-200); wall_base_200 (base-wall-200); wall_shelf_2_200 (shelf-wall-200-2); wall_shelf_3_200 (shelf-wall-200-3),,,,,,,,,,,false,false,false,false,hayır,hayır,hayır,hayır,hayır,hayır,hayır,hayır,hayır,IndexedDB put(project) — alan şeması yok,doğrudan persist yok (parent BOM/recipe içinde),,docs/items/definitions/panel_corner_192.md,"src/items.js, src/moduleRecipes.js","test/panelCorner192ItemContract.test.js, test/panel197ItemContract.test.js, test/moduleRecipes.test.js, test/wallBaseItemsContract.test.js, test/boardMaterialItemContract.test.js, test/baseWallRecipes.test.js, test/wallShelfItemsContract.test.js, test/wallFlatPanelItemsContract.test.js",,"docs/items/definitions/panel_corner_192.md, docs/items/ITEM_LIST.md, docs/items/inventory/ITEM_CAPABILITY_INVENTORY.md, docs/items/current-system/wall_200.md, docs/items/current-system/wall_shelf_3_200.md, docs/items/current-system/panel_corner_192.md, docs/items/current-system/wall_base_200.md, docs/items/current-system/wall_shelf_2_200.md"
separator_panel_48_5,separator_panel_48_5,"Separatör Paneli 48,5 × 47 cm",separator-panel,LEAF_ITEMS,,,,,,,,,,,13081443,,,47,,,,,,0.8,,48.5,,mdf,,,50,,,,,,,,,adet,,,,,,,false,false,,,,,,,,,,,,,,,,,,,,,,,,,,false,,,,,,,,,,,,true,stand-edge,segment,physical,full,segment,0,standard,silhouette,0.38,module-silhouette,standard,50,[],wall,90,inherit,true,include,false,"""{""""minCm"""":0,""""maxCm"""":47}""",,false,false,false,false,false,,false,MODULE_STATE_FACTORIES içinde type yok: separator-panel,,,,,,,,,,,,,,,,,,,,,,,,,,,,,,,,,true,,1,separator_panel_48_5×1 adet,,,,,wall_separator_50 (separator-50 ×1 straight); wall_separator_50_sarmasik (separator-50 ×1 straight),,,,,,,,,,,,false,false,false,false,hayır,hayır,hayır,hayır,hayır,hayır,hayır,hayır,hayır,IndexedDB put(project) — alan şeması yok,doğrudan persist yok (parent BOM/recipe içinde),,docs/items/definitions/separator_panel_48_5.md,"src/items.js, src/moduleRecipes.js, src/designState.js","test/wallSeparatorItemsContract.test.js, test/separatorRecipes.test.js, test/separatorPanelsItemContract.test.js, test/moduleRecipes.test.js",,"docs/items/definitions/wall_separator_50.md, docs/items/definitions/separator_panel_48_5.md, docs/items/ITEM_LIST.md, docs/items/current-system/wall_separator_50_sarmasik.md, docs/items/current-system/wall_separator_50.md, docs/items/current-system/separator_panel_48_5.md"
separator_panel_98,separator_panel_98,Separatör Paneli 98 × 47 cm,separator-panel,LEAF_ITEMS,,,,,,,,,,,13081443,,,47,,,,,,0.8,,98,,mdf,,,100,,,,,,,,,adet,,,,,,,false,false,,,,,,,,,,,,,,,,,,,,,,,,,,false,,,,,,,,,,,,true,stand-edge,segment,physical,full,segment,0,standard,silhouette,0.38,module-silhouette,standard,50,[],wall,90,inherit,true,include,false,"""{""""minCm"""":0,""""maxCm"""":47}""",,false,false,false,false,false,,false,MODULE_STATE_FACTORIES içinde type yok: separator-panel,,,,,,,,,,,,,,,,,,,,,,,,,,,,,,,,,true,,1,separator_panel_98×1 adet,,,,,wall_separator_50 (separator-50 ×3 straight); wall_separator_100 (separator-100 ×7 straight); wall_separator_50_sarmasik (separator-50 ×3 straight); wall_separator_100_sarmasik (separator-100 ×7 straight),,,,,,,,,,,,false,false,false,false,hayır,hayır,hayır,hayır,hayır,hayır,hayır,hayır,hayır,IndexedDB put(project) — alan şeması yok,doğrudan persist yok (parent BOM/recipe içinde),,docs/items/definitions/separator_panel_98.md,"src/designState.js, src/moduleRecipes.js, src/items.js","test/wallSeparatorItemsContract.test.js, test/separatorRecipes.test.js, test/separatorPanelsItemContract.test.js, test/moduleRecipes.test.js",,"docs/items/definitions/wall_separator_100.md, docs/items/definitions/separator_panel_98.md, docs/items/ITEM_LIST.md, docs/items/current-system/wall_separator_50_sarmasik.md, docs/items/current-system/wall_separator_50.md, docs/items/current-system/wall_separator_100.md, docs/items/current-system/separator_panel_98.md, docs/items/current-system/wall_separator_100_sarmasik.md"
connector_start,connector_start,Başlangıç Aparatı,connector,LEAF_ITEMS,,,,,,,,,,start,,,,,,,,,,,,,,,,,,,,,,,,,,adet,,,,,,,false,false,,,,,,,,,,,,,,,,,,,,,,,,,,false,,,,,,,,,,,,true,stand-edge,segment,physical,full,segment,0,standard,silhouette,0.38,module-silhouette,standard,50,[],wall,90,inherit,true,include,false,"""{""""minCm"""":0,""""maxCm"""":350}""",,false,false,false,false,false,,false,MODULE_STATE_FACTORIES içinde type yok: connector,,,,,,,,,,,,,,,,,,,,,,,,,,,,,,,,,true,,1,connector_start×1 adet,,,,,door_100 (door-100 ×2 straight); BASE_100 (base-100 ×8); BASE_150 (base-150 ×8); BASE_200 (base-200 ×8); desk_banko_100 (counter-100 ×6); desk_banko_150 (counter-150 ×6); desk_banko_200 (counter-200 ×6); desk_banko_100_L (counter-l-100 ×8); desk_banko_150_L (counter-l-150 ×8); desk_banko_200_L (counter-l-200 ×8); wall_50 (wall-straight-50 ×2 straight); wall_100 (wall-straight-100 ×2 straight); wall_150 (wall-straight-150 ×2 straight); wall_200 (wall-straight-200 ×2 straight); wall_200_short_up_2 (wall-short-up-2-200 ×2 straight); wall_150_short_up_2 (wall-short-up-2-150 ×2 straight); wall_100_short_up_2 (wall-short-up-2-100 ×2 straight); wall_50_short_up_2 (wall-short-up-2-50 ×2 straight); wall_200_short_up_1 (wall-short-up-1-200 ×2 straight); wall_150_short_up_1 (wall-short-up-1-150 ×2 straight); wall_100_short_up_1 (wall-short-up-1-100 ×2 straight); wall_50_short_up_1 (wall-short-up-1-50 ×2 straight); wall_base_100 (base-wall-100 ×6 straight); wall_base_150 (base-wall-150 ×6 straight); wall_base_200 (base-wall-200 ×6 straight); wall_separator_50 (separator-50 ×2 straight); wall_separator_100 (separator-100 ×2 straight); wall_separator_50_sarmasik (separator-50 ×2 straight); wall_separator_100_sarmasik (separator-100 ×2 straight); wall_shelf_2_100 (shelf-wall-100-2 ×2 straight); wall_shelf_2_150 (shelf-wall-150-2 ×2 straight); wall_shelf_2_200 (shelf-wall-200-2 ×2 straight); wall_shelf_3_100 (shelf-wall-100-3 ×2 straight); wall_shelf_3_150 (shelf-wall-150-3 ×2 straight); wall_shelf_3_200 (shelf-wall-200-3 ×2 straight); wall_showcase_100_2 (showcase-2-100 ×4 straight); wall_showcase_100_3 (showcase-3-100 ×4 straight),,,,,,,,,,,,false,false,false,false,hayır,hayır,hayır,hayır,hayır,hayır,hayır,hayır,hayır,IndexedDB put(project) — alan şeması yok,doğrudan persist yok (parent BOM/recipe içinde),,docs/items/definitions/connector_start.md,"src/items.js, src/moduleRecipes.js","test/deskBankoItemsContract.test.js, test/doorCompositeItemContract.test.js, test/moduleRecipes.test.js, test/lCounter200Contract.test.js, test/lCounter150Contract.test.js, test/lCounter100Contract.test.js, test/showcaseRecipes.test.js, test/separatorRecipes.test.js, test/counterRecipes.test.js, test/wallSeparatorItemsContract.test.js, test/baseWallRecipes.test.js, test/wallFlatPanelItemsContract.test.js, test/connectorBom.test.js, test/wallBaseItemsContract.test.js, test/baseRecipes.test.js, test/baseItemsContract.test.js, test/wallShowcaseItemContract.test.js, test/wallShelfItemsContract.test.js",,"docs/items/definitions/door_100.md, docs/items/definitions/wall_showcase_100_2.md, docs/items/definitions/connector_start.md, docs/items/definitions/wall_showcase_100_3.md, docs/items/ITEM_MIGRATION_RULES.md, docs/items/door_100_full_system_audit.md, docs/items/ITEM_LIST.md, docs/items/contract/ITEM_CONTRACT_CHECKLIST.md, docs/items/contract/ITEM_CONTRACT.md, docs/items/current-system/wall_base_150.md, docs/items/current-system/desk_banko_200.md, docs/items/current-system/wall_200.md, docs/items/current-system/wall_shelf_2_100.md, docs/items/current-system/BASE_200.md, docs/items/current-system/desk_banko_100_L.md, docs/items/current-system/wall_shelf_2_150.md, docs/items/current-system/BASE_100.md, docs/items/current-system/door_100.md, docs/items/current-system/wall_showcase_100_2.md, docs/items/current-system/desk_banko_200_L.md, docs/items/current-system/wall_separator_50.md, docs/items/current-system/wall_100.md, docs/items/current-system/desk_banko_100.md, docs/items/current-system/wall_separator_100.md, docs/items/current-system/connector_start.md, docs/items/current-system/desk_banko_150.md, docs/items/current-system/wall_base_100.md, docs/items/current-system/wall_shelf_3_100.md, docs/items/current-system/wall_shelf_3_150.md, docs/items/current-system/wall_base_200.md, docs/items/current-system/wall_showcase_100_3.md, docs/items/current-system/wall_shelf_3_200.md, docs/items/current-system/desk_banko_150_L.md, docs/items/current-system/wall_shelf_2_200.md, docs/items/current-system/BASE_150.md, docs/items/current-system/wall_separator_100_sarmasik.md, docs/items/current-system/wall_150.md, docs/items/current-system/wall_separator_50_sarmasik.md, docs/items/current-system/wall_50.md"
connector_single,connector_single,Tekli Aparat,connector,LEAF_ITEMS,,,,,,,,,,single,,,,,,,,,,,,,,,,,,,,,,,,,,adet,,,,,,,false,false,,,,,,,,,,,,,,,,,,,,,,,,,,false,,,,,,,,,,,,true,stand-edge,segment,physical,full,segment,0,standard,silhouette,0.38,module-silhouette,standard,50,[],wall,90,inherit,true,include,false,"""{""""minCm"""":0,""""maxCm"""":350}""",,false,false,false,false,false,,false,MODULE_STATE_FACTORIES içinde type yok: connector,,,,,,,,,,,,,,,,,,,,,,,,,,,,,,,,,true,,1,connector_single×1 adet,,,,,door_100 (door-100 ×5 straight); BASE_100 (base-100 ×8); BASE_150 (base-150 ×8); BASE_200 (base-200 ×8); desk_banko_100 (counter-100 ×12); desk_banko_150 (counter-150 ×12); desk_banko_200 (counter-200 ×12); desk_banko_100_L (counter-l-100 ×16); desk_banko_150_L (counter-l-150 ×16); desk_banko_200_L (counter-l-200 ×16); wall_50 (wall-straight-50 ×13 straight); wall_100 (wall-straight-100 ×13 straight); wall_150 (wall-straight-150 ×13 straight); wall_200 (wall-straight-200 ×13 straight); wall_200_short_up_2 (wall-short-up-2-200 ×3 straight); wall_150_short_up_2 (wall-short-up-2-150 ×3 straight); wall_100_short_up_2 (wall-short-up-2-100 ×3 straight); wall_50_short_up_2 (wall-short-up-2-50 ×3 straight); wall_200_short_up_1 (wall-short-up-1-200 ×3 straight); wall_150_short_up_1 (wall-short-up-1-150 ×3 straight); wall_100_short_up_1 (wall-short-up-1-100 ×3 straight); wall_50_short_up_1 (wall-short-up-1-50 ×3 straight); wall_base_100 (base-wall-100 ×17 straight); wall_base_150 (base-wall-150 ×17 straight); wall_base_200 (base-wall-200 ×17 straight); wall_separator_50 (separator-50 ×7 straight); wall_separator_100 (separator-100 ×13 straight); wall_separator_50_sarmasik (separator-50 ×7 straight); wall_separator_100_sarmasik (separator-100 ×13 straight); wall_shelf_2_100 (shelf-wall-100-2 ×13 straight); wall_shelf_2_150 (shelf-wall-150-2 ×13 straight); wall_shelf_2_200 (shelf-wall-200-2 ×13 straight); wall_shelf_3_100 (shelf-wall-100-3 ×13 straight); wall_shelf_3_150 (shelf-wall-150-3 ×13 straight); wall_shelf_3_200 (shelf-wall-200-3 ×13 straight); wall_showcase_100_2 (showcase-2-100 ×9 straight); wall_showcase_100_3 (showcase-3-100 ×7 straight),,door_100 replaces connector_single ×3; wall_showcase_100_2 replaces connector_single ×5; wall_showcase_100_3 replaces connector_single ×5,,,,,,,,,,false,false,false,false,hayır,hayır,hayır,hayır,hayır,hayır,hayır,hayır,hayır,IndexedDB put(project) — alan şeması yok,doğrudan persist yok (parent BOM/recipe içinde),,docs/items/definitions/connector_single.md,"src/items.js, src/moduleRecipes.js","test/deskBankoItemsContract.test.js, test/doorCompositeItemContract.test.js, test/lCounter200Contract.test.js, test/lCounter150Contract.test.js, test/lCounter100Contract.test.js, test/moduleRecipes.test.js, test/showcaseRecipes.test.js, test/separatorRecipes.test.js, test/counterRecipes.test.js, test/baseRecipes.test.js, test/connectorBom.test.js, test/wallShelfItemsContract.test.js, test/baseItemsContract.test.js, test/wallSeparatorItemsContract.test.js, test/wallShowcaseItemContract.test.js, test/wallFlatPanelItemsContract.test.js, test/baseWallRecipes.test.js, test/wallBaseItemsContract.test.js",,"docs/items/definitions/door_100.md, docs/items/definitions/wall_showcase_100_2.md, docs/items/definitions/wall_showcase_100_3.md, docs/items/definitions/connector_single.md, docs/items/ITEM_MIGRATION_RULES.md, docs/items/door_100_full_system_audit.md, docs/items/ITEM_LIST.md, docs/items/current-system/BASE_150.md, docs/items/current-system/wall_150.md, docs/items/current-system/wall_separator_50_sarmasik.md, docs/items/current-system/wall_base_150.md, docs/items/current-system/desk_banko_200.md, docs/items/current-system/wall_base_200.md, docs/items/current-system/desk_banko_150_L.md, docs/items/current-system/wall_200.md, docs/items/current-system/wall_shelf_2_200.md, docs/items/current-system/wall_shelf_2_100.md, docs/items/current-system/connector_single.md, docs/items/current-system/BASE_200.md, docs/items/current-system/wall_50.md, docs/items/current-system/desk_banko_100_L.md, docs/items/current-system/wall_shelf_2_150.md, docs/items/current-system/BASE_100.md, docs/items/current-system/door_100.md, docs/items/current-system/wall_showcase_100_2.md, docs/items/current-system/desk_banko_200_L.md, docs/items/current-system/wall_separator_50.md, docs/items/current-system/wall_100.md, docs/items/current-system/desk_banko_100.md, docs/items/current-system/wall_separator_100.md, docs/items/current-system/desk_banko_150.md, docs/items/current-system/wall_shelf_3_100.md, docs/items/current-system/wall_shelf_3_150.md, docs/items/current-system/wall_shelf_3_200.md, docs/items/current-system/wall_separator_100_sarmasik.md, docs/items/current-system/wall_base_100.md, docs/items/current-system/wall_showcase_100_3.md"
connector_double,connector_double,Çiftli Aparat,connector,LEAF_ITEMS,,,,,,,,,,double,,,,,,,,,,,,,,,,,,,,,,,,,,adet,,,,,,,false,false,,,,,,,,,,,,,,,,,,,,,,,,,,false,,,,,,,,,,,,true,stand-edge,segment,physical,full,segment,0,standard,silhouette,0.38,module-silhouette,standard,50,[],wall,90,inherit,true,include,false,"""{""""minCm"""":0,""""maxCm"""":350}""",,false,false,false,false,false,,false,MODULE_STATE_FACTORIES içinde type yok: connector,,,,,,,,,,,,,,,,,,,,,,,,,,,,,,,,,true,,1,connector_double×1 adet,,,,,,,,,,,,,,,,,false,false,false,false,hayır,hayır,hayır,hayır,hayır,hayır,hayır,hayır,hayır,IndexedDB put(project) — alan şeması yok,doğrudan persist yok (parent BOM/recipe içinde),,docs/items/definitions/connector_double.md,src/items.js,"test/connectorBom.test.js, test/moduleRecipes.test.js",,"docs/items/ITEM_LIST.md, docs/items/definitions/connector_double.md, docs/items/current-system/wall_200.md, docs/items/current-system/connector_double.md"
connector_corner,connector_corner,Köşe Aparatı,connector,LEAF_ITEMS,,,,,,,,,,corner,,,,,,,,,,,,,,,,,,,,,,,,,,adet,,,,,,,false,false,,,,,,,,,,,,,,,,,,,,,,,,,,false,,,,,,,,,,,,true,stand-edge,segment,physical,full,segment,0,standard,silhouette,0.38,module-silhouette,standard,50,[],wall,90,inherit,true,include,false,"""{""""minCm"""":0,""""maxCm"""":350}""",,false,false,false,false,false,,false,MODULE_STATE_FACTORIES içinde type yok: connector,,,,,,,,,,,,,,,,,,,,,,,,,,,,,,,,,true,,1,connector_corner×1 adet,,,,,,,door_100 replaces connector_single ×2; wall_showcase_100_2 replaces connector_single ×4; wall_showcase_100_3 replaces connector_single ×4,,,,,,,,,,false,false,false,false,hayır,hayır,hayır,hayır,hayır,hayır,hayır,hayır,hayır,IndexedDB put(project) — alan şeması yok,doğrudan persist yok (parent BOM/recipe içinde),,docs/items/definitions/connector_corner.md,"src/items.js, src/moduleRecipes.js","test/doorCompositeItemContract.test.js, test/connectorBom.test.js, test/moduleRecipes.test.js, test/wallShowcaseItemContract.test.js, test/showcaseRecipes.test.js",,"docs/items/definitions/door_100.md, docs/items/definitions/wall_showcase_100_3.md, docs/items/definitions/wall_showcase_100_2.md, docs/items/door_100_full_system_audit.md, docs/items/ITEM_LIST.md, docs/items/definitions/connector_corner.md, docs/items/current-system/wall_200.md, docs/items/current-system/door_100.md, docs/items/current-system/wall_showcase_100_2.md, docs/items/current-system/wall_showcase_100_3.md, docs/items/current-system/connector_corner.md"
door_leaf_100,door_leaf_100,Ahşap Kapı Kanadı 100 × 200 cm,door-leaf,LEAF_ITEMS,,,,,,,,,,,16777215,,,200,,,,,,8,,100,,ahşap,,,100,,,,,,,,,adet,,,,,,,false,false,,,,,,,,,,,,,,,,,,,,,,,,,,false,,,,,,,,,,,,true,stand-edge,segment,physical,full,segment,0,standard,silhouette,0.38,module-silhouette,standard,50,[],wall,90,inherit,true,include,false,"""{""""minCm"""":0,""""maxCm"""":200}""",,true,true,false,false,false,,false,MODULE_STATE_FACTORIES içinde type yok: door-leaf,,,,,,,,,,,,,,,,,,,,,,,,,,,,,,,,,true,,1,door_leaf_100×1 adet,,,,,door_100 (door-100 ×1 straight),,,,,,,,,,,,false,false,false,false,hayır,hayır,hayır,hayır,hayır,hayır,hayır,hayır,hayır,IndexedDB put(project) — alan şeması yok,doğrudan persist yok (parent BOM/recipe içinde),,docs/items/definitions/door_leaf_100.md,"src/items.js, src/moduleRecipes.js","test/moduleRecipes.test.js, test/doorLeafItemContract.test.js, test/doorCompositeItemContract.test.js, test/designState.test.js",e2e/f010-module-construction.spec.mjs,"docs/items/definitions/door_100.md, docs/items/definitions/door_leaf_100.md, docs/items/door_100_full_system_audit.md, docs/items/ITEM_LIST.md, docs/items/inventory/ITEM_CAPABILITY_INVENTORY.md, docs/items/current-system/door_100.md, docs/items/current-system/door_leaf_100.md"
shelf_100,shelf_100,Raf 100 cm,shelf,LEAF_ITEMS,,,,,,,,,,,16777215,,38,,100,,,,,1.8,,,,sunta,,,100,,,,,,,,,adet,,,,,,,false,false,,,,,,,,,,,,,,,,,,,,,,,,,,false,,,,,,,,,,,,true,stand-edge,segment,physical,full,segment,0,standard,silhouette,0.38,module-silhouette,standard,50,[],wall,90,inherit,true,include,true,"""{""""minCm"""":0,""""maxCm"""":350}""",,false,false,false,false,false,createShelfModuleState,false,createModuleStateFromDescriptor null döndü,,,,,,,,,,,,,,,,,,,,,,,,,,,,,,,,,true,,1,shelf_100×1 adet,,,,,wall_shelf_2_100 (shelf-wall-100-2 ×2 straight); wall_shelf_3_100 (shelf-wall-100-3 ×3 straight),,,,,,,,,,,createShelfModule,false,false,false,false,hayır,hayır,hayır,hayır,hayır,hayır,hayır,hayır,hayır,IndexedDB put(project) — alan şeması yok,doğrudan persist yok (parent BOM/recipe içinde),,docs/items/definitions/shelf_100.md,"src/items.js, src/moduleRecipes.js","test/boardMaterialItemContract.test.js, test/wallShelfItemsContract.test.js, test/moduleRecipes.test.js, test/shelfItemsItemContract.test.js",,"docs/items/definitions/wall_shelf_2_100.md, docs/items/definitions/wall_shelf_3_100.md, docs/items/definitions/shelf_100.md, docs/items/ITEM_LIST.md, docs/items/current-system/shelf_100.md, docs/items/current-system/wall_shelf_2_100.md, docs/items/current-system/wall_shelf_3_100.md"
shelf_150,shelf_150,Raf 150 cm,shelf,LEAF_ITEMS,,,,,,,,,,,16777215,,38,,150,,,,,1.8,,,,sunta,,,150,,,,,,,,,adet,,,,,,,false,false,,,,,,,,,,,,,,,,,,,,,,,,,,false,,,,,,,,,,,,true,stand-edge,segment,physical,full,segment,0,standard,silhouette,0.38,module-silhouette,standard,50,[],wall,90,inherit,true,include,true,"""{""""minCm"""":0,""""maxCm"""":350}""",,false,false,false,false,false,createShelfModuleState,false,createModuleStateFromDescriptor null döndü,,,,,,,,,,,,,,,,,,,,,,,,,,,,,,,,,true,,1,shelf_150×1 adet,,,,,wall_shelf_2_150 (shelf-wall-150-2 ×2 straight); wall_shelf_3_150 (shelf-wall-150-3 ×3 straight),,,,,,,,,,,createShelfModule,false,false,false,false,hayır,hayır,hayır,hayır,hayır,hayır,hayır,hayır,hayır,IndexedDB put(project) — alan şeması yok,doğrudan persist yok (parent BOM/recipe içinde),,docs/items/definitions/shelf_150.md,"src/items.js, src/moduleRecipes.js","test/moduleRecipes.test.js, test/boardMaterialItemContract.test.js, test/shelfItemsItemContract.test.js, test/wallShelfItemsContract.test.js",,"docs/items/definitions/wall_shelf_2_150.md, docs/items/definitions/wall_shelf_3_150.md, docs/items/ITEM_LIST.md, docs/items/definitions/shelf_150.md, docs/items/current-system/wall_shelf_2_150.md, docs/items/current-system/wall_shelf_3_150.md, docs/items/current-system/shelf_150.md"
shelf_200,shelf_200,Raf 200 cm,shelf,LEAF_ITEMS,,,,,,,,,,,16777215,,38,,200,,,,,1.8,,,,sunta,,,200,,,,,,,,,adet,,,,,,,false,false,,,,,,,,,,,,,,,,,,,,,,,,,,false,,,,,,,,,,,,true,stand-edge,segment,physical,full,segment,0,standard,silhouette,0.38,module-silhouette,standard,50,[],wall,90,inherit,true,include,true,"""{""""minCm"""":0,""""maxCm"""":350}""",,false,false,false,false,false,createShelfModuleState,false,createModuleStateFromDescriptor null döndü,,,,,,,,,,,,,,,,,,,,,,,,,,,,,,,,,true,,1,shelf_200×1 adet,,,,,wall_shelf_2_200 (shelf-wall-200-2 ×2 straight); wall_shelf_3_200 (shelf-wall-200-3 ×3 straight),,,,,,,,,,,createShelfModule,false,false,false,false,hayır,hayır,hayır,hayır,hayır,hayır,hayır,hayır,hayır,IndexedDB put(project) — alan şeması yok,doğrudan persist yok (parent BOM/recipe içinde),,docs/items/definitions/shelf_200.md,"src/items.js, src/moduleRecipes.js","test/boardMaterialItemContract.test.js, test/wallShelfItemsContract.test.js, test/shelfItemsItemContract.test.js, test/moduleRecipes.test.js",,"docs/items/definitions/shelf_200.md, docs/items/definitions/wall_shelf_3_200.md, docs/items/definitions/wall_shelf_2_200.md, docs/items/ITEM_LIST.md, docs/items/current-system/wall_shelf_2_200.md, docs/items/current-system/shelf_200.md, docs/items/current-system/wall_shelf_3_200.md"
shelf_leg,shelf_leg,Raf Ayağı,shelf-accessory,LEAF_ITEMS,,,,,,,,,,,,,,,,,,,,,,,,,,,,,,,,,,,,adet,,,,,,,false,false,,,,,,,,,,,,,,,,,,,,,,,,,,false,,,,,,,,,,,,true,stand-edge,segment,physical,full,segment,0,standard,silhouette,0.38,module-silhouette,standard,50,[],wall,90,inherit,true,include,false,"""{""""minCm"""":0,""""maxCm"""":350}""",,false,false,false,false,false,,false,MODULE_STATE_FACTORIES içinde type yok: shelf-accessory,,,,,,,,,,,,,,,,,,,,,,,,,,,,,,,,,true,,1,shelf_leg×1 adet,,,,,wall_shelf_2_100 (shelf-wall-100-2 ×4 straight); wall_shelf_2_150 (shelf-wall-150-2 ×4 straight); wall_shelf_2_200 (shelf-wall-200-2 ×6 straight); wall_shelf_3_100 (shelf-wall-100-3 ×6 straight); wall_shelf_3_150 (shelf-wall-150-3 ×6 straight); wall_shelf_3_200 (shelf-wall-200-3 ×9 straight),,,,,,,,,,,,false,false,false,false,hayır,hayır,hayır,hayır,hayır,hayır,hayır,hayır,hayır,IndexedDB put(project) — alan şeması yok,doğrudan persist yok (parent BOM/recipe içinde),,docs/items/definitions/shelf_leg.md,"src/items.js, src/moduleRecipes.js","test/moduleRecipes.test.js, test/wallShelfItemsContract.test.js, test/shelfLegItemContract.test.js, test/shelfItemsItemContract.test.js",,"docs/items/definitions/shelf_leg.md, docs/items/ITEM_LIST.md, docs/items/definitions/shelf_200.md, docs/items/current-system/shelf_leg.md, docs/items/definitions/shelf_100.md, docs/items/current-system/wall_shelf_2_100.md, docs/items/definitions/shelf_150.md, docs/items/current-system/wall_shelf_2_150.md, docs/items/current-system/wall_shelf_3_100.md, docs/items/current-system/wall_shelf_3_150.md, docs/items/current-system/wall_shelf_3_200.md, docs/items/current-system/wall_shelf_2_200.md"
showcase_side_94_6_30,showcase_side_94_6_30,"Vitrin Yan Sunta 94,6 × 30 cm",showcase-board,LEAF_ITEMS,,,,,,,,,,,16777215,,30,,94.6,,,,,1.8,,,,sunta,,,,,,,,,,,,adet,,,,,,,false,false,,,,,,,,,,,,,,,,,,,,,,,,,,false,,,,,,,,,,,,true,stand-edge,segment,physical,full,segment,0,standard,silhouette,0.38,module-silhouette,standard,50,[],wall,90,inherit,true,include,false,"""{""""minCm"""":0,""""maxCm"""":350}""",,false,false,false,false,false,,false,MODULE_STATE_FACTORIES içinde type yok: showcase-board,,,,,,,,,,,,,,,,,,,,,,,,,,,,,,,,,true,,1,showcase_side_94_6_30×1 adet,,,,,wall_showcase_100_2 (showcase-2-100 ×2 straight),,,,wall_showcase_100_2.sideItemKey,,,,,,,,false,false,false,false,hayır,hayır,hayır,hayır,hayır,hayır,hayır,hayır,hayır,IndexedDB put(project) — alan şeması yok,doğrudan persist yok (parent BOM/recipe içinde),,docs/items/definitions/showcase_side_94_6_30.md,"src/items.js, src/moduleRecipes.js","test/boardMaterialItemContract.test.js, test/moduleRecipes.test.js, test/wallShowcaseItemContract.test.js, test/showcaseRecipes.test.js, test/showcaseBodyBoardsItemContract.test.js",,"docs/items/definitions/wall_showcase_100_2.md, docs/items/definitions/showcase_side_94_6_30.md, docs/items/ITEM_LIST.md, docs/items/inventory/ITEM_CAPABILITY_INVENTORY.md, docs/items/current-system/wall_showcase_100_2.md, docs/items/current-system/showcase_side_94_6_30.md"
showcase_side_143_5_30,showcase_side_143_5_30,"Vitrin Yan Sunta 143,5 × 30 cm",showcase-board,LEAF_ITEMS,,,,,,,,,,,16777215,,30,,143.5,,,,,1.8,,,,sunta,,,,,,,,,,,,adet,,,,,,,false,false,,,,,,,,,,,,,,,,,,,,,,,,,,false,,,,,,,,,,,,true,stand-edge,segment,physical,full,segment,0,standard,silhouette,0.38,module-silhouette,standard,50,[],wall,90,inherit,true,include,false,"""{""""minCm"""":0,""""maxCm"""":350}""",,false,false,false,false,false,,false,MODULE_STATE_FACTORIES içinde type yok: showcase-board,,,,,,,,,,,,,,,,,,,,,,,,,,,,,,,,,true,,1,showcase_side_143_5_30×1 adet,,,,,wall_showcase_100_3 (showcase-3-100 ×2 straight),,,,wall_showcase_100_3.sideItemKey,,,,,,,,false,false,false,false,hayır,hayır,hayır,hayır,hayır,hayır,hayır,hayır,hayır,IndexedDB put(project) — alan şeması yok,doğrudan persist yok (parent BOM/recipe içinde),,docs/items/definitions/showcase_side_143_5_30.md,"src/items.js, src/moduleRecipes.js","test/moduleRecipes.test.js, test/boardMaterialItemContract.test.js, test/wallShowcaseItemContract.test.js, test/showcaseRecipes.test.js, test/showcaseBodyBoardsItemContract.test.js",,"docs/items/definitions/wall_showcase_100_3.md, docs/items/ITEM_LIST.md, docs/items/inventory/ITEM_CAPABILITY_INVENTORY.md, docs/items/definitions/showcase_side_143_5_30.md, docs/items/current-system/showcase_side_143_5_30.md, docs/items/current-system/wall_showcase_100_3.md"
showcase_horizontal_87_4_30,showcase_horizontal_87_4_30,"Vitrin Yatay Sunta 87,4 × 30 cm",showcase-board,LEAF_ITEMS,,,,,,,,,,,16777215,,30,,87.4,,,,,1.8,,,,sunta,,,,,,,,,,,,adet,,,,,,,false,false,,,,,,,,,,,,,,,,,,,,,,,,,,false,,,,,,,,,,,,true,stand-edge,segment,physical,full,segment,0,standard,silhouette,0.38,module-silhouette,standard,50,[],wall,90,inherit,true,include,false,"""{""""minCm"""":0,""""maxCm"""":350}""",,false,false,false,false,false,,false,MODULE_STATE_FACTORIES içinde type yok: showcase-board,,,,,,,,,,,,,,,,,,,,,,,,,,,,,,,,,true,,1,showcase_horizontal_87_4_30×1 adet,,,,,wall_showcase_100_2 (showcase-2-100 ×2 straight); wall_showcase_100_3 (showcase-3-100 ×2 straight),,,,wall_showcase_100_2.horizontalItemKey; wall_showcase_100_3.horizontalItemKey,,,,,,,,false,false,false,false,hayır,hayır,hayır,hayır,hayır,hayır,hayır,hayır,hayır,IndexedDB put(project) — alan şeması yok,doğrudan persist yok (parent BOM/recipe içinde),,docs/items/definitions/showcase_horizontal_87_4_30.md,"src/items.js, src/moduleRecipes.js","test/moduleRecipes.test.js, test/boardMaterialItemContract.test.js, test/wallShowcaseItemContract.test.js, test/showcaseRecipes.test.js, test/showcaseBodyBoardsItemContract.test.js",,"docs/items/definitions/wall_showcase_100_3.md, docs/items/ITEM_LIST.md, docs/items/definitions/wall_showcase_100_2.md, docs/items/inventory/ITEM_CAPABILITY_INVENTORY.md, docs/items/definitions/showcase_horizontal_87_4_30.md, docs/items/current-system/wall_showcase_100_3.md, docs/items/current-system/showcase_horizontal_87_4_30.md, docs/items/current-system/wall_showcase_100_2.md"
glass_shelf,glass_shelf,Cam Raf,showcase-accessory,LEAF_ITEMS,,,,,,,,,,,,,28.5,,87.3,,,,,0.6,,,,cam,,,,,,,,,,,,adet,,,,,,,false,false,,,,,,,,,,,,,,,,,,,,,,,,,,false,,,,,,,,,,,,true,stand-edge,segment,physical,full,segment,0,standard,silhouette,0.38,module-silhouette,standard,50,[],wall,90,inherit,true,include,false,"""{""""minCm"""":0,""""maxCm"""":350}""",,false,false,false,false,false,,false,MODULE_STATE_FACTORIES içinde type yok: showcase-accessory,,,,,,,,,,,,,,,,,,,,,,,,,,,,,,,,,true,,1,glass_shelf×1 adet,,,,,wall_showcase_100_2 (showcase-2-100 ×1 straight); wall_showcase_100_3 (showcase-3-100 ×2 straight),,,,wall_showcase_100_2.glassShelfItemKey; wall_showcase_100_3.glassShelfItemKey,,,,,,,,false,false,false,false,hayır,hayır,hayır,hayır,hayır,hayır,hayır,hayır,hayır,IndexedDB put(project) — alan şeması yok,doğrudan persist yok (parent BOM/recipe içinde),,docs/items/definitions/glass_shelf.md,"src/items.js, src/scene3d.js, src/moduleRecipes.js","test/wallShowcaseItemContract.test.js, test/showcaseRecipes.test.js, test/moduleRecipes.test.js, test/glassShelfItemContract.test.js",,"docs/items/definitions/glass_shelf.md, docs/items/definitions/wall_showcase_100_2.md, docs/items/definitions/showcase_horizontal_87_4_30.md, docs/items/definitions/showcase_side_143_5_30.md, docs/items/definitions/wall_showcase_100_3.md, docs/items/definitions/showcase_side_94_6_30.md, docs/items/ITEM_LIST.md, docs/items/inventory/ITEM_CAPABILITY_INVENTORY.md, docs/items/current-system/glass_shelf.md, docs/items/current-system/wall_showcase_100_3.md, docs/items/current-system/wall_showcase_100_2.md, docs/items/current-system/showcase_horizontal_87_4_30.md, docs/items/current-system/showcase_side_94_6_30.md, docs/items/current-system/showcase_side_143_5_30.md"
counter_top_110_60,counter_top_110_60,Banko Üstü 110 × 60 cm,counter-top,LEAF_ITEMS,,,,,,,,,,,16317180,,60,,,,,,,1.8,,110,,sunta,,,100,,,,,,,,,adet,,,,,,,false,false,,,,,,,,,,,,,,,,,,,,,,,,,,false,,,,,,,,,,,,true,stand-edge,segment,physical,full,segment,0,standard,silhouette,0.38,module-silhouette,standard,50,[],wall,90,inherit,true,include,false,"""{""""minCm"""":0,""""maxCm"""":350}""",,false,false,false,false,false,,false,MODULE_STATE_FACTORIES içinde type yok: counter-top,,,,,,,,,,,,,,,,,,,,,,,,,,,,,,,,,true,,1,counter_top_110_60×1 adet,,,,,desk_banko_100 (counter-100 ×1); desk_banko_100_L (counter-l-100 ×1),,,,,,,,,,,,false,false,false,false,hayır,hayır,hayır,hayır,hayır,hayır,hayır,hayır,hayır,IndexedDB put(project) — alan şeması yok,doğrudan persist yok (parent BOM/recipe içinde),,docs/items/definitions/counter_top_110_60.md,"src/items.js, src/moduleRecipes.js","test/deskBankoItemsContract.test.js, test/moduleRecipes.test.js, test/lCounter100Contract.test.js, test/counterTopsItemContract.test.js, test/counterTopDefaultColor.test.js, test/counterRecipes.test.js, test/boardMaterialItemContract.test.js",,"docs/items/ITEM_LIST.md, docs/items/current-system/desk_banko_100_L.md, docs/items/current-system/desk_banko_100.md, docs/items/definitions/counter_top_110_60.md, docs/items/current-system/counter_top_110_60.md"
counter_top_52_60,counter_top_52_60,Banko Üstü 52 × 60 cm,counter-top,LEAF_ITEMS,,,,,,,,,,,16317180,,60,,,,,,,1.8,,52,,sunta,,,100,,,,,,,,,adet,,,,,,,false,false,,,,,,,,,,,,,,,,,,,,,,,,,,false,,,,,,,,,,,,true,stand-edge,segment,physical,full,segment,0,standard,silhouette,0.38,module-silhouette,standard,50,[],wall,90,inherit,true,include,false,"""{""""minCm"""":0,""""maxCm"""":350}""",,false,false,false,false,false,,false,MODULE_STATE_FACTORIES içinde type yok: counter-top,,,,,,,,,,,,,,,,,,,,,,,,,,,,,,,,,true,,1,counter_top_52_60×1 adet,,,,,desk_banko_100_L (counter-l-100 ×1),,,,,,,,,,,,false,false,false,false,hayır,hayır,hayır,hayır,hayır,hayır,hayır,hayır,hayır,IndexedDB put(project) — alan şeması yok,doğrudan persist yok (parent BOM/recipe içinde),,docs/items/definitions/counter_top_52_60.md,"src/items.js, src/moduleRecipes.js","test/counterTopsItemContract.test.js, test/counterTopDefaultColor.test.js, test/counterRecipes.test.js, test/boardMaterialItemContract.test.js, test/deskBankoItemsContract.test.js, test/moduleRecipes.test.js, test/lCounter100Contract.test.js",,"docs/items/definitions/counter_top_52_60.md, docs/items/ITEM_LIST.md, docs/items/current-system/counter_top_52_60.md, docs/items/current-system/desk_banko_100_L.md"
counter_top_160_60,counter_top_160_60,Banko Üstü 160 × 60 cm,counter-top,LEAF_ITEMS,,,,,,,,,,,16317180,,60,,,,,,,1.8,,160,,sunta,,,150,,,,,,,,,adet,,,,,,,false,false,,,,,,,,,,,,,,,,,,,,,,,,,,false,,,,,,,,,,,,true,stand-edge,segment,physical,full,segment,0,standard,silhouette,0.38,module-silhouette,standard,50,[],wall,90,inherit,true,include,false,"""{""""minCm"""":0,""""maxCm"""":350}""",,false,false,false,false,false,,false,MODULE_STATE_FACTORIES içinde type yok: counter-top,,,,,,,,,,,,,,,,,,,,,,,,,,,,,,,,,true,,1,counter_top_160_60×1 adet,,,,,desk_banko_150 (counter-150 ×1); desk_banko_150_L (counter-l-150 ×1),,,,,,,,,,,,false,false,false,false,hayır,hayır,hayır,hayır,hayır,hayır,hayır,hayır,hayır,IndexedDB put(project) — alan şeması yok,doğrudan persist yok (parent BOM/recipe içinde),,docs/items/definitions/counter_top_160_60.md,"src/items.js, src/moduleRecipes.js","test/counterTopsItemContract.test.js, test/counterTopDefaultColor.test.js, test/counterRecipes.test.js, test/boardMaterialItemContract.test.js, test/moduleRecipes.test.js, test/lCounter150Contract.test.js, test/deskBankoItemsContract.test.js",,"docs/items/definitions/counter_top_160_60.md, docs/items/ITEM_LIST.md, docs/items/current-system/desk_banko_150_L.md, docs/items/current-system/desk_banko_150.md, docs/items/current-system/counter_top_160_60.md"
counter_top_102_60,counter_top_102_60,Banko Üstü 102 × 60 cm,counter-top,LEAF_ITEMS,,,,,,,,,,,16317180,,60,,,,,,,1.8,,102,,sunta,,,150,,,,,,,,,adet,,,,,,,false,false,,,,,,,,,,,,,,,,,,,,,,,,,,false,,,,,,,,,,,,true,stand-edge,segment,physical,full,segment,0,standard,silhouette,0.38,module-silhouette,standard,50,[],wall,90,inherit,true,include,false,"""{""""minCm"""":0,""""maxCm"""":350}""",,false,false,false,false,false,,false,MODULE_STATE_FACTORIES içinde type yok: counter-top,,,,,,,,,,,,,,,,,,,,,,,,,,,,,,,,,true,,1,counter_top_102_60×1 adet,,,,,desk_banko_150_L (counter-l-150 ×1),,,,,,,,,,,,false,false,false,false,hayır,hayır,hayır,hayır,hayır,hayır,hayır,hayır,hayır,IndexedDB put(project) — alan şeması yok,doğrudan persist yok (parent BOM/recipe içinde),,docs/items/definitions/counter_top_102_60.md,"src/items.js, src/moduleRecipes.js","test/counterTopsItemContract.test.js, test/counterTopDefaultColor.test.js, test/counterRecipes.test.js, test/boardMaterialItemContract.test.js, test/moduleRecipes.test.js, test/lCounter150Contract.test.js, test/deskBankoItemsContract.test.js",,"docs/items/definitions/counter_top_102_60.md, docs/items/ITEM_LIST.md, docs/items/current-system/desk_banko_150_L.md, docs/items/current-system/counter_top_102_60.md"
counter_top_210_60,counter_top_210_60,Banko Üstü 210 × 60 cm,counter-top,LEAF_ITEMS,,,,,,,,,,,16317180,,60,,,,,,,1.8,,210,,sunta,,,200,,,,,,,,,adet,,,,,,,false,false,,,,,,,,,,,,,,,,,,,,,,,,,,false,,,,,,,,,,,,true,stand-edge,segment,physical,full,segment,0,standard,silhouette,0.38,module-silhouette,standard,50,[],wall,90,inherit,true,include,false,"""{""""minCm"""":0,""""maxCm"""":350}""",,false,false,false,false,false,,false,MODULE_STATE_FACTORIES içinde type yok: counter-top,,,,,,,,,,,,,,,,,,,,,,,,,,,,,,,,,true,,1,counter_top_210_60×1 adet,,,,,desk_banko_200 (counter-200 ×1); desk_banko_200_L (counter-l-200 ×1),,,,,,,,,,,,false,false,false,false,hayır,hayır,hayır,hayır,hayır,hayır,hayır,hayır,hayır,IndexedDB put(project) — alan şeması yok,doğrudan persist yok (parent BOM/recipe içinde),,docs/items/definitions/counter_top_210_60.md,"src/items.js, src/moduleRecipes.js","test/deskBankoItemsContract.test.js, test/lCounter200Contract.test.js, test/counterTopsItemContract.test.js, test/moduleRecipes.test.js, test/counterTopDefaultColor.test.js, test/counterRecipes.test.js, test/boardMaterialItemContract.test.js",,"docs/items/definitions/counter_top_210_60.md, docs/items/ITEM_LIST.md, docs/items/current-system/counter_top_210_60.md, docs/items/current-system/desk_banko_200.md, docs/items/current-system/desk_banko_200_L.md"
counter_top_150_60,counter_top_150_60,Banko Üstü 150 × 60 cm,counter-top,LEAF_ITEMS,,,,,,,,,,,16317180,,60,,,,,,,1.8,,150,,sunta,,,200,,,,,,,,,adet,,,,,,,false,false,,,,,,,,,,,,,,,,,,,,,,,,,,false,,,,,,,,,,,,true,stand-edge,segment,physical,full,segment,0,standard,silhouette,0.38,module-silhouette,standard,50,[],wall,90,inherit,true,include,false,"""{""""minCm"""":0,""""maxCm"""":350}""",,false,false,false,false,false,,false,MODULE_STATE_FACTORIES içinde type yok: counter-top,,,,,,,,,,,,,,,,,,,,,,,,,,,,,,,,,true,,1,counter_top_150_60×1 adet,,,,,desk_banko_200_L (counter-l-200 ×1),,,,,,,,,,,,false,false,false,false,hayır,hayır,hayır,hayır,hayır,hayır,hayır,hayır,hayır,IndexedDB put(project) — alan şeması yok,doğrudan persist yok (parent BOM/recipe içinde),,docs/items/definitions/counter_top_150_60.md,"src/items.js, src/moduleRecipes.js","test/deskBankoItemsContract.test.js, test/moduleRecipes.test.js, test/lCounter200Contract.test.js, test/counterTopsItemContract.test.js, test/counterTopDefaultColor.test.js, test/counterRecipes.test.js, test/boardMaterialItemContract.test.js",,"docs/items/definitions/counter_top_150_60.md, docs/items/ITEM_LIST.md, docs/items/current-system/counter_top_150_60.md, docs/items/current-system/desk_banko_200_L.md"
base_top_107_50,base_top_107_50,Baza Üstü 107 × 50 cm,base-top,LEAF_ITEMS,,,,,,,,,,,16777215,,50,,,,,,,1.8,,107,,sunta,,,100,,,,,,,,,adet,,,,,,,false,false,,,,,,,,,,,,,,,,,,,,,,,,,,false,,,,,,,,,,,,true,stand-edge,segment,physical,full,segment,0,standard,silhouette,0.38,module-silhouette,standard,50,[],wall,90,inherit,true,include,false,"""{""""minCm"""":0,""""maxCm"""":350}""",,false,false,false,false,false,,false,MODULE_STATE_FACTORIES içinde type yok: base-top,,,,,,,,,,,,,,,,,,,,,,,,,,,,,,,,,true,,1,base_top_107_50×1 adet,,,,,BASE_100 (base-100 ×1); wall_base_100 (base-wall-100 ×1 straight),,,,,,,,,,,,false,false,false,false,hayır,hayır,hayır,hayır,hayır,hayır,hayır,hayır,hayır,IndexedDB put(project) — alan şeması yok,doğrudan persist yok (parent BOM/recipe içinde),,docs/items/definitions/base_top_107_50.md,"src/items.js, src/moduleRecipes.js","test/boardMaterialItemContract.test.js, test/baseWallRecipes.test.js, test/baseTopsItemContract.test.js, test/baseRecipes.test.js, test/baseItemsContract.test.js, test/wallBaseItemsContract.test.js, test/moduleRecipes.test.js",,"docs/items/definitions/BASE_100.md, docs/items/definitions/base_top_107_50.md, docs/items/ITEM_LIST.md, docs/items/current-system/BASE_100.md, docs/items/current-system/base_top_107_50.md, docs/items/current-system/wall_base_100.md"
base_top_157_50,base_top_157_50,Baza Üstü 157 × 50 cm,base-top,LEAF_ITEMS,,,,,,,,,,,16777215,,50,,,,,,,1.8,,157,,sunta,,,150,,,,,,,,,adet,,,,,,,false,false,,,,,,,,,,,,,,,,,,,,,,,,,,false,,,,,,,,,,,,true,stand-edge,segment,physical,full,segment,0,standard,silhouette,0.38,module-silhouette,standard,50,[],wall,90,inherit,true,include,false,"""{""""minCm"""":0,""""maxCm"""":350}""",,false,false,false,false,false,,false,MODULE_STATE_FACTORIES içinde type yok: base-top,,,,,,,,,,,,,,,,,,,,,,,,,,,,,,,,,true,,1,base_top_157_50×1 adet,,,,,BASE_150 (base-150 ×1); wall_base_150 (base-wall-150 ×1 straight),,,,,,,,,,,,false,false,false,false,hayır,hayır,hayır,hayır,hayır,hayır,hayır,hayır,hayır,IndexedDB put(project) — alan şeması yok,doğrudan persist yok (parent BOM/recipe içinde),,docs/items/definitions/base_top_157_50.md,"src/items.js, src/moduleRecipes.js","test/moduleRecipes.test.js, test/wallBaseItemsContract.test.js, test/boardMaterialItemContract.test.js, test/baseRecipes.test.js, test/baseWallRecipes.test.js, test/baseItemsContract.test.js, test/baseTopsItemContract.test.js",,"docs/items/definitions/base_top_157_50.md, docs/items/definitions/BASE_150.md, docs/items/ITEM_LIST.md, docs/items/current-system/wall_base_150.md, docs/items/current-system/BASE_150.md, docs/items/current-system/base_top_157_50.md"
base_top_206_50,base_top_206_50,Baza Üstü 206 × 50 cm,base-top,LEAF_ITEMS,,,,,,,,,,,16777215,,50,,,,,,,1.8,,206,,sunta,,,200,,,,,,,,,adet,,,,,,,false,false,,,,,,,,,,,,,,,,,,,,,,,,,,false,,,,,,,,,,,,true,stand-edge,segment,physical,full,segment,0,standard,silhouette,0.38,module-silhouette,standard,50,[],wall,90,inherit,true,include,false,"""{""""minCm"""":0,""""maxCm"""":350}""",,false,false,false,false,false,,false,MODULE_STATE_FACTORIES içinde type yok: base-top,,,,,,,,,,,,,,,,,,,,,,,,,,,,,,,,,true,,1,base_top_206_50×1 adet,,,,,BASE_200 (base-200 ×1); wall_base_200 (base-wall-200 ×1 straight),,,,,,,,,,,,false,false,false,false,hayır,hayır,hayır,hayır,hayır,hayır,hayır,hayır,hayır,IndexedDB put(project) — alan şeması yok,doğrudan persist yok (parent BOM/recipe içinde),,docs/items/definitions/base_top_206_50.md,"src/items.js, src/moduleRecipes.js","test/moduleRecipes.test.js, test/boardMaterialItemContract.test.js, test/baseWallRecipes.test.js, test/baseTopsItemContract.test.js, test/baseRecipes.test.js, test/baseItemsContract.test.js, test/wallBaseItemsContract.test.js",,"docs/items/definitions/BASE_200.md, docs/items/definitions/base_top_206_50.md, docs/items/ITEM_LIST.md, docs/items/current-system/wall_base_200.md, docs/items/current-system/BASE_200.md, docs/items/current-system/base_top_206_50.md"
COAT_RACK,COAT_RACK,Askılık,coat-rack,COMMERCIAL_ITEMS,,,,,,,,,,,,,43,180,,,,,,,,43,,,coat_rack.glb,,,,,,,,,,,adet,,,,,,,true,true,Extra,43,,180,COAT_RACK,Askılık,coat_rack.glb,,,,,,,,,,,,coat-rack,adet,,,,,43,true,free-model-fixed,fixed,none,model,static,standalone,self,src/itemBom.js,,src/designState.js,project-state,true,stand-edge,none,physical,full,segment,0,standard,silhouette,0.38,module-silhouette,none,10,[],free,90,inherit,false,include,true,"""{""""minCm"""":0,""""maxCm"""":180}""",,false,false,false,false,false,createCoatRackModuleState,true,,"itemKey, type, widthCm, depthCm, heightCm",,,43,,,,180,,COAT_RACK,,,,,,,,,,,,,,,,,coat-rack,,,,,43,true,,1,COAT_RACK×1 adet,,,,,,,,,,,,,,,,createCoatRackModule,true,true,true,true,hayır,hayır,hayır,hayır,hayır,hayır,hayır,evet,evet,IndexedDB put(project) — alan şeması yok,project.modules[] factory state + placement,automatic-depot via contentCatalogKeys,docs/items/definitions/COAT_RACK.md,"src/moduleContracts.js, src/catalog.js, src/items.js, src/featureContracts.js, src/scene3d.js, src/autoDepot.js",test/coatRackModule.test.js,"e2e/commercial-items-contract.spec.mjs, e2e/free-props-collision-none.spec.mjs","docs/items/definitions/COAT_RACK.md, docs/items/ITEM_LIST.md, docs/items/inventory/ITEM_CAPABILITY_INVENTORY.md, docs/items/current-system/COAT_RACK.md, docs/assets/PUBLIC_MODEL_ATTRIBUTION.md"
KETTLE,KETTLE,Kettle,kettle,COMMERCIAL_ITEMS,,,,,,,,,,,,,19,25,,,,,,,,24,,,kettle.glb,,,,,,,,,,,adet,,,,,,,true,true,Extra,19,,25,KETTLE,Kettle,kettle.glb,,,,,,,,,,,,kettle,adet,,,,,24,true,free-model-fixed,fixed,none,model,static,standalone,self,src/itemBom.js,,src/designState.js,project-state,true,stand-edge,none,physical,full,segment,0,standard,silhouette,0.38,module-silhouette,none,10,"""[""""mini-fridge""""]""",free,90,inherit,false,include,true,"""{""""minCm"""":0,""""maxCm"""":25}""",,false,false,false,false,false,createKettleModuleState,true,,"itemKey, type, widthCm, depthCm, heightCm",,,19,,,,25,,KETTLE,,,,,,,,,,,,,,,,,kettle,,,,,24,true,,1,KETTLE×1 adet,,,,,,,,,,,,,,,,createKettleModule,true,true,true,true,hayır,hayır,hayır,hayır,hayır,hayır,hayır,evet,evet,IndexedDB put(project) — alan şeması yok,project.modules[] factory state + placement,automatic-depot via contentCatalogKeys,docs/items/definitions/KETTLE.md,"src/moduleContracts.js, src/catalog.js, src/autoDepot.js, src/items.js, src/featureContracts.js, src/scene3d.js",test/kettle.test.js,e2e/commercial-items-contract.spec.mjs,"docs/items/definitions/KETTLE.md, docs/items/ITEM_LIST.md, docs/items/inventory/ITEM_CAPABILITY_INVENTORY.md, docs/assets/PUBLIC_MODEL_ATTRIBUTION.md, docs/items/current-system/KETTLE.md"
MINI_FRIDGE_AVANTI,MINI_FRIDGE_AVANTI,Mini Buzdolabı,mini-fridge,COMMERCIAL_ITEMS,,,,,,,,,,,,,50,66,,,,,,,,50,,,80s_avanti_mini_fridge.glb,,,,,,,,,,,adet,,,,,,,true,true,Extra,50,,66,MINI_FRIDGE_AVANTI,Mini Buzdolabı,80s_avanti_mini_fridge.glb,,,,,,,,,,,,mini-fridge,adet,,,,,50,true,free-model-fixed,fixed,none,model,static,standalone,self,src/itemBom.js,,src/designState.js,project-state,true,stand-edge,none,physical,full,segment,0,standard,silhouette,0.38,module-silhouette,none,10,"""[""""kettle""""]""",free,90,inherit,false,include,true,"""{""""minCm"""":0,""""maxCm"""":66}""",,false,false,false,false,false,createMiniFridgeModuleState,true,,"itemKey, type, widthCm, depthCm, heightCm",,,50,,,,66,,MINI_FRIDGE_AVANTI,,,,,,,,,,,,,,,,,mini-fridge,,,,,50,true,,1,MINI_FRIDGE_AVANTI×1 adet,,,,,,,,,,,,,,,,createMiniFridgeModule,true,true,true,true,hayır,hayır,hayır,hayır,hayır,hayır,hayır,evet,evet,IndexedDB put(project) — alan şeması yok,project.modules[] factory state + placement,automatic-depot via contentCatalogKeys,docs/items/definitions/MINI_FRIDGE_AVANTI.md,"src/moduleContracts.js, src/catalog.js, src/items.js, src/featureContracts.js, src/scene3d.js, src/autoDepot.js",test/miniFridge.test.js,"e2e/f011-module-behavior.spec.mjs, e2e/invalid-placement-ghost.spec.mjs, e2e/mini-fridge-dimensions.spec.mjs, e2e/commercial-items-contract.spec.mjs, e2e/free-props-collision-none.spec.mjs","docs/items/definitions/MINI_FRIDGE_AVANTI.md, docs/items/inventory/ITEM_CAPABILITY_INVENTORY.md, docs/items/ITEM_LIST.md, docs/items/current-system/MINI_FRIDGE_AVANTI.md"
PLASTIC_TRASH_BIN,PLASTIC_TRASH_BIN,Çöp Kutusu,plastic-trash-bin,COMMERCIAL_ITEMS,,,,,,,,,,,,,40,60,,,,,,,,40,,,plastic_trash_bin.glb,0,,,,false,,,,,,adet,,,,,,-90,true,true,Extra,40,,60,PLASTIC_TRASH_BIN,Çöp Kutusu,plastic_trash_bin.glb,0,,,false,,,,,,,,plastic-trash-bin,adet,,,,-90,40,true,free-model-fixed,fixed,none,model,static,standalone,self,src/itemBom.js,,src/designState.js,project-state,true,stand-edge,none,physical,full,segment,0,standard,silhouette,0.38,module-silhouette,none,10,[],free,90,inherit,false,include,true,"""{""""minCm"""":0,""""maxCm"""":60}""",,false,false,false,false,false,createPlasticTrashBinModuleState,true,,"itemKey, type, widthCm, depthCm, heightCm, modelFile, modelRotationYDeg, visualRotationYDeg, preserveModelScale",,,40,,,,60,,PLASTIC_TRASH_BIN,plastic_trash_bin.glb,0,,,false,,,,,,,,,,,,plastic-trash-bin,,,-90,,40,true,,1,PLASTIC_TRASH_BIN×1 adet,,,,,,,,,,,,,,,,createIndoorPlantModule (type dalı plastic-trash-bin),true,true,true,true,hayır,hayır,hayır,hayır,hayır,hayır,hayır,evet,evet,IndexedDB put(project) — alan şeması yok,project.modules[] factory state + placement,automatic-depot via contentCatalogKeys,docs/items/definitions/PLASTIC_TRASH_BIN.md,"src/moduleContracts.js, src/catalog.js, src/items.js, src/featureContracts.js, src/moduleBehavior.js, src/autoDepot.js","test/plasticTrashBinTopLabel.test.js, test/plasticTrashBinModule.test.js, test/commercialItemsContract.test.js","e2e/commercial-items-contract.spec.mjs, e2e/plastic-trash-bin-module.spec.mjs","docs/items/definitions/PLASTIC_TRASH_BIN.md, docs/items/ITEM_LIST.md, docs/items/inventory/ITEM_CAPABILITY_INVENTORY.md, docs/items/current-system/PLASTIC_TRASH_BIN.md"
furniture_sofa_set_classic,furniture_sofa_set_classic,Koltuk Takımı,sofa-set-classic,FURNITURE_ITEMS,,,,"""[{""""itemKey"""":""""furniture_sofa_double_classic"""",""""quantity"""":1},{""""itemKey"""":""""furniture_sofa_single_classic"""",""""quantity"""":2},{""""itemKey"""":""""furniture_coffee_table_classic"""",""""quantity"""":1}]""",,,,,,,,,150,78,,,,,,,,150,,,,,,,,,,,,,,,,,,,,,true,true,Extra,150,,78,furniture_sofa_set_classic,Koltuk Takımı,,,,,,,,,,,,,sofa-set-classic,,,,,,150,true,free-model-color,editable,none,model,static,standalone,decision-required,,"Existing module has no canonical BOM policy yet; decide recipe, commercial-item, or explicit exclusion before Final BOM integration.",src/designState.js,project-state,true,wall-inner-face,footprint,physical,full,segment,0,standard,silhouette,0.38,module-silhouette,standard,10,[],free,90,inherit,false,include,true,"""{""""minCm"""":0,""""maxCm"""":78}""",,false,false,false,false,false,createBeigeSofaSetModuleState,true,,"itemKey, type, widthCm, depthCm, heightCm, surface",,,150,,,,78,,furniture_sofa_set_classic,,,,,,,,,,,,,,,,"""{""""id"""":""""surface-6310d0a3-5bfd-40ad-ac12-a453f07b9c82"""",""""color"""":""""#ffffff""""}""",sofa-set-classic,,,,,150,false,Missing canonical unit for leaf Item: furniture_sofa_set_classic.,,,,,,,,,,,,,,,,,,createBeigeSofaSetModule,true,true,true,true,evet,hayır,hayır,hayır,hayır,hayır,hayır,evet,evet,IndexedDB put(project) — alan şeması yok,project.modules[] factory state + placement,,docs/items/definitions/furniture_sofa_set_classic.md,"src/moduleContracts.js, src/catalog.js, src/items.js, src/scene3d.js","test/furnitureItemsContract.test.js, test/sofaClassicPiecesContract.test.js",e2e/furniture-items-contract.spec.mjs,"docs/items/definitions/furniture_sofa_single_classic.md, docs/items/definitions/furniture_sofa_set_classic.md, docs/items/ITEM_LIST.md, docs/items/definitions/furniture_coffee_table_classic.md, docs/items/definitions/furniture_sofa_double_classic.md, docs/items/inventory/ITEM_CAPABILITY_INVENTORY.md, docs/items/current-system/furniture_sofa_single_classic.md, docs/items/current-system/furniture_coffee_table_classic.md, docs/items/current-system/furniture_sofa_double_classic.md, docs/items/current-system/furniture_sofa_set_classic.md"
furniture_sofa_single_classic,furniture_sofa_single_classic,Tekli Koltuk,sofa-single-classic,FURNITURE_ITEMS,,,,,,,,,,,,,45,78,,,,,,,,65,,,,,,,,,,,,,,,,,,,,-135,true,true,Extra,45,,78,furniture_sofa_single_classic,Tekli Koltuk,,,,,,,,,,,,,sofa-single-classic,,,,,,65,true,free-model-color,editable,none,model,static,standalone,decision-required,,"Existing module has no canonical BOM policy yet; decide recipe, commercial-item, or explicit exclusion before Final BOM integration.",src/designState.js,project-state,true,stand-edge,none,physical,full,segment,0,standard,silhouette,0.38,module-silhouette,none,10,[],free,45,inherit,false,include,true,"""{""""minCm"""":0,""""maxCm"""":78}""",,false,false,false,false,false,createSofaSingleClassicModuleState,true,,"itemKey, type, widthCm, depthCm, heightCm, surface, visualRotationYDeg",,,45,,,,78,,furniture_sofa_single_classic,,,,,,,,,,,,,,,,"""{""""id"""":""""surface-ea279e09-7e07-437d-af11-7af78db2df4c"""",""""color"""":""""#ffffff""""}""",sofa-single-classic,,,-135,,65,false,Missing canonical unit for leaf Item: furniture_sofa_single_classic.,,,,,,,,,,furniture_sofa_set_classic ×2,,,,,,,,createSofaSingleClassicModule,true,true,true,true,evet,hayır,hayır,hayır,hayır,hayır,hayır,evet,evet,IndexedDB put(project) — alan şeması yok,project.modules[] factory state + placement,,docs/items/definitions/furniture_sofa_single_classic.md,"src/moduleContracts.js, src/selectionFeedback.js, src/catalog.js, src/items.js, src/scene3d.js","test/sofaClassicPiecesContract.test.js, test/furnitureItemsContract.test.js",e2e/furniture-items-contract.spec.mjs,"docs/items/definitions/furniture_coffee_table_classic.md, docs/items/definitions/furniture_sofa_set_classic.md, docs/items/definitions/furniture_sofa_double_classic.md, docs/items/definitions/furniture_sofa_single_classic.md, docs/items/ITEM_LIST.md, docs/items/inventory/ITEM_CAPABILITY_INVENTORY.md, docs/items/current-system/furniture_sofa_single_classic.md"
furniture_sofa_double_classic,furniture_sofa_double_classic,Çiftli Koltuk,sofa-double-classic,FURNITURE_ITEMS,,,,,,,,,,,,,45,78,,,,,,,,150,,,,,,,,,,,,,,,,,,,,-45,true,true,Extra,45,,78,furniture_sofa_double_classic,Çiftli Koltuk,,,,,,,,,,,,,sofa-double-classic,,,,,,150,true,free-model-color,editable,none,model,static,standalone,decision-required,,"Existing module has no canonical BOM policy yet; decide recipe, commercial-item, or explicit exclusion before Final BOM integration.",src/designState.js,project-state,true,stand-edge,none,physical,full,segment,0,standard,silhouette,0.38,module-silhouette,none,10,[],free,90,inherit,false,include,true,"""{""""minCm"""":0,""""maxCm"""":78}""",,false,false,false,false,false,createSofaDoubleClassicModuleState,true,,"itemKey, type, widthCm, depthCm, heightCm, surface, visualRotationYDeg",,,45,,,,78,,furniture_sofa_double_classic,,,,,,,,,,,,,,,,"""{""""id"""":""""surface-92a24d19-dff9-4420-8dd1-7bbb653a8d7f"""",""""color"""":""""#ffffff""""}""",sofa-double-classic,,,-45,,150,false,Missing canonical unit for leaf Item: furniture_sofa_double_classic.,,,,,,,,,,furniture_sofa_set_classic ×1,,,,,,,,createSofaDoubleClassicModule,true,true,true,true,evet,hayır,hayır,hayır,hayır,hayır,hayır,evet,evet,IndexedDB put(project) — alan şeması yok,project.modules[] factory state + placement,,docs/items/definitions/furniture_sofa_double_classic.md,"src/moduleContracts.js, src/selectionFeedback.js, src/catalog.js, src/items.js, src/scene3d.js","test/furnitureItemsContract.test.js, test/sofaClassicPiecesContract.test.js",e2e/furniture-items-contract.spec.mjs,"docs/items/definitions/furniture_coffee_table_classic.md, docs/items/definitions/furniture_sofa_set_classic.md, docs/items/definitions/furniture_sofa_double_classic.md, docs/items/definitions/furniture_sofa_single_classic.md, docs/items/ITEM_LIST.md, docs/items/inventory/ITEM_CAPABILITY_INVENTORY.md, docs/items/current-system/furniture_sofa_double_classic.md"
furniture_coffee_table_classic,furniture_coffee_table_classic,Sehpa,coffee-table-classic,FURNITURE_ITEMS,,,,,,,,,,,,,42,38,,,,,,,,60,,,,,,,,,,,,,,,,,,,,,true,true,Extra,42,,38,furniture_coffee_table_classic,Sehpa,,,,,,,,,,,,,coffee-table-classic,,,,,,60,true,free-model-fixed,fixed,none,model,static,standalone,decision-required,,"Existing module has no canonical BOM policy yet; decide recipe, commercial-item, or explicit exclusion before Final BOM integration.",src/designState.js,project-state,true,stand-edge,none,physical,full,segment,0,standard,silhouette,0.38,module-silhouette,none,10,[],free,90,inherit,false,include,true,"""{""""minCm"""":0,""""maxCm"""":38}""",,false,false,false,false,false,createCoffeeTableClassicModuleState,true,,"itemKey, type, widthCm, depthCm, heightCm",,,42,,,,38,,furniture_coffee_table_classic,,,,,,,,,,,,,,,,,coffee-table-classic,,,,,60,false,Missing canonical unit for leaf Item: furniture_coffee_table_classic.,,,,,,,,,,furniture_sofa_set_classic ×1,,,,,,,,createCoffeeTableClassicModule,true,true,true,true,hayır,hayır,hayır,hayır,hayır,hayır,hayır,evet,evet,IndexedDB put(project) — alan şeması yok,project.modules[] factory state + placement,,docs/items/definitions/furniture_coffee_table_classic.md,"src/moduleContracts.js, src/catalog.js, src/items.js, src/scene3d.js","test/sofaClassicPiecesContract.test.js, test/furnitureItemsContract.test.js",e2e/furniture-items-contract.spec.mjs,"docs/items/definitions/furniture_coffee_table_classic.md, docs/items/definitions/furniture_sofa_set_classic.md, docs/items/definitions/furniture_sofa_double_classic.md, docs/items/definitions/furniture_sofa_single_classic.md, docs/items/ITEM_LIST.md, docs/items/inventory/ITEM_CAPABILITY_INVENTORY.md, docs/items/current-system/furniture_coffee_table_classic.md"
furniture_table_chair_set_eames,furniture_table_chair_set_eames,Eames Masa Sandalye Takımı,table-chair-set-eames,FURNITURE_ITEMS,,,,"""[{""""itemKey"""":""""glass_table"""",""""quantity"""":1},{""""itemKey"""":""""chair_eames"""",""""quantity"""":4}]""",,,,,,,,,150,82,,,,,,,,150,,,,,,,,,,,,,,,,,,,,,true,true,Extra,150,,82,furniture_table_chair_set_eames,Eames Masa Sandalye Takımı,,,,,,,,,,,,,table-chair-set-eames,,,,,,150,true,free-model-color,editable,none,model,static,standalone,decision-required,,"Existing module has no canonical BOM policy yet; decide recipe, commercial-item, or explicit exclusion before Final BOM integration.",src/designState.js,project-state,true,stand-edge,none,physical,full,segment,0,standard,silhouette,0.38,module-silhouette,none,10,[],free,90,inherit,false,include,true,"""{""""minCm"""":0,""""maxCm"""":82}""",,false,false,false,false,false,createEamesTableChairSetModuleState,true,,"itemKey, type, widthCm, depthCm, heightCm, surface, chairCount",,4,150,,,,82,,furniture_table_chair_set_eames,,,,,,,,,,,,,,,,"""{""""id"""":""""surface-80f90de9-6822-450a-a089-089af4889e45"""",""""color"""":""""#ffffff""""}""",table-chair-set-eames,,,,,150,false,Missing canonical unit for leaf Item: furniture_table_chair_set_eames.,,,,,,,,,,,,,,,,,,createEamesTableChairSetModule,true,true,true,true,evet,hayır,hayır,hayır,hayır,hayır,hayır,evet,evet,IndexedDB put(project) — alan şeması yok,project.modules[] factory state + placement,,docs/items/definitions/furniture_table_chair_set_eames.md,"src/moduleContracts.js, src/catalog.js, src/items.js","test/chairEamesContract.test.js, test/furnitureItemsContract.test.js, test/eamesTableChairSetContract.test.js",e2e/furniture-items-contract.spec.mjs,"docs/items/definitions/chair_eames.md, docs/items/definitions/furniture_table_chair_set_eames.md, docs/items/ITEM_LIST.md, docs/items/current-system/chair_eames.md, docs/items/current-system/glass_table.md, docs/items/current-system/furniture_table_chair_set_eames.md, docs/items/inventory/ITEM_CAPABILITY_INVENTORY.md"
chair_eames,chair_eames,Eames Sandalye,chair,FURNITURE_ITEMS,,,,,,,,,,,,,58,82,,,,,,,,46,,,,,,,,,,,,,,,,,,,,,true,true,Extra,58,,82,chair_eames,Eames Sandalye,,,,,,,,,,,,,chair,,,,,,46,true,free-model-color,editable,none,model,static,standalone,decision-required,,"Existing module has no canonical BOM policy yet; decide recipe, commercial-item, or explicit exclusion before Final BOM integration.",src/designState.js,project-state,true,stand-edge,none,physical,full,segment,0,standard,silhouette,0.38,module-silhouette,none,10,[],free,90,inherit,false,include,true,"""{""""minCm"""":0,""""maxCm"""":82}""",,false,false,false,false,false,createEamesChairModuleState,true,,"itemKey, type, widthCm, depthCm, heightCm, surface",,,58,,,,82,,chair_eames,,,,,,,,,,,,,,,,"""{""""id"""":""""surface-30d50536-2572-4a27-8590-1f9103771d31"""",""""color"""":""""#ffffff""""}""",chair,,,,,46,false,Missing canonical unit for leaf Item: chair_eames.,,,,,,,,,,furniture_table_chair_set_eames ×4,,,,,,,,createEamesChairModule,true,true,true,true,evet,hayır,hayır,hayır,hayır,hayır,hayır,evet,evet,IndexedDB put(project) — alan şeması yok,project.modules[] factory state + placement,,docs/items/definitions/chair_eames.md,"src/moduleContracts.js, src/catalog.js, src/items.js, src/scene3d.js, src/designState.js","test/furnitureItemsContract.test.js, test/chairEamesContract.test.js",e2e/furniture-items-contract.spec.mjs,"docs/items/ITEM_LIST.md, docs/items/inventory/ITEM_CAPABILITY_INVENTORY.md, docs/items/definitions/chair_eames.md, docs/items/current-system/chair_eames.md, docs/items/definitions/furniture_table_chair_set_eames.md"
glass_table,glass_table,Cam Masa,table-glass,FURNITURE_ITEMS,,,,,,,,,,,,,75,74,,,,,75,,,75,,,,,,,,,,,,,,,,,,,,,true,true,Extra,75,,74,glass_table,Cam Masa,,,,,,,,,,,,,table-glass,,,,,,75,true,free-model-fixed,fixed,none,model,static,standalone,decision-required,,"Existing module has no canonical BOM policy yet; decide recipe, commercial-item, or explicit exclusion before Final BOM integration.",src/designState.js,project-state,true,stand-edge,none,physical,full,segment,0,standard,silhouette,0.38,module-silhouette,none,10,[],free,90,inherit,false,include,true,"""{""""minCm"""":0,""""maxCm"""":74}""",,false,false,false,false,false,createGlassTableModuleState,true,,"itemKey, type, widthCm, depthCm, heightCm",,,75,,,,74,,glass_table,,,,,,,,,,,,,,,,,table-glass,,,,,75,false,Missing canonical unit for leaf Item: glass_table.,,,,,,,,,,furniture_table_chair_set_eames ×1,,,,,,,,createGlassTableModule,true,true,true,true,hayır,hayır,hayır,hayır,hayır,hayır,hayır,evet,evet,IndexedDB put(project) — alan şeması yok,project.modules[] factory state + placement,,docs/items/definitions/glass_table.md,"src/moduleContracts.js, src/catalog.js, src/items.js, src/scene3d.js","test/chairEamesContract.test.js, test/glassTableContract.test.js, test/furnitureItemsContract.test.js",e2e/furniture-items-contract.spec.mjs,"docs/items/definitions/chair_eames.md, docs/items/definitions/furniture_coffee_table_classic.md, docs/items/definitions/glass_table.md, docs/items/definitions/furniture_table_chair_set_eames.md, docs/items/ITEM_LIST.md, docs/items/inventory/ITEM_CAPABILITY_INVENTORY.md, docs/items/current-system/furniture_coffee_table_classic.md, docs/items/current-system/glass_table.md"
furniture_bar_stool_classic,furniture_bar_stool_classic,Bar Taburesi,bar-stool,FURNITURE_ITEMS,,,,,,,,,,,,,55,121,,,,,,,,60,,,,,,,,,,,,,,,,,,,,,true,true,Extra,55,,121,furniture_bar_stool_classic,Bar Taburesi,,,,,,,,,,,,,bar-stool,,,,,,60,true,free-model-color,editable,none,model,static,standalone,decision-required,,"Existing module has no canonical BOM policy yet; decide recipe, commercial-item, or explicit exclusion before Final BOM integration.",src/designState.js,project-state,true,stand-edge,none,physical,full,segment,270,standard,silhouette,0.38,module-silhouette,none,10,[],free,45,default,false,include,true,"""{""""minCm"""":0,""""maxCm"""":121}""",,false,false,false,false,false,createBarStoolModuleState,true,,"itemKey, type, widthCm, depthCm, heightCm, surface",,,55,,,,121,,furniture_bar_stool_classic,,,,,,,,,,,,,,,,"""{""""id"""":""""surface-f6895e9f-2b2e-4caf-8377-156b553af505"""",""""color"""":""""#ffffff""""}""",bar-stool,,,,,60,false,Missing canonical unit for leaf Item: furniture_bar_stool_classic.,,,,,,,,,,,,,,,,,,createBarStoolModule,true,true,true,true,evet,hayır,hayır,hayır,hayır,hayır,hayır,evet,evet,IndexedDB put(project) — alan şeması yok,project.modules[] factory state + placement,,docs/items/definitions/furniture_bar_stool_classic.md,"src/moduleContracts.js, src/catalog.js, src/items.js","test/furnitureItemsContract.test.js, test/barStool2.test.js",e2e/furniture-items-contract.spec.mjs,"docs/items/definitions/furniture_bar_stool_classic.md, docs/items/ITEM_LIST.md, docs/items/current-system/furniture_bar_stool_classic.md"
EXTRA_INDOOR_PLANT_1,EXTRA_INDOOR_PLANT_1,Yapay Çiçek 1,indoor-plant-1,INDOOR_PLANT_ITEMS,,,,,,,,,,,,,60,120,,,,,,,,60,,,,0,,,,false,,,,,,,,,,,,,true,true,Extra,60,,120,EXTRA_INDOOR_PLANT_1,Yapay Çiçek 1,,0,,,false,,,,,,,,indoor-plant-1,,,,,,60,true,free-model-fixed,fixed,none,model,static,standalone,decision-required,,"Existing module has no canonical BOM policy yet; decide recipe, commercial-item, or explicit exclusion before Final BOM integration.",src/designState.js,project-state,true,stand-edge,footprint,physical,full,segment,0,thin-wall-endpoint,silhouette,0.38,module-silhouette,standard,10,[],free,90,inherit,false,include,true,"""{""""minCm"""":0,""""maxCm"""":120}""",,false,false,false,false,false,createIndoorPlantModuleState,true,,"itemKey, type, widthCm, depthCm, heightCm, modelFile, modelRotationYDeg, preserveModelScale",,,60,,,,120,,EXTRA_INDOOR_PLANT_1,indoor_plants.glb,0,,,false,,,,,,,,,,,,indoor-plant-1,,,,,60,false,Missing canonical unit for leaf Item: EXTRA_INDOOR_PLANT_1.,,,,,,,,,,,,,,,,,,createIndoorPlantModule,true,true,true,true,hayır,hayır,hayır,hayır,hayır,hayır,hayır,evet,evet,IndexedDB put(project) — alan şeması yok,project.modules[] factory state + placement,,docs/items/definitions/EXTRA_INDOOR_PLANT_1.md,"src/moduleContracts.js, src/catalog.js, src/items.js, src/designState.js","test/indoorPlants.test.js, test/indoorPlantItemsContract.test.js",e2e/indoor-plant-items-contract.spec.mjs,"docs/items/definitions/EXTRA_INDOOR_PLANT_1.md, docs/items/ITEM_LIST.md, docs/items/inventory/ITEM_CAPABILITY_INVENTORY.md, docs/items/current-system/EXTRA_INDOOR_PLANT_1.md"
EXTRA_LONG_PLANTER_100,EXTRA_LONG_PLANTER_100,Uzun Saksı 100,indoor-plant-1,INDOOR_PLANT_ITEMS,,,,,,,,,,,,,30,30,,,,,,,,100,,,saksi_bitkili_100x30x30.glb,90,,,,true,,,,,,,,,,,,,true,true,Extra,30,,30,EXTRA_LONG_PLANTER_100,Uzun Saksı 100,saksi_bitkili_100x30x30.glb,90,,,true,,,,,,,,indoor-plant-1,,,,,,100,true,free-model-color,editable,none,model,static,standalone,decision-required,,"Existing module has no canonical BOM policy yet; decide recipe, commercial-item, or explicit exclusion before Final BOM integration.",src/designState.js,project-state,true,stand-edge,footprint,physical,full,segment,0,thin-wall-endpoint,silhouette,0.38,module-silhouette,standard,10,[],free,90,inherit,false,include,true,"""{""""minCm"""":0,""""maxCm"""":30}""",,false,false,false,false,false,createIndoorPlantModuleState,true,,"itemKey, type, widthCm, depthCm, heightCm, modelFile, modelRotationYDeg, preserveModelScale, surface",,,30,,,,30,,EXTRA_LONG_PLANTER_100,saksi_bitkili_100x30x30.glb,90,,,true,,,,,,,,,,,"""{""""id"""":""""surface-7a7e3f48-e516-45cf-88a3-bcf155211e47"""",""""color"""":""""#ffffff""""}""",indoor-plant-1,,,,,100,false,Missing canonical unit for leaf Item: EXTRA_LONG_PLANTER_100.,,,,,,,,,,,,,,,,,,createIndoorPlantModule,true,true,true,true,evet,hayır,hayır,hayır,hayır,hayır,hayır,evet,evet,IndexedDB put(project) — alan şeması yok,project.modules[] factory state + placement,,docs/items/definitions/EXTRA_LONG_PLANTER_100.md,"src/moduleContracts.js, src/catalog.js, src/items.js",test/indoorPlantItemsContract.test.js,e2e/indoor-plant-items-contract.spec.mjs,"docs/items/definitions/EXTRA_LONG_PLANTER_100.md, docs/items/ITEM_LIST.md, docs/items/current-system/EXTRA_LONG_PLANTER_100.md"
EXTRA_LONG_PLANTER_150,EXTRA_LONG_PLANTER_150,Uzun Saksı 150,indoor-plant-1,INDOOR_PLANT_ITEMS,,,,,,,,,,,,,30,30,,,,,,,,150,,,saksi_bitkili_150x30x30.glb,90,,,,true,,,,,,,,,,,,,true,true,Extra,30,,30,EXTRA_LONG_PLANTER_150,Uzun Saksı 150,saksi_bitkili_150x30x30.glb,90,,,true,,,,,,,,indoor-plant-1,,,,,,150,true,free-model-color,editable,none,model,static,standalone,decision-required,,"Existing module has no canonical BOM policy yet; decide recipe, commercial-item, or explicit exclusion before Final BOM integration.",src/designState.js,project-state,true,stand-edge,footprint,physical,full,segment,0,thin-wall-endpoint,silhouette,0.38,module-silhouette,standard,10,[],free,90,inherit,false,include,true,"""{""""minCm"""":0,""""maxCm"""":30}""",,false,false,false,false,false,createIndoorPlantModuleState,true,,"itemKey, type, widthCm, depthCm, heightCm, modelFile, modelRotationYDeg, preserveModelScale, surface",,,30,,,,30,,EXTRA_LONG_PLANTER_150,saksi_bitkili_150x30x30.glb,90,,,true,,,,,,,,,,,"""{""""id"""":""""surface-1b3d82c6-8ab1-4fd0-a32e-2c043427af7a"""",""""color"""":""""#ffffff""""}""",indoor-plant-1,,,,,150,false,Missing canonical unit for leaf Item: EXTRA_LONG_PLANTER_150.,,,,,,,,,,,,,,,,,,createIndoorPlantModule,true,true,true,true,evet,hayır,hayır,hayır,hayır,hayır,hayır,evet,evet,IndexedDB put(project) — alan şeması yok,project.modules[] factory state + placement,,docs/items/definitions/EXTRA_LONG_PLANTER_150.md,"src/moduleContracts.js, src/catalog.js, src/items.js",test/indoorPlantItemsContract.test.js,e2e/indoor-plant-items-contract.spec.mjs,"docs/items/definitions/EXTRA_LONG_PLANTER_150.md, docs/items/ITEM_LIST.md, docs/items/current-system/EXTRA_LONG_PLANTER_150.md"
EXTRA_LONG_PLANTER_200,EXTRA_LONG_PLANTER_200,Uzun Saksı 200,indoor-plant-1,INDOOR_PLANT_ITEMS,,,,,,,,,,,,,30,30,,,,,,,,200,,,saksi_bitkili_200x30x30.glb,90,,,,true,,,,,,,,,,,,,true,true,Extra,30,,30,EXTRA_LONG_PLANTER_200,Uzun Saksı 200,saksi_bitkili_200x30x30.glb,90,,,true,,,,,,,,indoor-plant-1,,,,,,200,true,free-model-color,editable,none,model,static,standalone,decision-required,,"Existing module has no canonical BOM policy yet; decide recipe, commercial-item, or explicit exclusion before Final BOM integration.",src/designState.js,project-state,true,stand-edge,footprint,physical,full,segment,0,thin-wall-endpoint,silhouette,0.38,module-silhouette,standard,10,[],free,90,inherit,false,include,true,"""{""""minCm"""":0,""""maxCm"""":30}""",,false,false,false,false,false,createIndoorPlantModuleState,true,,"itemKey, type, widthCm, depthCm, heightCm, modelFile, modelRotationYDeg, preserveModelScale, surface",,,30,,,,30,,EXTRA_LONG_PLANTER_200,saksi_bitkili_200x30x30.glb,90,,,true,,,,,,,,,,,"""{""""id"""":""""surface-42a67e71-1fa5-4eec-8e6e-ad96f05c01e5"""",""""color"""":""""#ffffff""""}""",indoor-plant-1,,,,,200,false,Missing canonical unit for leaf Item: EXTRA_LONG_PLANTER_200.,,,,,,,,,,,,,,,,,,createIndoorPlantModule,true,true,true,true,evet,hayır,hayır,hayır,hayır,hayır,hayır,evet,evet,IndexedDB put(project) — alan şeması yok,project.modules[] factory state + placement,,docs/items/definitions/EXTRA_LONG_PLANTER_200.md,"src/moduleContracts.js, src/catalog.js, src/items.js",test/indoorPlantItemsContract.test.js,e2e/indoor-plant-items-contract.spec.mjs,"docs/items/definitions/EXTRA_LONG_PLANTER_200.md, docs/items/ITEM_LIST.md, docs/items/current-system/EXTRA_LONG_PLANTER_200.md"
TV_42,TV_42,"""TV 42""""""",tv,WALL_MEDIA_ITEMS,,,,,,,,,,,,350,5,,,,52.3,93,,,,93,,,,,,,,,,,42,,,,,,,,,,true,true,Elektronik & Aydınlatma,5,,350,TV_42,"""TV 42""""""",,,,,,52.3,93,,,42,,,tv,,,,,,93,true,wall-media,fixed,renderer-managed,specialized-media,static,standalone,decision-required,,"Existing module has no canonical BOM policy yet; decide recipe, commercial-item, or explicit exclusion before Final BOM integration.",src/designState.js,project-state,false,stand-edge,none,physical,full,segment,0,standard,silhouette,0.38,module-silhouette,none,10,[],wall-overlay,90,inherit,false,include,true,"""{""""minCm"""":0,""""maxCm"""":350}""",,false,false,false,false,false,createTvModuleState,true,,"itemKey, type, widthCm, depthCm, heightCm, sizeInch, screenWidthCm, screenHeightCm, videoWallRows, videoWallCols, panelScreenWidthCm, panelScreenHeightCm",,,5,,,,52.3,,TV_42,,,52.3,93,,52.3,93,,,,42,,,,,,tv,1,1,,,93,false,Missing canonical unit for leaf Item: TV_42.,,,,,,,,,,,,93,93,52.3,1,1,,createTvModule,true,true,false,false,hayır,hayır (kullanıcı atamaz),hayır,hayır,hayır,hayır,hayır,evet,evet,IndexedDB put(project) — alan şeması yok,project.modules[] factory state + placement,,docs/items/definitions/TV_42.md,"src/moduleContracts.js, src/designState.js, src/catalog.js, src/items.js","test/wallMediaItemsContract.test.js, test/tv42Module.test.js",e2e/wall-media-items-contract.spec.mjs,"docs/items/definitions/TV_42.md, docs/items/ITEM_LIST.md, docs/items/inventory/ITEM_CAPABILITY_INVENTORY.md, docs/items/contract/ITEM_CONTRACT_CHECKLIST.md, docs/items/current-system/TV_42.md, docs/items/contract/ITEM_CONTRACT.md"
TV_55,TV_55,"""TV 55""""""",tv,WALL_MEDIA_ITEMS,,,,,,,,,,,,350,5,,,,68.5,121.8,,,,121.8,,,,,,,,,,,55,,,,,,,,,,true,true,Elektronik & Aydınlatma,5,,350,TV_55,"""TV 55""""""",,,,,,68.5,121.8,,,55,,,tv,,,,,,121.8,true,wall-media,fixed,renderer-managed,specialized-media,static,standalone,decision-required,,"Existing module has no canonical BOM policy yet; decide recipe, commercial-item, or explicit exclusion before Final BOM integration.",src/designState.js,project-state,false,stand-edge,none,physical,full,segment,0,standard,silhouette,0.38,module-silhouette,none,10,[],wall-overlay,90,inherit,false,include,true,"""{""""minCm"""":0,""""maxCm"""":350}""",,false,false,false,false,false,createTvModuleState,true,,"itemKey, type, widthCm, depthCm, heightCm, sizeInch, screenWidthCm, screenHeightCm, videoWallRows, videoWallCols, panelScreenWidthCm, panelScreenHeightCm",,,5,,,,68.5,,TV_55,,,68.5,121.8,,68.5,121.8,,,,55,,,,,,tv,1,1,,,121.8,false,Missing canonical unit for leaf Item: TV_55.,,,,,,,,,,,,121.8,121.8,68.5,1,1,,createTvModule,true,true,false,false,hayır,hayır (kullanıcı atamaz),hayır,hayır,hayır,hayır,hayır,evet,evet,IndexedDB put(project) — alan şeması yok,project.modules[] factory state + placement,,docs/items/definitions/TV_55.md,"src/moduleContracts.js, src/catalog.js, src/items.js, src/designState.js","test/wallMediaItemsContract.test.js, test/tv42Module.test.js",e2e/wall-media-items-contract.spec.mjs,"docs/items/definitions/TV_55.md, docs/items/ITEM_LIST.md, docs/items/definitions/VIDEO_WALL_3X3.md, docs/items/inventory/ITEM_CAPABILITY_INVENTORY.md, docs/items/definitions/VIDEO_WALL_2X2.md, docs/items/current-system/TV_55.md, docs/items/current-system/VIDEO_WALL_2X2.md, docs/items/current-system/VIDEO_WALL_3X3.md"
TV_65,TV_65,"""TV 65""""""",tv,WALL_MEDIA_ITEMS,,,,,,,,,,,,350,5,,,,80.9,143.9,,,,143.9,,,,,,,,,,,65,,,,,,,,,,true,true,Elektronik & Aydınlatma,5,,350,TV_65,"""TV 65""""""",,,,,,80.9,143.9,,,65,,,tv,,,,,,143.9,true,wall-media,fixed,renderer-managed,specialized-media,static,standalone,decision-required,,"Existing module has no canonical BOM policy yet; decide recipe, commercial-item, or explicit exclusion before Final BOM integration.",src/designState.js,project-state,false,stand-edge,none,physical,full,segment,0,standard,silhouette,0.38,module-silhouette,none,10,[],wall-overlay,90,inherit,false,include,true,"""{""""minCm"""":0,""""maxCm"""":350}""",,false,false,false,false,false,createTvModuleState,true,,"itemKey, type, widthCm, depthCm, heightCm, sizeInch, screenWidthCm, screenHeightCm, videoWallRows, videoWallCols, panelScreenWidthCm, panelScreenHeightCm",,,5,,,,80.9,,TV_65,,,80.9,143.9,,80.9,143.9,,,,65,,,,,,tv,1,1,,,143.9,false,Missing canonical unit for leaf Item: TV_65.,,,,,,,,,,,,143.9,143.9,80.9,1,1,,createTvModule,true,true,false,false,hayır,hayır (kullanıcı atamaz),hayır,hayır,hayır,hayır,hayır,evet,evet,IndexedDB put(project) — alan şeması yok,project.modules[] factory state + placement,,docs/items/definitions/TV_65.md,"src/designState.js, src/moduleContracts.js, src/catalog.js, src/items.js","test/wallMediaItemsContract.test.js, test/tv42Module.test.js",e2e/wall-media-items-contract.spec.mjs,"docs/items/definitions/TV_65.md, docs/items/ITEM_LIST.md, docs/items/inventory/ITEM_CAPABILITY_INVENTORY.md, docs/items/current-system/TV_65.md"
VIDEO_WALL_2X2,VIDEO_WALL_2X2,Video Wall 2×2,tv,WALL_MEDIA_ITEMS,,,,,,,,,,,,,5,,,,,,,,,,,,,,,,,,,,55,,,,,2,61,108.5,2,,true,true,Elektronik & Aydınlatma,5,,122,VIDEO_WALL_2X2,Video Wall 2×2,,,61,108.5,,122,217,,,55,,,tv,,,2,2,,217,true,wall-media,fixed,renderer-managed,specialized-media,static,standalone,decision-required,,"Existing module has no canonical BOM policy yet; decide recipe, commercial-item, or explicit exclusion before Final BOM integration.",src/designState.js,project-state,false,stand-edge,none,physical,full,segment,0,standard,silhouette,0.38,module-silhouette,none,10,[],wall-overlay,90,inherit,false,include,true,"""{""""minCm"""":0,""""maxCm"""":350}""",,false,false,false,false,false,createTvModuleState,true,,"itemKey, type, widthCm, depthCm, heightCm, sizeInch, screenWidthCm, screenHeightCm, videoWallRows, videoWallCols, panelScreenWidthCm, panelScreenHeightCm",,,5,,,,122,,VIDEO_WALL_2X2,,,61,108.5,,122,217,,,,55,,,,,,tv,2,2,,,217,false,Missing canonical unit for leaf Item: VIDEO_WALL_2X2.,,,,,,,,,,,,217,217,122,2,2,,createTvModule,true,true,false,false,hayır,hayır (kullanıcı atamaz),hayır,hayır,hayır,hayır,hayır,evet,evet,IndexedDB put(project) — alan şeması yok,project.modules[] factory state + placement,,docs/items/definitions/VIDEO_WALL_2X2.md,"src/moduleContracts.js, src/catalog.js, src/items.js",test/wallMediaItemsContract.test.js,e2e/wall-media-items-contract.spec.mjs,"docs/items/definitions/VIDEO_WALL_2X2.md, docs/items/ITEM_LIST.md, docs/items/inventory/ITEM_CAPABILITY_INVENTORY.md, docs/items/current-system/VIDEO_WALL_2X2.md"
VIDEO_WALL_3X3,VIDEO_WALL_3X3,Video Wall 3×3,tv,WALL_MEDIA_ITEMS,,,,,,,,,,,,,5,,,,,,,,,,,,,,,,,,,,55,,,,,3,61,108.5,3,,true,true,Elektronik & Aydınlatma,5,,183,VIDEO_WALL_3X3,Video Wall 3×3,,,61,108.5,,183,325.5,,,55,,,tv,,,3,3,,325.5,true,wall-media,fixed,renderer-managed,specialized-media,static,standalone,decision-required,,"Existing module has no canonical BOM policy yet; decide recipe, commercial-item, or explicit exclusion before Final BOM integration.",src/designState.js,project-state,false,stand-edge,none,physical,full,segment,0,standard,silhouette,0.38,module-silhouette,none,10,[],wall-overlay,90,inherit,false,include,true,"""{""""minCm"""":0,""""maxCm"""":350}""",,false,false,false,false,false,createTvModuleState,true,,"itemKey, type, widthCm, depthCm, heightCm, sizeInch, screenWidthCm, screenHeightCm, videoWallRows, videoWallCols, panelScreenWidthCm, panelScreenHeightCm",,,5,,,,183,,VIDEO_WALL_3X3,,,61,108.5,,183,325.5,,,,55,,,,,,tv,3,3,,,325.5,false,Missing canonical unit for leaf Item: VIDEO_WALL_3X3.,,,,,,,,,,,,325.5,325.5,183,3,3,,createTvModule,true,true,false,false,hayır,hayır (kullanıcı atamaz),hayır,hayır,hayır,hayır,hayır,evet,evet,IndexedDB put(project) — alan şeması yok,project.modules[] factory state + placement,,docs/items/definitions/VIDEO_WALL_3X3.md,"src/moduleContracts.js, src/catalog.js, src/items.js",test/wallMediaItemsContract.test.js,e2e/wall-media-items-contract.spec.mjs,"docs/items/ITEM_LIST.md, docs/items/inventory/ITEM_CAPABILITY_INVENTORY.md, docs/items/definitions/VIDEO_WALL_3X3.md, docs/items/current-system/VIDEO_WALL_3X3.md"
led_floodlight,led_floodlight,LED Projektör,led-floodlight,TOP_LIGHT_ITEMS,,,,,,,,,,,,,20,35,,350,,,,,,50,,,,,,,,,,,,,,,,,,,,,true,true,Elektronik & Aydınlatma,20,,35,led_floodlight,LED Projektör,,,,,,,,,,,,,led-floodlight,,,,,,50,true,top-light,state-backed,none,procedural,static,standalone,decision-required,,"Existing module has no canonical BOM policy yet; decide recipe, commercial-item, or explicit exclusion before Final BOM integration.",src/designState.js,project-state,true,stand-edge,none,physical,full,segment,0,standard,silhouette,0.38,module-silhouette,none,20,[],top,90,inherit,false,exclude,true,"""{""""minCm"""":0,""""maxCm"""":35}""",,false,false,false,false,false,createLedFloodlightModuleState,true,,"itemKey, type, widthCm, depthCm, heightCm, surface",,,20,,,,35,,led_floodlight,,,,,,,,,,,,,,,,"""{""""id"""":""""surface-2ad35b93-2c4a-4721-95b8-437ba3c44cd7"""",""""color"""":""""#17191c""""}""",led-floodlight,,,,,50,false,Missing canonical unit for leaf Item: led_floodlight.,,,,,,,,,,,,,,,,,,createLedFloodlightModule,true,true,true,true,evet,hayır,hayır,hayır,hayır,hayır,hayır,evet,evet,IndexedDB put(project) — alan şeması yok,project.modules[] factory state + placement,,docs/items/definitions/led_floodlight.md,"src/moduleContracts.js, src/selectionFeedback.js, src/catalog.js, src/items.js, src/scene3d.js","test/lightingItemsContract.test.js, test/ledFloodlightModule.test.js",e2e/lighting-items-contract.spec.mjs,"docs/items/definitions/led_floodlight.md, docs/items/ITEM_LIST.md, docs/items/inventory/ITEM_CAPABILITY_INVENTORY.md, docs/items/current-system/LED_FLOODLIGHT.md"
illuminated-foam,illuminated-foam,Işıklı Strafor / Logo,illuminated-foam,NON_CATALOG_ITEMS,,,,,,,,,,,,,3.5,50,,,,,,,1.5,200,,,,,,,,,,,,,,,,,,,,,false,false,,,,,,,,,,,,,,,,,,,,,,,,,,true,wall-overlay-image,halo-only,required,specialized-overlay,static,standalone,decision-required,,"Existing module has no canonical BOM policy yet; decide recipe, commercial-item, or explicit exclusion before Final BOM integration.",src/designState.js,project-state,false,stand-edge,none,physical,full,segment,0,standard,silhouette,0.38,module-silhouette,none,10,[],wall-overlay,90,inherit,false,include,true,"""{""""minCm"""":0,""""maxCm"""":50}""",,false,false,false,false,false,createIlluminatedFoamModuleState,true,,"itemKey, type, imageAssetId, widthCm, heightCm, depthCm, wallGapCm, haloColor",,,3.5,,,#ffffff,50,null,illuminated-foam,,,,,,,,,,,,,,,,,illuminated-foam,,,,1.5,200,false,Missing canonical unit for leaf Item: illuminated-foam.,,,,,,,,,,,,,,,,,,createIlluminatedFoamModule,false,true,false,false,evet (haloColor),evet (zorunlu imageAssetId),hayır,hayır,hayır,evet,hayır,evet,evet,IndexedDB put(project) — alan şeması yok,project.modules[] factory state + placement,,docs/items/definitions/illuminated-foam.md,"src/moduleContextMenu.js, src/moduleBehavior.js, src/moduleContracts.js, src/main.js, src/selectionFeedback.js, src/scene3d.js, src/items.js, src/designState.js","test/illuminatedFoamInteraction.test.js, test/f028FeatureReset.test.js, test/illuminatedFoamModule.test.js, test/projectImportValidation.test.js, test/moduleStateConstructionRegistry.test.js, test/moduleRotationPolicy.test.js, test/systemDevelopmentContract.test.js, test/moduleContextAllowSideInsert.test.js, test/lightingItemsContract.test.js, test/selectionFeedback.test.js, test/systemModuleCatalogDoc.test.js","e2e/f028-reset-features.spec.mjs, e2e/lighting-items-contract.spec.mjs","docs/items/ITEM_LIST.md, docs/items/inventory/ITEM_CAPABILITY_INVENTORY.md, docs/items/current-system/wall_200.md, docs/items/definitions/illuminated-foam.md, docs/items/current-system/wall_100.md, docs/items/current-system/wall_150.md, docs/items/current-system/wall_50.md, docs/items/current-system/illuminated-foam.md, docs/items/ITEM_CONSOLIDATION_PLAN.md"
karolaj,karolaj,Karolaj,floor,FLOOR_ITEMS,,,,,,,,,,,#e9edf1,,100,,,,,,,,,100,,,,,,true,,,,,,,,,,,,,,,false,false,,,,,,,,,,,,,,,,,,,,,,,,,,false,,,,,,,,,,,,true,stand-edge,segment,physical,full,segment,0,standard,silhouette,0.38,module-silhouette,standard,50,[],wall,90,inherit,true,include,false,"""{""""minCm"""":0,""""maxCm"""":350}""",,false,false,false,false,false,,false,MODULE_STATE_FACTORIES içinde type yok: floor,,,,,,,,,,,,,,,,,,,,,,,,,,,,,,,,,false,Missing canonical unit for leaf Item: karolaj.,,,,,,,,,,,,,,,,,,,false,false,false,false,evet,hayır,hayır,hayır,hayır,hayır,evet,hayır,hayır,IndexedDB put(project) — alan şeması yok,stand.itemKey (eski floorType silinir),,docs/items/definitions/karolaj.md,"src/main.js, src/items.js, src/standStandardsCopy.js, src/scene3d.js","test/floorItemsContract.test.js, test/projectImportValidation.test.js",e2e/floor-items-contract.spec.mjs,"docs/items/definitions/karolaj.md, docs/items/ITEM_LIST.md, docs/items/inventory/ITEM_CAPABILITY_INVENTORY.md, docs/items/current-system/hali.md, docs/items/contract/ITEM_CONTRACT_CHECKLIST.md, docs/items/current-system/karolaj.md, docs/items/contract/ITEM_CONTRACT.md, docs/items/current-system/parke.md"
hali,hali,Halı,floor,FLOOR_ITEMS,,,,,,,,,,,#8b8f94,,,,,,,,,,,,,,,,,true,,,,,,,,,,,,,,,false,false,,,,,,,,,,,,,,,,,,,,,,,,,,false,,,,,,,,,,,,true,stand-edge,segment,physical,full,segment,0,standard,silhouette,0.38,module-silhouette,standard,50,[],wall,90,inherit,true,include,false,"""{""""minCm"""":0,""""maxCm"""":350}""",,false,false,false,false,false,,false,MODULE_STATE_FACTORIES içinde type yok: floor,,,,,,,,,,,,,,,,,,,,,,,,,,,,,,,,,false,Missing canonical unit for leaf Item: hali.,,,,,,,,,,,,,,,,,,,false,false,false,false,evet,hayır,hayır,hayır,hayır,hayır,evet,hayır,hayır,IndexedDB put(project) — alan şeması yok,stand.itemKey (eski floorType silinir),,docs/items/definitions/hali.md,"src/items.js, src/scene3d.js","test/selectionFeedback.test.js, test/floorItemsContract.test.js","e2e/floor-items-contract.spec.mjs, e2e/f020-save-before-project-actions.spec.mjs, e2e/f027-scene-reset.spec.mjs","docs/items/definitions/hali.md, docs/items/ITEM_LIST.md, docs/items/inventory/ITEM_CAPABILITY_INVENTORY.md, docs/items/current-system/wall_200.md, docs/items/contract/ITEM_CONTRACT_CHECKLIST.md, docs/items/current-system/karolaj.md, docs/items/current-system/parke.md, docs/items/current-system/hali.md"
parke-acik,parke-acik,Beyaz Meşe,floor,FLOOR_ITEMS,,,,,,,,,,,#e8dfd1,,16,,140,,,,,,,,,,,,,false,,,,,,,,,,,,,,,false,false,,,,,,,,,,,,,,,,,,,,,,,,,,false,,,,,,,,,,,,true,stand-edge,segment,physical,full,segment,0,standard,silhouette,0.38,module-silhouette,standard,50,[],wall,90,inherit,true,include,false,"""{""""minCm"""":0,""""maxCm"""":350}""",,false,false,false,false,false,,false,MODULE_STATE_FACTORIES içinde type yok: floor,,,,,,,,,,,,,,,,,,,,,,,,,,,,,,,,,false,Missing canonical unit for leaf Item: parke-acik.,,,,,,,,,,,,,,,,,,,false,false,false,false,hayır,hayır,hayır,hayır,hayır,hayır,evet,hayır,hayır,IndexedDB put(project) — alan şeması yok,stand.itemKey (eski floorType silinir),,docs/items/definitions/parke-acik.md,src/items.js,test/floorItemsContract.test.js,e2e/floor-items-contract.spec.mjs,"docs/items/definitions/parke-acik.md, docs/items/ITEM_LIST.md, docs/items/definitions/parke.md, docs/items/inventory/ITEM_CAPABILITY_INVENTORY.md, docs/items/current-system/karolaj.md, docs/items/current-system/parke.md, docs/items/current-system/hali.md"
parke-sari,parke-sari,Sarı Meşe,floor,FLOOR_ITEMS,,,,,,,,,,,#c4a480,,16,,140,,,,,,,,,,,,,false,,,,,,,,,,,,,,,false,false,,,,,,,,,,,,,,,,,,,,,,,,,,false,,,,,,,,,,,,true,stand-edge,segment,physical,full,segment,0,standard,silhouette,0.38,module-silhouette,standard,50,[],wall,90,inherit,true,include,false,"""{""""minCm"""":0,""""maxCm"""":350}""",,false,false,false,false,false,,false,MODULE_STATE_FACTORIES içinde type yok: floor,,,,,,,,,,,,,,,,,,,,,,,,,,,,,,,,,false,Missing canonical unit for leaf Item: parke-sari.,,,,,,,,,,,,,,,,,,,false,false,false,false,hayır,hayır,hayır,hayır,hayır,hayır,evet,hayır,hayır,IndexedDB put(project) — alan şeması yok,stand.itemKey (eski floorType silinir),,docs/items/definitions/parke-sari.md,src/items.js,test/floorItemsContract.test.js,e2e/floor-items-contract.spec.mjs,"docs/items/definitions/parke-sari.md, docs/items/definitions/parke.md, docs/items/ITEM_LIST.md, docs/items/inventory/ITEM_CAPABILITY_INVENTORY.md, docs/items/current-system/karolaj.md, docs/items/current-system/parke.md, docs/items/current-system/hali.md"
parke-beton,parke-beton,Beton Parke,floor,FLOOR_ITEMS,,,,,,,,,,,#625f58,,28,,112,,,,,,,,,,,,,false,,,,,,,,,,,,,,,false,false,,,,,,,,,,,,,,,,,,,,,,,,,,false,,,,,,,,,,,,true,stand-edge,segment,physical,full,segment,0,standard,silhouette,0.38,module-silhouette,standard,50,[],wall,90,inherit,true,include,false,"""{""""minCm"""":0,""""maxCm"""":350}""",,false,false,false,false,false,,false,MODULE_STATE_FACTORIES içinde type yok: floor,,,,,,,,,,,,,,,,,,,,,,,,,,,,,,,,,false,Missing canonical unit for leaf Item: parke-beton.,,,,,,,,,,,,,,,,,,,false,false,false,false,hayır,hayır,hayır,hayır,hayır,hayır,evet,hayır,hayır,IndexedDB put(project) — alan şeması yok,stand.itemKey (eski floorType silinir),,docs/items/definitions/parke-beton.md,"src/items.js, src/scene3d.js",test/floorItemsContract.test.js,e2e/floor-items-contract.spec.mjs,"docs/items/definitions/parke-beton.md, docs/items/definitions/parke.md, docs/items/ITEM_LIST.md, docs/items/inventory/ITEM_CAPABILITY_INVENTORY.md, docs/items/current-system/karolaj.md, docs/items/current-system/parke.md, docs/items/current-system/hali.md"
door_100,door_100,Depo Kapısı 100,door,COMPOSITE_ITEMS,,,,,recipe,door,100,,,,,,,,,,,,,,,100,,,,,,,,,,,,,,adet,,,,,,,true,true,Panel & Duvar,,,,door_100,Depo Kapısı 100,,,,,,,,,,,,,door,,,,,,100,true,wall-editable,editable,editable,procedural-or-specialized,static,standalone,recipe,src/moduleRecipes.js,,src/designState.js,project-state,true,stand-edge,segment,physical,full,segment,0,standard,silhouette,0.38,module-silhouette,standard,50,[],wall,90,inherit,true,include,true,"""{""""minCm"""":0,""""maxCm"""":350}""",,false,false,false,false,false,createDoorModuleState,true,,"itemKey, type, widthCm, strips, surface",,,,,,,,,door_100,,,,,,,,,,,,,,,"""[{""""id"""":""""surface-328d1b00-c56e-4b18-85a1-0b954a6236a4"""",""""stripIndex"""":4,""""color"""":""""#ffffff"""",""""imageAssetId"""":null,""""imageTransform"""":{""""mode"""":""""single"""",""""offsetX"""":0,""""offsetY"""":0,""""repeatX"""":1,""""repeatY"""":1,""""rotation"""":0}},{""""id"""":""""surface-d7d5ca97-6107-42fc-bfbe-107531816c3c"""",""""stripIndex"""":5,""""color"""":""""#ffffff"""",""""imageAssetId"""":null,""""imageTransform"""":{""""mode"""":""""single"""",""""offsetX"""":0,""""offsetY"""":0,""""repeatX"""":1,""""repeatY"""":1,""""rotation"""":0}},{""""id"""":""""surface-542141ad-72c8-46d5-91af-64fd1759e29c"""",""""stripIndex"""":6,""""color"""":""""#ffffff"""",""""imageAssetId"""":null,""""imageTransform"""":{""""mode"""":""""single"""",""""offsetX"""":0,""""offsetY"""":0,""""repeatX"""":1,""""repeatY"""":1,""""rotation"""":0}}]""","""{""""id"""":""""surface-a1976095-e734-44bf-953d-b95ba64eb389"""",""""itemKey"""":""""door_leaf_100"""",""""stripIndex"""":null,""""color"""":""""#ffffff"""",""""imageAssetId"""":null,""""imageTransform"""":{""""mode"""":""""single"""",""""offsetX"""":0,""""offsetY"""":0,""""repeatX"""":1,""""repeatY"""":1,""""rotation"""":0}}""",door,,,,,100,true,,6,profile_91×1 adet; upright_346_5×2 adet; panel_98×3 adet; connector_start×2 adet; connector_single×5 adet; door_leaf_100×1 adet,door-100,door,straight,panel_corner_92,,,,,,,,,,,,createDoorModule,true,true,true,true,evet (kanat + üst paneller),evet (kanat + üst paneller),evet (yalnız panel selectionMode),evet (yalnız panel selectionMode),hayır,hayır,hayır,evet,evet,IndexedDB put(project) — alan şeması yok,project.modules[] factory state + placement,automatic-depot via creates.kinds,docs/items/definitions/door_100.md,"src/moduleContracts.js, src/designState.js, src/rawBomDebug.js, src/catalog.js, src/items.js","test/doorCompositeItemContract.test.js, test/doorLeafItemContract.test.js, test/itemDocsRuntimeAlignment.test.js, test/moduleRecipes.test.js, test/moduleStateConstructionRegistry.test.js",e2e/f010-module-construction.spec.mjs,"docs/items/definitions/door_100.md, docs/items/definitions/door_leaf_100.md, docs/items/door_100_full_system_audit.md, docs/items/ITEM_LIST.md, docs/items/inventory/ITEM_CAPABILITY_INVENTORY.md, docs/items/current-system/door_100.md, docs/items/ITEM_CONSOLIDATION_PLAN.md, docs/items/current-system/door_leaf_100.md"
BASE_100,BASE_100,Baza 100,base,COMPOSITE_ITEMS,,,,,recipe,base,100,,,,,,50,50,,,,,,,,100,,,,,,,,,,,,,,,,,,,,,true,true,Banko & Baza,50,,50,BASE_100,Baza 100,,,,,,,,,,,,,base,,,,,,100,true,free-editable,editable,editable,procedural,static,standalone,recipe,src/moduleRecipes.js,,src/designState.js,project-state,true,stand-edge,footprint,physical,full,logical-fixture,0,standard,silhouette,0.38,module-silhouette,standard,50,[],free,90,inherit,false,include,true,"""{""""minCm"""":0,""""maxCm"""":50}""",,false,false,false,false,false,createBaseModuleState,true,,"itemKey, type, widthCm, depthCm, heightCm, faces",,,50,,"""{""""front"""":{""""id"""":""""surface-6e403697-af93-4bbf-9701-69c70dd839be"""",""""stripIndex"""":null,""""color"""":""""#ffffff"""",""""imageAssetId"""":null,""""imageTransform"""":{""""mode"""":""""single"""",""""offsetX"""":0,""""offsetY"""":0,""""repeatX"""":1,""""repeatY"""":1,""""rotation"""":0}},""""left"""":{""""id"""":""""surface-1181789e-a665-4d73-954a-b51851861bb1"""",""""stripIndex"""":null,""""color"""":""""#ffffff"""",""""imageAssetId"""":null,""""imageTransform"""":{""""mode"""":""""single"""",""""offsetX"""":0,""""offsetY"""":0,""""repeatX"""":1,""""repeatY"""":1,""""rotation"""":0}},""""right"""":{""""id"""":""""surface-fc22f10f-e9a6-4de9-9a18-14867ef572da"""",""""stripIndex"""":null,""""color"""":""""#ffffff"""",""""imageAssetId"""":null,""""imageTransform"""":{""""mode"""":""""single"""",""""offsetX"""":0,""""offsetY"""":0,""""repeatX"""":1,""""repeatY"""":1,""""rotation"""":0}}}""",,50,,BASE_100,,,,,,,,,,,,,,,,,base,,,,,100,true,,8,profile_91×4 adet; profile_41_5×4 adet; upright_49_5×4 adet; panel_98×2 adet; panel_48_5×2 adet; connector_start×8 adet; connector_single×8 adet; base_top_107_50×1 adet,base-100,base,,,,,,,,,,,,,,createBaseModule,true,true,true,true,evet,evet,hayır,hayır,hayır,hayır,hayır,evet,evet,IndexedDB put(project) — alan şeması yok,project.modules[] factory state + placement,,docs/items/definitions/BASE_100.md,"src/moduleContracts.js, src/catalog.js, src/items.js, src/designState.js","test/baseModule.test.js, test/baseItemsContract.test.js",e2e/base-items-contract.spec.mjs,"docs/items/definitions/BASE_100.md, docs/items/definitions/base_top_107_50.md, docs/items/ITEM_LIST.md, docs/items/current-system/BASE_100.md, docs/items/current-system/base_top_107_50.md"
BASE_150,BASE_150,Baza 150,base,COMPOSITE_ITEMS,,,,,recipe,base,150,,,,,,50,50,,,,,,,,150,,,,,,,,,,,,,,,,,,,,,true,true,Banko & Baza,50,,50,BASE_150,Baza 150,,,,,,,,,,,,,base,,,,,,150,true,free-editable,editable,editable,procedural,static,standalone,recipe,src/moduleRecipes.js,,src/designState.js,project-state,true,stand-edge,footprint,physical,full,logical-fixture,0,standard,silhouette,0.38,module-silhouette,standard,50,[],free,90,inherit,false,include,true,"""{""""minCm"""":0,""""maxCm"""":50}""",,false,false,false,false,false,createBaseModuleState,true,,"itemKey, type, widthCm, depthCm, heightCm, faces",,,50,,"""{""""front"""":{""""id"""":""""surface-0529eef8-2237-4775-b90f-cbf37ceedb5c"""",""""stripIndex"""":null,""""color"""":""""#ffffff"""",""""imageAssetId"""":null,""""imageTransform"""":{""""mode"""":""""single"""",""""offsetX"""":0,""""offsetY"""":0,""""repeatX"""":1,""""repeatY"""":1,""""rotation"""":0}},""""left"""":{""""id"""":""""surface-cdc69904-ba5e-4159-b540-75e90fcbc03a"""",""""stripIndex"""":null,""""color"""":""""#ffffff"""",""""imageAssetId"""":null,""""imageTransform"""":{""""mode"""":""""single"""",""""offsetX"""":0,""""offsetY"""":0,""""repeatX"""":1,""""repeatY"""":1,""""rotation"""":0}},""""right"""":{""""id"""":""""surface-53aee8c7-e2e9-4ce1-acba-6383923919b9"""",""""stripIndex"""":null,""""color"""":""""#ffffff"""",""""imageAssetId"""":null,""""imageTransform"""":{""""mode"""":""""single"""",""""offsetX"""":0,""""offsetY"""":0,""""repeatX"""":1,""""repeatY"""":1,""""rotation"""":0}}}""",,50,,BASE_150,,,,,,,,,,,,,,,,,base,,,,,150,true,,8,profile_140_5×4 adet; profile_41_5×4 adet; upright_49_5×4 adet; panel_147_5×2 adet; panel_48_5×2 adet; connector_start×8 adet; connector_single×8 adet; base_top_157_50×1 adet,base-150,base,,,,,,,,,,,,,,createBaseModule,true,true,true,true,evet,evet,hayır,hayır,hayır,hayır,hayır,evet,evet,IndexedDB put(project) — alan şeması yok,project.modules[] factory state + placement,,docs/items/definitions/BASE_150.md,"src/moduleContracts.js, src/catalog.js, src/items.js, src/designState.js","test/baseModule.test.js, test/baseItemsContract.test.js",e2e/base-items-contract.spec.mjs,"docs/items/definitions/base_top_157_50.md, docs/items/definitions/BASE_150.md, docs/items/ITEM_LIST.md, docs/items/current-system/base_top_157_50.md, docs/items/current-system/BASE_150.md"
BASE_200,BASE_200,Baza 200,base,COMPOSITE_ITEMS,,,,,recipe,base,200,,,,,,50,50,,,,,,,,200,,,,,,,,,,,,,,,,,,,,,true,true,Banko & Baza,50,,50,BASE_200,Baza 200,,,,,,,,,,,,,base,,,,,,200,true,free-editable,editable,editable,procedural,static,standalone,recipe,src/moduleRecipes.js,,src/designState.js,project-state,true,stand-edge,footprint,physical,full,logical-fixture,0,standard,silhouette,0.38,module-silhouette,standard,50,[],free,90,inherit,false,include,true,"""{""""minCm"""":0,""""maxCm"""":50}""",,false,false,false,false,false,createBaseModuleState,true,,"itemKey, type, widthCm, depthCm, heightCm, faces",,,50,,"""{""""front"""":{""""id"""":""""surface-934686e3-4009-46ef-83b0-03f245c7afdc"""",""""stripIndex"""":null,""""color"""":""""#ffffff"""",""""imageAssetId"""":null,""""imageTransform"""":{""""mode"""":""""single"""",""""offsetX"""":0,""""offsetY"""":0,""""repeatX"""":1,""""repeatY"""":1,""""rotation"""":0}},""""left"""":{""""id"""":""""surface-4e832987-7af2-412d-b4cd-feb7a820ef21"""",""""stripIndex"""":null,""""color"""":""""#ffffff"""",""""imageAssetId"""":null,""""imageTransform"""":{""""mode"""":""""single"""",""""offsetX"""":0,""""offsetY"""":0,""""repeatX"""":1,""""repeatY"""":1,""""rotation"""":0}},""""right"""":{""""id"""":""""surface-42dae1c0-900e-4d3b-a1ec-c01eda311ee4"""",""""stripIndex"""":null,""""color"""":""""#ffffff"""",""""imageAssetId"""":null,""""imageTransform"""":{""""mode"""":""""single"""",""""offsetX"""":0,""""offsetY"""":0,""""repeatX"""":1,""""repeatY"""":1,""""rotation"""":0}}}""",,50,,BASE_200,,,,,,,,,,,,,,,,,base,,,,,200,true,,8,profile_190×4 adet; profile_41_5×4 adet; upright_49_5×4 adet; panel_197×2 adet; panel_48_5×2 adet; connector_start×8 adet; connector_single×8 adet; base_top_206_50×1 adet,base-200,base,,,,,,,,,,,,,,createBaseModule,true,true,true,true,evet,evet,hayır,hayır,hayır,hayır,hayır,evet,evet,IndexedDB put(project) — alan şeması yok,project.modules[] factory state + placement,,docs/items/definitions/BASE_200.md,"src/moduleContracts.js, src/catalog.js, src/items.js, src/designState.js","test/baseModule.test.js, test/baseItemsContract.test.js",e2e/base-items-contract.spec.mjs,"docs/items/definitions/BASE_200.md, docs/items/definitions/base_top_206_50.md, docs/items/ITEM_LIST.md, docs/items/current-system/BASE_200.md, docs/items/current-system/base_top_206_50.md"
desk_banko_100,desk_banko_100,Banko 100,counter,COMPOSITE_ITEMS,,,,,recipe,counter,100,,,,,,50,100,,,,,,,,100,,,,,,,,,,,,,,,,,,,,,true,true,Banko & Baza,50,,100,desk_banko_100,Banko 100,,,,,,,,,,,,,counter,,,,,,100,true,free-editable,editable,editable,procedural,static,standalone,recipe,src/moduleRecipes.js,,src/designState.js,project-state,true,stand-edge,footprint,physical,full,logical-fixture,0,standard,silhouette,0.38,module-silhouette,standard,50,[],free,45,inherit,false,include,true,"""{""""minCm"""":0,""""maxCm"""":100}""",,false,false,false,false,false,createCounterModuleState,true,,"itemKey, type, shape, widthCm, depthCm, heightCm, faces",,,50,,"""{""""frontLower"""":{""""id"""":""""surface-c26cbbf6-e078-4647-b240-5fd14d13188c"""",""""stripIndex"""":null,""""color"""":""""#ffffff"""",""""imageAssetId"""":null,""""imageTransform"""":{""""mode"""":""""single"""",""""offsetX"""":0,""""offsetY"""":0,""""repeatX"""":1,""""repeatY"""":1,""""rotation"""":0}},""""frontUpper"""":{""""id"""":""""surface-0a4318c2-7aae-4018-9799-773a946808ee"""",""""stripIndex"""":null,""""color"""":""""#ffffff"""",""""imageAssetId"""":null,""""imageTransform"""":{""""mode"""":""""single"""",""""offsetX"""":0,""""offsetY"""":0,""""repeatX"""":1,""""repeatY"""":1,""""rotation"""":0}},""""leftLower"""":{""""id"""":""""surface-3081f7ae-a42f-4399-9f91-61ba90975fad"""",""""stripIndex"""":null,""""color"""":""""#ffffff"""",""""imageAssetId"""":null,""""imageTransform"""":{""""mode"""":""""single"""",""""offsetX"""":0,""""offsetY"""":0,""""repeatX"""":1,""""repeatY"""":1,""""rotation"""":0}},""""leftUpper"""":{""""id"""":""""surface-4f7a9b05-51c5-4c4c-9f9f-6895cfa1e273"""",""""stripIndex"""":null,""""color"""":""""#ffffff"""",""""imageAssetId"""":null,""""imageTransform"""":{""""mode"""":""""single"""",""""offsetX"""":0,""""offsetY"""":0,""""repeatX"""":1,""""repeatY"""":1,""""rotation"""":0}},""""rightLower"""":{""""id"""":""""surface-5e1839d8-4131-4056-9dbc-ea62d6706dcc"""",""""stripIndex"""":null,""""color"""":""""#ffffff"""",""""imageAssetId"""":null,""""imageTransform"""":{""""mode"""":""""single"""",""""offsetX"""":0,""""offsetY"""":0,""""repeatX"""":1,""""repeatY"""":1,""""rotation"""":0}},""""rightUpper"""":{""""id"""":""""surface-b7e024f9-32e6-4ee7-9350-38b1ee40ce25"""",""""stripIndex"""":null,""""color"""":""""#ffffff"""",""""imageAssetId"""":null,""""imageTransform"""":{""""mode"""":""""single"""",""""offsetX"""":0,""""offsetY"""":0,""""repeatX"""":1,""""repeatY"""":1,""""rotation"""":0}}}""",,100,,desk_banko_100,,,,,,,,straight,,,,,,,,,counter,,,,,100,true,,8,profile_91×3 adet; profile_41_5×4 adet; upright_99×4 adet; panel_98×2 adet; panel_48_5×4 adet; connector_start×6 adet; connector_single×12 adet; counter_top_110_60×1 adet,counter-100,counter,,,,,,,,,,,,,,createCounterModule / createLCounterModule (shape L),true,true,true,true,evet,evet,hayır,hayır,hayır,hayır,hayır,evet,evet,IndexedDB put(project) — alan şeması yok,project.modules[] factory state + placement,,docs/items/definitions/desk_banko_100.md,"src/moduleContracts.js, src/catalog.js, src/items.js, src/designState.js","test/deskBankoItemsContract.test.js, test/lCounter100Contract.test.js",e2e/desk-banko-items-contract.spec.mjs,"docs/items/definitions/desk_banko_100_L.md, docs/items/definitions/desk_banko_100.md, docs/items/ITEM_LIST.md, docs/items/current-system/desk_banko_100_L.md, docs/items/current-system/desk_banko_100.md"
desk_banko_150,desk_banko_150,Banko 150,counter,COMPOSITE_ITEMS,,,,,recipe,counter,150,,,,,,50,100,,,,,,,,150,,,,,,,,,,,,,,,,,,,,,true,true,Banko & Baza,50,,100,desk_banko_150,Banko 150,,,,,,,,,,,,,counter,,,,,,150,true,free-editable,editable,editable,procedural,static,standalone,recipe,src/moduleRecipes.js,,src/designState.js,project-state,true,stand-edge,footprint,physical,full,logical-fixture,0,standard,silhouette,0.38,module-silhouette,standard,50,[],free,45,inherit,false,include,true,"""{""""minCm"""":0,""""maxCm"""":100}""",,false,false,false,false,false,createCounterModuleState,true,,"itemKey, type, shape, widthCm, depthCm, heightCm, faces",,,50,,"""{""""frontLower"""":{""""id"""":""""surface-af91b693-94b2-41ee-a33b-e72402c055d9"""",""""stripIndex"""":null,""""color"""":""""#ffffff"""",""""imageAssetId"""":null,""""imageTransform"""":{""""mode"""":""""single"""",""""offsetX"""":0,""""offsetY"""":0,""""repeatX"""":1,""""repeatY"""":1,""""rotation"""":0}},""""frontUpper"""":{""""id"""":""""surface-4029cd1c-cccc-458d-8676-70760b3b57d7"""",""""stripIndex"""":null,""""color"""":""""#ffffff"""",""""imageAssetId"""":null,""""imageTransform"""":{""""mode"""":""""single"""",""""offsetX"""":0,""""offsetY"""":0,""""repeatX"""":1,""""repeatY"""":1,""""rotation"""":0}},""""leftLower"""":{""""id"""":""""surface-79c80be5-de20-4863-a91f-7e79b2dcbfad"""",""""stripIndex"""":null,""""color"""":""""#ffffff"""",""""imageAssetId"""":null,""""imageTransform"""":{""""mode"""":""""single"""",""""offsetX"""":0,""""offsetY"""":0,""""repeatX"""":1,""""repeatY"""":1,""""rotation"""":0}},""""leftUpper"""":{""""id"""":""""surface-c6f9aa31-f6e3-4e98-a8f1-a92d8daffd88"""",""""stripIndex"""":null,""""color"""":""""#ffffff"""",""""imageAssetId"""":null,""""imageTransform"""":{""""mode"""":""""single"""",""""offsetX"""":0,""""offsetY"""":0,""""repeatX"""":1,""""repeatY"""":1,""""rotation"""":0}},""""rightLower"""":{""""id"""":""""surface-d684c5cf-f0fb-474f-87ba-5154bb5be0ed"""",""""stripIndex"""":null,""""color"""":""""#ffffff"""",""""imageAssetId"""":null,""""imageTransform"""":{""""mode"""":""""single"""",""""offsetX"""":0,""""offsetY"""":0,""""repeatX"""":1,""""repeatY"""":1,""""rotation"""":0}},""""rightUpper"""":{""""id"""":""""surface-63c7ab3f-e892-4922-8a15-ecf45c8b5244"""",""""stripIndex"""":null,""""color"""":""""#ffffff"""",""""imageAssetId"""":null,""""imageTransform"""":{""""mode"""":""""single"""",""""offsetX"""":0,""""offsetY"""":0,""""repeatX"""":1,""""repeatY"""":1,""""rotation"""":0}}}""",,100,,desk_banko_150,,,,,,,,straight,,,,,,,,,counter,,,,,150,true,,8,profile_140_5×3 adet; profile_41_5×4 adet; upright_99×4 adet; panel_147_5×2 adet; panel_48_5×4 adet; connector_start×6 adet; connector_single×12 adet; counter_top_160_60×1 adet,counter-150,counter,,,,,,,,,,,,,,createCounterModule / createLCounterModule (shape L),true,true,true,true,evet,evet,hayır,hayır,hayır,hayır,hayır,evet,evet,IndexedDB put(project) — alan şeması yok,project.modules[] factory state + placement,,docs/items/definitions/desk_banko_150.md,"src/moduleContracts.js, src/catalog.js, src/items.js, src/designState.js","test/lCounter150Contract.test.js, test/deskBankoItemsContract.test.js",e2e/desk-banko-items-contract.spec.mjs,"docs/items/definitions/desk_banko_150.md, docs/items/definitions/desk_banko_150_L.md, docs/items/ITEM_LIST.md, docs/items/current-system/desk_banko_150_L.md, docs/items/current-system/desk_banko_150.md"
desk_banko_200,desk_banko_200,Banko 200,counter,COMPOSITE_ITEMS,,,,,recipe,counter,200,,,,,,50,100,,,,,,,,200,,,,,,,,,,,,,,,,,,,,,true,true,Banko & Baza,50,,100,desk_banko_200,Banko 200,,,,,,,,,,,,,counter,,,,,,200,true,free-editable,editable,editable,procedural,static,standalone,recipe,src/moduleRecipes.js,,src/designState.js,project-state,true,stand-edge,footprint,physical,full,logical-fixture,0,standard,silhouette,0.38,module-silhouette,standard,50,[],free,45,inherit,false,include,true,"""{""""minCm"""":0,""""maxCm"""":100}""",,false,false,false,false,false,createCounterModuleState,true,,"itemKey, type, shape, widthCm, depthCm, heightCm, faces",,,50,,"""{""""frontLower"""":{""""id"""":""""surface-e2293f5e-a459-4d57-ac99-a0e38c98a813"""",""""stripIndex"""":null,""""color"""":""""#ffffff"""",""""imageAssetId"""":null,""""imageTransform"""":{""""mode"""":""""single"""",""""offsetX"""":0,""""offsetY"""":0,""""repeatX"""":1,""""repeatY"""":1,""""rotation"""":0}},""""frontUpper"""":{""""id"""":""""surface-c81de8b2-506f-4f8d-9fbf-f6279a435061"""",""""stripIndex"""":null,""""color"""":""""#ffffff"""",""""imageAssetId"""":null,""""imageTransform"""":{""""mode"""":""""single"""",""""offsetX"""":0,""""offsetY"""":0,""""repeatX"""":1,""""repeatY"""":1,""""rotation"""":0}},""""leftLower"""":{""""id"""":""""surface-6362ee78-5a12-4ce9-95ed-27f784b5b3e5"""",""""stripIndex"""":null,""""color"""":""""#ffffff"""",""""imageAssetId"""":null,""""imageTransform"""":{""""mode"""":""""single"""",""""offsetX"""":0,""""offsetY"""":0,""""repeatX"""":1,""""repeatY"""":1,""""rotation"""":0}},""""leftUpper"""":{""""id"""":""""surface-19dbdd2d-e0bf-454b-91f3-2cbab29f181c"""",""""stripIndex"""":null,""""color"""":""""#ffffff"""",""""imageAssetId"""":null,""""imageTransform"""":{""""mode"""":""""single"""",""""offsetX"""":0,""""offsetY"""":0,""""repeatX"""":1,""""repeatY"""":1,""""rotation"""":0}},""""rightLower"""":{""""id"""":""""surface-476386ed-cbf4-45ec-846b-f07852304742"""",""""stripIndex"""":null,""""color"""":""""#ffffff"""",""""imageAssetId"""":null,""""imageTransform"""":{""""mode"""":""""single"""",""""offsetX"""":0,""""offsetY"""":0,""""repeatX"""":1,""""repeatY"""":1,""""rotation"""":0}},""""rightUpper"""":{""""id"""":""""surface-2d7fd136-1288-40b9-9853-9d783a491c44"""",""""stripIndex"""":null,""""color"""":""""#ffffff"""",""""imageAssetId"""":null,""""imageTransform"""":{""""mode"""":""""single"""",""""offsetX"""":0,""""offsetY"""":0,""""repeatX"""":1,""""repeatY"""":1,""""rotation"""":0}}}""",,100,,desk_banko_200,,,,,,,,straight,,,,,,,,,counter,,,,,200,true,,8,profile_190×3 adet; profile_41_5×4 adet; upright_99×4 adet; panel_197×2 adet; panel_48_5×4 adet; connector_start×6 adet; connector_single×12 adet; counter_top_210_60×1 adet,counter-200,counter,,,,,,,,,,,,,,createCounterModule / createLCounterModule (shape L),true,true,true,true,evet,evet,hayır,hayır,hayır,hayır,hayır,evet,evet,IndexedDB put(project) — alan şeması yok,project.modules[] factory state + placement,,docs/items/definitions/desk_banko_200.md,"src/designState.js, src/moduleContracts.js, src/catalog.js, src/items.js","test/deskBankoItemsContract.test.js, test/moduleBehaviorPolicy.test.js, test/lCounter200Contract.test.js, test/wallFlatPanelItemsContract.test.js, test/uprightFieldPlacement.test.js",e2e/desk-banko-items-contract.spec.mjs,"docs/items/definitions/desk_banko_200.md, docs/items/definitions/desk_banko_200_L.md, docs/items/ITEM_LIST.md, docs/items/current-system/desk_banko_200.md, docs/items/current-system/desk_banko_200_L.md"
desk_banko_100_L,desk_banko_100_L,Köşe Banko 100×100,counter,COMPOSITE_ITEMS,,,,,recipe,counter,100,L,,,,,100,100,,,,,,,,100,,,,,,,,,L,,,,,,,,,,,,true,true,Banko & Baza,100,,100,desk_banko_100_L,Köşe Banko 100×100,,,,,,,,L,,,,,counter,,,,,,100,true,free-editable,editable,editable,procedural,static,standalone,recipe,src/moduleRecipes.js,,src/designState.js,project-state,true,stand-edge,footprint,physical,full,logical-fixture,270,standard,silhouette,0.38,module-silhouette,standard,50,[],free,90,inherit,false,include,true,"""{""""minCm"""":0,""""maxCm"""":100}""",,false,false,false,false,false,createCounterModuleState,true,,"itemKey, type, shape, widthCm, depthCm, heightCm, faces",,,100,,"""{""""frontLower"""":{""""id"""":""""surface-dac093b8-da22-4257-8432-2e68b68ac013"""",""""stripIndex"""":null,""""color"""":""""#ffffff"""",""""imageAssetId"""":null,""""imageTransform"""":{""""mode"""":""""single"""",""""offsetX"""":0,""""offsetY"""":0,""""repeatX"""":1,""""repeatY"""":1,""""rotation"""":0}},""""frontUpper"""":{""""id"""":""""surface-24e7dbe9-8cdd-436d-9a87-11ec65800326"""",""""stripIndex"""":null,""""color"""":""""#ffffff"""",""""imageAssetId"""":null,""""imageTransform"""":{""""mode"""":""""single"""",""""offsetX"""":0,""""offsetY"""":0,""""repeatX"""":1,""""repeatY"""":1,""""rotation"""":0}},""""leftLower"""":{""""id"""":""""surface-b62cf2a2-cab1-4ff1-b076-1ec331bab1ad"""",""""stripIndex"""":null,""""color"""":""""#ffffff"""",""""imageAssetId"""":null,""""imageTransform"""":{""""mode"""":""""single"""",""""offsetX"""":0,""""offsetY"""":0,""""repeatX"""":1,""""repeatY"""":1,""""rotation"""":0}},""""leftUpper"""":{""""id"""":""""surface-ca327bc5-a689-4682-abe7-6f42a0871880"""",""""stripIndex"""":null,""""color"""":""""#ffffff"""",""""imageAssetId"""":null,""""imageTransform"""":{""""mode"""":""""single"""",""""offsetX"""":0,""""offsetY"""":0,""""repeatX"""":1,""""repeatY"""":1,""""rotation"""":0}},""""rightLower"""":{""""id"""":""""surface-3012a0d4-5026-4439-9f72-2aefc8d08258"""",""""stripIndex"""":null,""""color"""":""""#ffffff"""",""""imageAssetId"""":null,""""imageTransform"""":{""""mode"""":""""single"""",""""offsetX"""":0,""""offsetY"""":0,""""repeatX"""":1,""""repeatY"""":1,""""rotation"""":0}},""""rightUpper"""":{""""id"""":""""surface-0a0cb042-ea63-4685-9a87-1d4232dc1027"""",""""stripIndex"""":null,""""color"""":""""#ffffff"""",""""imageAssetId"""":null,""""imageTransform"""":{""""mode"""":""""single"""",""""offsetX"""":0,""""offsetY"""":0,""""repeatX"""":1,""""repeatY"""":1,""""rotation"""":0}},""""returnLower"""":{""""id"""":""""surface-1fff584b-4a28-4639-9b63-9b0915320f45"""",""""stripIndex"""":null,""""color"""":""""#ffffff"""",""""imageAssetId"""":null,""""imageTransform"""":{""""mode"""":""""single"""",""""offsetX"""":0,""""offsetY"""":0,""""repeatX"""":1,""""repeatY"""":1,""""rotation"""":0}},""""returnUpper"""":{""""id"""":""""surface-c61f524e-c69d-45bf-973f-3b9a901822e7"""",""""stripIndex"""":null,""""color"""":""""#ffffff"""",""""imageAssetId"""":null,""""imageTransform"""":{""""mode"""":""""single"""",""""offsetX"""":0,""""offsetY"""":0,""""repeatX"""":1,""""repeatY"""":1,""""rotation"""":0}}}""",,100,,desk_banko_100_L,,,,,,,,L,,,,,,,,,counter,,,,,100,true,,9,profile_91×5 adet; profile_41_5×5 adet; upright_99×5 adet; panel_98×4 adet; panel_48_5×4 adet; connector_start×8 adet; connector_single×16 adet; counter_top_110_60×1 adet; counter_top_52_60×1 adet,counter-l-100,counter,,,,,,,,,,,,,,createCounterModule / createLCounterModule (shape L),true,true,true,true,evet,evet,hayır,hayır,hayır,hayır,hayır,evet,evet,IndexedDB put(project) — alan şeması yok,project.modules[] factory state + placement,,docs/items/definitions/desk_banko_100_L.md,"src/moduleContracts.js, src/catalog.js, src/items.js, src/designState.js","test/deskBankoItemsContract.test.js, test/lCounter100Contract.test.js",e2e/desk-banko-items-contract.spec.mjs,"docs/items/current-system/desk_banko_100_L.md, docs/items/definitions/desk_banko_100_L.md, docs/items/ITEM_LIST.md"
desk_banko_150_L,desk_banko_150_L,Köşe Banko 150×150,counter,COMPOSITE_ITEMS,,,,,recipe,counter,150,L,,,,,150,100,,,,,,,,150,,,,,,,,,L,,,,,,,,,,,,true,true,Banko & Baza,150,,100,desk_banko_150_L,Köşe Banko 150×150,,,,,,,,L,,,,,counter,,,,,,150,true,free-editable,editable,editable,procedural,static,standalone,recipe,src/moduleRecipes.js,,src/designState.js,project-state,true,stand-edge,footprint,physical,full,logical-fixture,270,standard,silhouette,0.38,module-silhouette,standard,50,[],free,90,inherit,false,include,true,"""{""""minCm"""":0,""""maxCm"""":100}""",,false,false,false,false,false,createCounterModuleState,true,,"itemKey, type, shape, widthCm, depthCm, heightCm, faces",,,150,,"""{""""frontLower"""":{""""id"""":""""surface-e33327c6-faab-4ed7-bef7-be4d90df5192"""",""""stripIndex"""":null,""""color"""":""""#ffffff"""",""""imageAssetId"""":null,""""imageTransform"""":{""""mode"""":""""single"""",""""offsetX"""":0,""""offsetY"""":0,""""repeatX"""":1,""""repeatY"""":1,""""rotation"""":0}},""""frontUpper"""":{""""id"""":""""surface-8f8def66-0db8-4355-b4a7-bcad38eaeb19"""",""""stripIndex"""":null,""""color"""":""""#ffffff"""",""""imageAssetId"""":null,""""imageTransform"""":{""""mode"""":""""single"""",""""offsetX"""":0,""""offsetY"""":0,""""repeatX"""":1,""""repeatY"""":1,""""rotation"""":0}},""""leftLower"""":{""""id"""":""""surface-cce65480-8a70-45e6-a502-c1bf9e58f62d"""",""""stripIndex"""":null,""""color"""":""""#ffffff"""",""""imageAssetId"""":null,""""imageTransform"""":{""""mode"""":""""single"""",""""offsetX"""":0,""""offsetY"""":0,""""repeatX"""":1,""""repeatY"""":1,""""rotation"""":0}},""""leftUpper"""":{""""id"""":""""surface-ac0e6021-efe7-4466-b7a2-439f3af21d3c"""",""""stripIndex"""":null,""""color"""":""""#ffffff"""",""""imageAssetId"""":null,""""imageTransform"""":{""""mode"""":""""single"""",""""offsetX"""":0,""""offsetY"""":0,""""repeatX"""":1,""""repeatY"""":1,""""rotation"""":0}},""""rightLower"""":{""""id"""":""""surface-8fd5d403-0931-41b7-9d1e-5d582b143401"""",""""stripIndex"""":null,""""color"""":""""#ffffff"""",""""imageAssetId"""":null,""""imageTransform"""":{""""mode"""":""""single"""",""""offsetX"""":0,""""offsetY"""":0,""""repeatX"""":1,""""repeatY"""":1,""""rotation"""":0}},""""rightUpper"""":{""""id"""":""""surface-3d1bf734-a6a9-4384-be77-d44574d69610"""",""""stripIndex"""":null,""""color"""":""""#ffffff"""",""""imageAssetId"""":null,""""imageTransform"""":{""""mode"""":""""single"""",""""offsetX"""":0,""""offsetY"""":0,""""repeatX"""":1,""""repeatY"""":1,""""rotation"""":0}},""""returnLower"""":{""""id"""":""""surface-57e2118e-53e8-4dbf-9c05-6c851b735aee"""",""""stripIndex"""":null,""""color"""":""""#ffffff"""",""""imageAssetId"""":null,""""imageTransform"""":{""""mode"""":""""single"""",""""offsetX"""":0,""""offsetY"""":0,""""repeatX"""":1,""""repeatY"""":1,""""rotation"""":0}},""""returnUpper"""":{""""id"""":""""surface-ff8eb5b5-84e1-4167-a030-d7de44515b67"""",""""stripIndex"""":null,""""color"""":""""#ffffff"""",""""imageAssetId"""":null,""""imageTransform"""":{""""mode"""":""""single"""",""""offsetX"""":0,""""offsetY"""":0,""""repeatX"""":1,""""repeatY"""":1,""""rotation"""":0}}}""",,100,,desk_banko_150_L,,,,,,,,L,,,,,,,,,counter,,,,,150,true,,10,profile_140_5×5 adet; profile_91×1 adet; profile_41_5×4 adet; upright_99×5 adet; panel_147_5×4 adet; panel_48_5×4 adet; connector_start×8 adet; connector_single×16 adet; counter_top_160_60×1 adet; counter_top_102_60×1 adet,counter-l-150,counter,,,,,,,,,,,,,,createCounterModule / createLCounterModule (shape L),true,true,true,true,evet,evet,hayır,hayır,hayır,hayır,hayır,evet,evet,IndexedDB put(project) — alan şeması yok,project.modules[] factory state + placement,,docs/items/definitions/desk_banko_150_L.md,"src/designState.js, src/moduleContracts.js, src/catalog.js, src/items.js","test/deskBankoItemsContract.test.js, test/lCounter150Contract.test.js",e2e/desk-banko-items-contract.spec.mjs,"docs/items/definitions/desk_banko_150_L.md, docs/items/ITEM_LIST.md, docs/items/current-system/desk_banko_150_L.md"
desk_banko_200_L,desk_banko_200_L,Köşe Banko 200×200,counter,COMPOSITE_ITEMS,,,,,recipe,counter,200,L,,,,,200,100,,,,,,,,200,,,,,,,,,L,,,,,,,,,,,,true,true,Banko & Baza,200,,100,desk_banko_200_L,Köşe Banko 200×200,,,,,,,,L,,,,,counter,,,,,,200,true,free-editable,editable,editable,procedural,static,standalone,recipe,src/moduleRecipes.js,,src/designState.js,project-state,true,stand-edge,footprint,physical,full,logical-fixture,270,standard,silhouette,0.38,module-silhouette,standard,50,[],free,90,inherit,false,include,true,"""{""""minCm"""":0,""""maxCm"""":100}""",,false,false,false,false,false,createCounterModuleState,true,,"itemKey, type, shape, widthCm, depthCm, heightCm, faces",,,200,,"""{""""frontLower"""":{""""id"""":""""surface-c4a93c3b-ec87-4ce5-b104-fb793a9285dc"""",""""stripIndex"""":null,""""color"""":""""#ffffff"""",""""imageAssetId"""":null,""""imageTransform"""":{""""mode"""":""""single"""",""""offsetX"""":0,""""offsetY"""":0,""""repeatX"""":1,""""repeatY"""":1,""""rotation"""":0}},""""frontUpper"""":{""""id"""":""""surface-0ca2b8a2-958a-4b7a-b5bc-51aa77754b3c"""",""""stripIndex"""":null,""""color"""":""""#ffffff"""",""""imageAssetId"""":null,""""imageTransform"""":{""""mode"""":""""single"""",""""offsetX"""":0,""""offsetY"""":0,""""repeatX"""":1,""""repeatY"""":1,""""rotation"""":0}},""""leftLower"""":{""""id"""":""""surface-8e265fd2-ee66-403d-90ad-f5993dd5ca39"""",""""stripIndex"""":null,""""color"""":""""#ffffff"""",""""imageAssetId"""":null,""""imageTransform"""":{""""mode"""":""""single"""",""""offsetX"""":0,""""offsetY"""":0,""""repeatX"""":1,""""repeatY"""":1,""""rotation"""":0}},""""leftUpper"""":{""""id"""":""""surface-74c661a6-997d-417a-90a3-ca7fc2f5c7ab"""",""""stripIndex"""":null,""""color"""":""""#ffffff"""",""""imageAssetId"""":null,""""imageTransform"""":{""""mode"""":""""single"""",""""offsetX"""":0,""""offsetY"""":0,""""repeatX"""":1,""""repeatY"""":1,""""rotation"""":0}},""""rightLower"""":{""""id"""":""""surface-b5cb44b4-a519-4454-bf15-e806ca416222"""",""""stripIndex"""":null,""""color"""":""""#ffffff"""",""""imageAssetId"""":null,""""imageTransform"""":{""""mode"""":""""single"""",""""offsetX"""":0,""""offsetY"""":0,""""repeatX"""":1,""""repeatY"""":1,""""rotation"""":0}},""""rightUpper"""":{""""id"""":""""surface-9fa16347-1991-4d64-9e4b-6f44d17bf679"""",""""stripIndex"""":null,""""color"""":""""#ffffff"""",""""imageAssetId"""":null,""""imageTransform"""":{""""mode"""":""""single"""",""""offsetX"""":0,""""offsetY"""":0,""""repeatX"""":1,""""repeatY"""":1,""""rotation"""":0}},""""returnLower"""":{""""id"""":""""surface-caf8717a-73c2-4d74-b2a8-304488e8d6d3"""",""""stripIndex"""":null,""""color"""":""""#ffffff"""",""""imageAssetId"""":null,""""imageTransform"""":{""""mode"""":""""single"""",""""offsetX"""":0,""""offsetY"""":0,""""repeatX"""":1,""""repeatY"""":1,""""rotation"""":0}},""""returnUpper"""":{""""id"""":""""surface-6be9f4c0-0a5d-43c7-84a4-bdb3cfd968e3"""",""""stripIndex"""":null,""""color"""":""""#ffffff"""",""""imageAssetId"""":null,""""imageTransform"""":{""""mode"""":""""single"""",""""offsetX"""":0,""""offsetY"""":0,""""repeatX"""":1,""""repeatY"""":1,""""rotation"""":0}}}""",,100,,desk_banko_200_L,,,,,,,,L,,,,,,,,,counter,,,,,200,true,,10,profile_190×5 adet; profile_140_5×1 adet; profile_41_5×4 adet; upright_99×5 adet; panel_197×4 adet; panel_48_5×4 adet; connector_start×8 adet; connector_single×16 adet; counter_top_210_60×1 adet; counter_top_150_60×1 adet,counter-l-200,counter,,,,,,,,,,,,,,createCounterModule / createLCounterModule (shape L),true,true,true,true,evet,evet,hayır,hayır,hayır,hayır,hayır,evet,evet,IndexedDB put(project) — alan şeması yok,project.modules[] factory state + placement,,docs/items/definitions/desk_banko_200_L.md,"src/moduleContracts.js, src/designState.js, src/catalog.js, src/items.js","test/deskBankoItemsContract.test.js, test/lCounter200Contract.test.js",e2e/desk-banko-items-contract.spec.mjs,"docs/items/definitions/desk_banko_200_L.md, docs/items/ITEM_LIST.md, docs/items/current-system/desk_banko_200_L.md"
wall_50,wall_50,Panel 50,flat-panel,COMPOSITE_ITEMS,,,,,recipe,wall,50,,,,,,,,,,,,,,,50,,,,,,,,,,,,,,,,,,,,,true,true,Panel & Duvar,,,,wall_50,Panel 50,,,,,,,,,,,,,flat-panel,,,,,,50,true,wall-editable,editable,editable,procedural-or-specialized,static,standalone,recipe,src/moduleRecipes.js,,src/designState.js,project-state,true,stand-edge,segment,physical,full,segment,0,standard,silhouette,0.38,module-silhouette,standard,50,[],wall,90,inherit,true,include,true,"""{""""minCm"""":0,""""maxCm"""":350}""",,false,false,false,false,false,createFlatPanelModuleState,true,,"itemKey, type, widthCm, strips",,,,,,,,,wall_50,,,,,,,,,,,,,,,"""[{""""id"""":""""surface-73ca0829-1f6d-4c59-9a34-4f5cee8a3928"""",""""stripIndex"""":0,""""color"""":""""#ffffff"""",""""imageAssetId"""":null,""""imageTransform"""":{""""mode"""":""""single"""",""""offsetX"""":0,""""offsetY"""":0,""""repeatX"""":1,""""repeatY"""":1,""""rotation"""":0}},{""""id"""":""""surface-d2916a96-62ff-4de7-8f0c-b0668568e0a8"""",""""stripIndex"""":1,""""color"""":""""#ffffff"""",""""imageAssetId"""":null,""""imageTransform"""":{""""mode"""":""""single"""",""""offsetX"""":0,""""offsetY"""":0,""""repeatX"""":1,""""repeatY"""":1,""""rotation"""":0}},{""""id"""":""""surface-37c0e268-9fb5-4f37-85e1-6426d15e748a"""",""""stripIndex"""":2,""""color"""":""""#ffffff"""",""""imageAssetId"""":null,""""imageTransform"""":{""""mode"""":""""single"""",""""offsetX"""":0,""""offsetY"""":0,""""repeatX"""":1,""""repeatY"""":1,""""rotation"""":0}},{""""id"""":""""surface-517482ac-17ac-4be6-ae30-c96b48a4dfde"""",""""stripIndex"""":3,""""color"""":""""#ffffff"""",""""imageAssetId"""":null,""""imageTransform"""":{""""mode"""":""""single"""",""""offsetX"""":0,""""offsetY"""":0,""""repeatX"""":1,""""repeatY"""":1,""""rotation"""":0}},{""""id"""":""""surface-4e5c9ec8-67f2-4377-b636-f2c79b59e4ea"""",""""stripIndex"""":4,""""color"""":""""#ffffff"""",""""imageAssetId"""":null,""""imageTransform"""":{""""mode"""":""""single"""",""""offsetX"""":0,""""offsetY"""":0,""""repeatX"""":1,""""repeatY"""":1,""""rotation"""":0}},{""""id"""":""""surface-5a6f91e4-e45d-46f2-b65f-6a65bfe82e36"""",""""stripIndex"""":5,""""color"""":""""#ffffff"""",""""imageAssetId"""":null,""""imageTransform"""":{""""mode"""":""""single"""",""""offsetX"""":0,""""offsetY"""":0,""""repeatX"""":1,""""repeatY"""":1,""""rotation"""":0}},{""""id"""":""""surface-83928068-dea4-4281-8c46-e0902103d532"""",""""stripIndex"""":6,""""color"""":""""#ffffff"""",""""imageAssetId"""":null,""""imageTransform"""":{""""mode"""":""""single"""",""""offsetX"""":0,""""offsetY"""":0,""""repeatX"""":1,""""repeatY"""":1,""""rotation"""":0}}]""",,flat-panel,,,,,50,true,,5,profile_41_5×2 adet; upright_346_5×2 adet; panel_48_5×7 adet; connector_start×2 adet; connector_single×13 adet,wall-straight-50,wall,straight,panel_corner_42_5,,,,,,,,,,,,createFlatPanelModule,true,true,true,true,evet,evet,evet (yalnız panel selectionMode),evet (yalnız panel selectionMode),hayır,hayır,hayır,evet,evet,IndexedDB put(project) — alan şeması yok,project.modules[] factory state + placement,automatic-wall via creates.kinds,docs/items/definitions/wall_50.md,"src/moduleContracts.js, src/catalog.js, src/items.js, src/designState.js","test/wallFlatPanelItemsContract.test.js, test/uprightFieldPlacement.test.js",e2e/wall-flat-panel-items-contract.spec.mjs,"docs/items/definitions/wall_50.md, docs/items/ITEM_LIST.md, docs/items/current-system/wall_50.md"
wall_100,wall_100,Panel 100,flat-panel,COMPOSITE_ITEMS,,,,,recipe,wall,100,,,,,,,,,,,,,,,100,,,,,,,,,,,,,,,,,,,,,true,true,Panel & Duvar,,,,wall_100,Panel 100,,,,,,,,,,,,,flat-panel,,,,,,100,true,wall-editable,editable,editable,procedural-or-specialized,static,standalone,recipe,src/moduleRecipes.js,,src/designState.js,project-state,true,stand-edge,segment,physical,full,segment,0,standard,silhouette,0.38,module-silhouette,standard,50,[],wall,90,inherit,true,include,true,"""{""""minCm"""":0,""""maxCm"""":350}""",,false,false,false,false,false,createFlatPanelModuleState,true,,"itemKey, type, widthCm, strips",,,,,,,,,wall_100,,,,,,,,,,,,,,,"""[{""""id"""":""""surface-5221965f-cfd7-4f61-b58b-24a9eb17c47e"""",""""stripIndex"""":0,""""color"""":""""#ffffff"""",""""imageAssetId"""":null,""""imageTransform"""":{""""mode"""":""""single"""",""""offsetX"""":0,""""offsetY"""":0,""""repeatX"""":1,""""repeatY"""":1,""""rotation"""":0}},{""""id"""":""""surface-02bd9d14-9b3e-42dd-96c8-1616de4d56c7"""",""""stripIndex"""":1,""""color"""":""""#ffffff"""",""""imageAssetId"""":null,""""imageTransform"""":{""""mode"""":""""single"""",""""offsetX"""":0,""""offsetY"""":0,""""repeatX"""":1,""""repeatY"""":1,""""rotation"""":0}},{""""id"""":""""surface-80aea299-aacd-4be4-ad7a-353082e7e9e4"""",""""stripIndex"""":2,""""color"""":""""#ffffff"""",""""imageAssetId"""":null,""""imageTransform"""":{""""mode"""":""""single"""",""""offsetX"""":0,""""offsetY"""":0,""""repeatX"""":1,""""repeatY"""":1,""""rotation"""":0}},{""""id"""":""""surface-87c24f9c-2858-47ba-b3b5-08f666e5369f"""",""""stripIndex"""":3,""""color"""":""""#ffffff"""",""""imageAssetId"""":null,""""imageTransform"""":{""""mode"""":""""single"""",""""offsetX"""":0,""""offsetY"""":0,""""repeatX"""":1,""""repeatY"""":1,""""rotation"""":0}},{""""id"""":""""surface-a0b1bc6a-57cb-4d78-8744-744869bf7dec"""",""""stripIndex"""":4,""""color"""":""""#ffffff"""",""""imageAssetId"""":null,""""imageTransform"""":{""""mode"""":""""single"""",""""offsetX"""":0,""""offsetY"""":0,""""repeatX"""":1,""""repeatY"""":1,""""rotation"""":0}},{""""id"""":""""surface-76db9fb3-7705-4387-8c10-dde302ae6f7a"""",""""stripIndex"""":5,""""color"""":""""#ffffff"""",""""imageAssetId"""":null,""""imageTransform"""":{""""mode"""":""""single"""",""""offsetX"""":0,""""offsetY"""":0,""""repeatX"""":1,""""repeatY"""":1,""""rotation"""":0}},{""""id"""":""""surface-1e41b08c-33a4-4112-ba29-a50d38f6539e"""",""""stripIndex"""":6,""""color"""":""""#ffffff"""",""""imageAssetId"""":null,""""imageTransform"""":{""""mode"""":""""single"""",""""offsetX"""":0,""""offsetY"""":0,""""repeatX"""":1,""""repeatY"""":1,""""rotation"""":0}}]""",,flat-panel,,,,,100,true,,5,profile_91×2 adet; upright_346_5×2 adet; panel_98×7 adet; connector_start×2 adet; connector_single×13 adet,wall-straight-100,wall,straight,panel_corner_92,,,,,,,,,,,,createFlatPanelModule,true,true,true,true,evet,evet,evet (yalnız panel selectionMode),evet (yalnız panel selectionMode),hayır,hayır,hayır,evet,evet,IndexedDB put(project) — alan şeması yok,project.modules[] factory state + placement,automatic-wall via creates.kinds,docs/items/definitions/wall_100.md,"src/moduleContracts.js, src/catalog.js, src/items.js, src/designState.js","test/moduleStateConstructionRegistry.test.js, test/uprightFieldPlacement.test.js, test/wallFlatPanelItemsContract.test.js, test/catalogSingleSource.test.js",e2e/wall-flat-panel-items-contract.spec.mjs,"docs/items/definitions/wall_100.md, docs/items/ITEM_LIST.md, docs/items/current-system/wall_100.md"
wall_150,wall_150,Panel 150,flat-panel,COMPOSITE_ITEMS,,,,,recipe,wall,150,,,,,,,,,,,,,,,150,,,,,,,,,,,,,,,,,,,,,true,true,Panel & Duvar,,,,wall_150,Panel 150,,,,,,,,,,,,,flat-panel,,,,,,150,true,wall-editable,editable,editable,procedural-or-specialized,static,standalone,recipe,src/moduleRecipes.js,,src/designState.js,project-state,true,stand-edge,segment,physical,full,segment,0,standard,silhouette,0.38,module-silhouette,standard,50,[],wall,90,inherit,true,include,true,"""{""""minCm"""":0,""""maxCm"""":350}""",,false,false,false,false,false,createFlatPanelModuleState,true,,"itemKey, type, widthCm, strips",,,,,,,,,wall_150,,,,,,,,,,,,,,,"""[{""""id"""":""""surface-d2330905-7449-4e8c-b868-1f0ca1dabbdf"""",""""stripIndex"""":0,""""color"""":""""#ffffff"""",""""imageAssetId"""":null,""""imageTransform"""":{""""mode"""":""""single"""",""""offsetX"""":0,""""offsetY"""":0,""""repeatX"""":1,""""repeatY"""":1,""""rotation"""":0}},{""""id"""":""""surface-c0f70622-d113-4fac-91c9-000c01102f30"""",""""stripIndex"""":1,""""color"""":""""#ffffff"""",""""imageAssetId"""":null,""""imageTransform"""":{""""mode"""":""""single"""",""""offsetX"""":0,""""offsetY"""":0,""""repeatX"""":1,""""repeatY"""":1,""""rotation"""":0}},{""""id"""":""""surface-03efd37e-52f6-4849-8c0c-16834c42caea"""",""""stripIndex"""":2,""""color"""":""""#ffffff"""",""""imageAssetId"""":null,""""imageTransform"""":{""""mode"""":""""single"""",""""offsetX"""":0,""""offsetY"""":0,""""repeatX"""":1,""""repeatY"""":1,""""rotation"""":0}},{""""id"""":""""surface-01303039-526c-475f-986a-4ca1f65f6d65"""",""""stripIndex"""":3,""""color"""":""""#ffffff"""",""""imageAssetId"""":null,""""imageTransform"""":{""""mode"""":""""single"""",""""offsetX"""":0,""""offsetY"""":0,""""repeatX"""":1,""""repeatY"""":1,""""rotation"""":0}},{""""id"""":""""surface-0c38f149-403d-478f-aba9-1d4791d94a95"""",""""stripIndex"""":4,""""color"""":""""#ffffff"""",""""imageAssetId"""":null,""""imageTransform"""":{""""mode"""":""""single"""",""""offsetX"""":0,""""offsetY"""":0,""""repeatX"""":1,""""repeatY"""":1,""""rotation"""":0}},{""""id"""":""""surface-a4843564-353f-460e-959c-33f1269a1ac3"""",""""stripIndex"""":5,""""color"""":""""#ffffff"""",""""imageAssetId"""":null,""""imageTransform"""":{""""mode"""":""""single"""",""""offsetX"""":0,""""offsetY"""":0,""""repeatX"""":1,""""repeatY"""":1,""""rotation"""":0}},{""""id"""":""""surface-edf26395-7f1b-40f2-8b55-bf86e965632d"""",""""stripIndex"""":6,""""color"""":""""#ffffff"""",""""imageAssetId"""":null,""""imageTransform"""":{""""mode"""":""""single"""",""""offsetX"""":0,""""offsetY"""":0,""""repeatX"""":1,""""repeatY"""":1,""""rotation"""":0}}]""",,flat-panel,,,,,150,true,,5,profile_140_5×2 adet; upright_346_5×2 adet; panel_147_5×7 adet; connector_start×2 adet; connector_single×13 adet,wall-straight-150,wall,straight,panel_corner_142_5,,,,,,,,,,,,createFlatPanelModule,true,true,true,true,evet,evet,evet (yalnız panel selectionMode),evet (yalnız panel selectionMode),hayır,hayır,hayır,evet,evet,IndexedDB put(project) — alan şeması yok,project.modules[] factory state + placement,automatic-wall via creates.kinds,docs/items/definitions/wall_150.md,"src/moduleContracts.js, src/catalog.js, src/items.js, src/designState.js","test/wallFlatPanelItemsContract.test.js, test/uprightFieldPlacement.test.js",e2e/wall-flat-panel-items-contract.spec.mjs,"docs/items/ITEM_LIST.md, docs/items/definitions/wall_150.md, docs/items/current-system/wall_150.md"
wall_200,wall_200,Panel 200,flat-panel,COMPOSITE_ITEMS,,,,,recipe,wall,200,,,,,,,,,,,,,,,200,,,,,,,,,,,,,,,,,,,,,true,true,Panel & Duvar,,,,wall_200,Panel 200,,,,,,,,,,,,,flat-panel,,,,,,200,true,wall-editable,editable,editable,procedural-or-specialized,static,standalone,recipe,src/moduleRecipes.js,,src/designState.js,project-state,true,stand-edge,segment,physical,full,segment,0,standard,silhouette,0.38,module-silhouette,standard,50,[],wall,90,inherit,true,include,true,"""{""""minCm"""":0,""""maxCm"""":350}""",,false,false,false,false,false,createFlatPanelModuleState,true,,"itemKey, type, widthCm, strips",,,,,,,,,wall_200,,,,,,,,,,,,,,,"""[{""""id"""":""""surface-e2960c99-ba2b-4d2d-a02c-2e46948ab80f"""",""""stripIndex"""":0,""""color"""":""""#ffffff"""",""""imageAssetId"""":null,""""imageTransform"""":{""""mode"""":""""single"""",""""offsetX"""":0,""""offsetY"""":0,""""repeatX"""":1,""""repeatY"""":1,""""rotation"""":0}},{""""id"""":""""surface-30cb42b0-0d77-44da-9932-3b912f6a860a"""",""""stripIndex"""":1,""""color"""":""""#ffffff"""",""""imageAssetId"""":null,""""imageTransform"""":{""""mode"""":""""single"""",""""offsetX"""":0,""""offsetY"""":0,""""repeatX"""":1,""""repeatY"""":1,""""rotation"""":0}},{""""id"""":""""surface-0082ef0e-a848-49b8-97c9-b8d1228dcd1f"""",""""stripIndex"""":2,""""color"""":""""#ffffff"""",""""imageAssetId"""":null,""""imageTransform"""":{""""mode"""":""""single"""",""""offsetX"""":0,""""offsetY"""":0,""""repeatX"""":1,""""repeatY"""":1,""""rotation"""":0}},{""""id"""":""""surface-ec6ea080-e8d6-436c-ac1f-afcf34c3ff81"""",""""stripIndex"""":3,""""color"""":""""#ffffff"""",""""imageAssetId"""":null,""""imageTransform"""":{""""mode"""":""""single"""",""""offsetX"""":0,""""offsetY"""":0,""""repeatX"""":1,""""repeatY"""":1,""""rotation"""":0}},{""""id"""":""""surface-d1c2b0ba-6b1a-4668-9ad5-52731c75feca"""",""""stripIndex"""":4,""""color"""":""""#ffffff"""",""""imageAssetId"""":null,""""imageTransform"""":{""""mode"""":""""single"""",""""offsetX"""":0,""""offsetY"""":0,""""repeatX"""":1,""""repeatY"""":1,""""rotation"""":0}},{""""id"""":""""surface-8cc8d8b2-5167-428f-97e4-3585236ff846"""",""""stripIndex"""":5,""""color"""":""""#ffffff"""",""""imageAssetId"""":null,""""imageTransform"""":{""""mode"""":""""single"""",""""offsetX"""":0,""""offsetY"""":0,""""repeatX"""":1,""""repeatY"""":1,""""rotation"""":0}},{""""id"""":""""surface-bb258e76-fb07-4dff-9418-70ca07ea7569"""",""""stripIndex"""":6,""""color"""":""""#ffffff"""",""""imageAssetId"""":null,""""imageTransform"""":{""""mode"""":""""single"""",""""offsetX"""":0,""""offsetY"""":0,""""repeatX"""":1,""""repeatY"""":1,""""rotation"""":0}}]""",,flat-panel,,,,,200,true,,5,profile_190×2 adet; upright_346_5×2 adet; panel_197×7 adet; connector_start×2 adet; connector_single×13 adet,wall-straight-200,wall,straight,panel_corner_192,,,,,,,,,,,,createFlatPanelModule,true,true,true,true,evet,evet,evet (yalnız panel selectionMode),evet (yalnız panel selectionMode),hayır,hayır,hayır,evet,evet,IndexedDB put(project) — alan şeması yok,project.modules[] factory state + placement,automatic-wall via creates.kinds,docs/items/definitions/wall_200.md,"src/moduleContracts.js, src/catalog.js, src/items.js, src/scene3d.js, src/designState.js","test/profileFieldPlacement.test.js, test/catalogSingleSource.test.js, test/moduleBehaviorPolicy.test.js, test/uprightFieldPlacement.test.js, test/stripOccupancy.test.js, test/wallFlatPanelItemsContract.test.js",e2e/wall-flat-panel-items-contract.spec.mjs,"docs/items/definitions/wall_200.md, docs/items/definitions/profile_41_5.md, docs/items/definitions/upright_346_5.md, docs/items/definitions/profile_190.md, docs/items/definitions/profile_140_5.md, docs/items/definitions/profile_91.md, docs/items/ITEM_MIGRATION_RULES.md, docs/items/ITEM_LIST.md, docs/items/current-system/wall_200.md, docs/items/contract/ITEM_CONTRACT_CHECKLIST.md, docs/items/contract/ITEM_CONTRACT.md"
wall_200_short_up_2,wall_200_short_up_2,Panel 200 Short Up 2,flat-panel,COMPOSITE_ITEMS,,,,,recipe,wall-short-up-2,200,,,,,,,,,,,,,,,200,,,,,,,,,,,,top,2,,short-up-2,,,,,,true,true,Panel Ek Modül,,,,wall_200_short_up_2,Panel 200 Short Up 2,,,,,,,,,,,top,2,flat-panel,,short-up-2,,,,200,true,wall-editable,editable,editable,procedural-or-specialized,static,standalone,recipe,src/moduleRecipes.js,,src/designState.js,project-state,true,stand-edge,segment,physical,full,segment,0,standard,silhouette,0.38,module-silhouette,standard,50,[],wall,90,inherit,true,include,true,"""{""""minCm"""":250,""""maxCm"""":350}""","""{""""align"""":""""top"""",""""stripCount"""":2}""",false,false,false,false,false,createFlatPanelModuleState,true,,"itemKey, type, widthCm, stripOccupancy, stripOccupancy.align, stripOccupancy.stripCount, strips",,,,,,,,,wall_200_short_up_2,,,,,,,,,,,,"""{""""align"""":""""top"""",""""stripCount"""":2}""",top,2,"""[{""""id"""":""""surface-cb09ab87-c870-4242-84a5-0bf75195d72c"""",""""stripIndex"""":0,""""color"""":""""#ffffff"""",""""imageAssetId"""":null,""""imageTransform"""":{""""mode"""":""""single"""",""""offsetX"""":0,""""offsetY"""":0,""""repeatX"""":1,""""repeatY"""":1,""""rotation"""":0}},{""""id"""":""""surface-f2ae1db7-5da5-4d0c-b998-de93f01a24da"""",""""stripIndex"""":1,""""color"""":""""#ffffff"""",""""imageAssetId"""":null,""""imageTransform"""":{""""mode"""":""""single"""",""""offsetX"""":0,""""offsetY"""":0,""""repeatX"""":1,""""repeatY"""":1,""""rotation"""":0}}]""",,flat-panel,,,,,200,true,,5,profile_190×2 adet; upright_99×2 adet; panel_197×2 adet; connector_start×2 adet; connector_single×3 adet,wall-short-up-2-200,wall-short-up-2,straight,panel_corner_192,,,,,,,,,,,,createFlatPanelModule,true,true,true,true,evet,evet,evet (yalnız panel selectionMode),evet (yalnız panel selectionMode),hayır,hayır,hayır,evet,evet,IndexedDB put(project) — alan şeması yok,project.modules[] factory state + placement,automatic-wall via creates.kinds,,"src/moduleContracts.js, src/catalog.js, src/items.js","test/wallFlatPanelItemsContract.test.js, test/uprightFieldPlacement.test.js, test/stripOccupancy.test.js",,docs/items/ITEM_LIST.md
wall_150_short_up_2,wall_150_short_up_2,Panel 150 Short Up 2,flat-panel,COMPOSITE_ITEMS,,,,,recipe,wall-short-up-2,150,,,,,,,,,,,,,,,150,,,,,,,,,,,,top,2,,short-up-2,,,,,,true,true,Panel Ek Modül,,,,wall_150_short_up_2,Panel 150 Short Up 2,,,,,,,,,,,top,2,flat-panel,,short-up-2,,,,150,true,wall-editable,editable,editable,procedural-or-specialized,static,standalone,recipe,src/moduleRecipes.js,,src/designState.js,project-state,true,stand-edge,segment,physical,full,segment,0,standard,silhouette,0.38,module-silhouette,standard,50,[],wall,90,inherit,true,include,true,"""{""""minCm"""":250,""""maxCm"""":350}""","""{""""align"""":""""top"""",""""stripCount"""":2}""",false,false,false,false,false,createFlatPanelModuleState,true,,"itemKey, type, widthCm, stripOccupancy, stripOccupancy.align, stripOccupancy.stripCount, strips",,,,,,,,,wall_150_short_up_2,,,,,,,,,,,,"""{""""align"""":""""top"""",""""stripCount"""":2}""",top,2,"""[{""""id"""":""""surface-279b4222-3b03-4f99-b23a-39e8fd4f1f6a"""",""""stripIndex"""":0,""""color"""":""""#ffffff"""",""""imageAssetId"""":null,""""imageTransform"""":{""""mode"""":""""single"""",""""offsetX"""":0,""""offsetY"""":0,""""repeatX"""":1,""""repeatY"""":1,""""rotation"""":0}},{""""id"""":""""surface-ef824fe2-5c6a-48d4-9a52-54e15f90588a"""",""""stripIndex"""":1,""""color"""":""""#ffffff"""",""""imageAssetId"""":null,""""imageTransform"""":{""""mode"""":""""single"""",""""offsetX"""":0,""""offsetY"""":0,""""repeatX"""":1,""""repeatY"""":1,""""rotation"""":0}}]""",,flat-panel,,,,,150,true,,5,profile_140_5×2 adet; upright_99×2 adet; panel_147_5×2 adet; connector_start×2 adet; connector_single×3 adet,wall-short-up-2-150,wall-short-up-2,straight,panel_corner_142_5,,,,,,,,,,,,createFlatPanelModule,true,true,true,true,evet,evet,evet (yalnız panel selectionMode),evet (yalnız panel selectionMode),hayır,hayır,hayır,evet,evet,IndexedDB put(project) — alan şeması yok,project.modules[] factory state + placement,automatic-wall via creates.kinds,,"src/moduleContracts.js, src/catalog.js, src/items.js","test/uprightFieldPlacement.test.js, test/wallFlatPanelItemsContract.test.js",,docs/items/ITEM_LIST.md
wall_100_short_up_2,wall_100_short_up_2,Panel 100 Short Up 2,flat-panel,COMPOSITE_ITEMS,,,,,recipe,wall-short-up-2,100,,,,,,,,,,,,,,,100,,,,,,,,,,,,top,2,,short-up-2,,,,,,true,true,Panel Ek Modül,,,,wall_100_short_up_2,Panel 100 Short Up 2,,,,,,,,,,,top,2,flat-panel,,short-up-2,,,,100,true,wall-editable,editable,editable,procedural-or-specialized,static,standalone,recipe,src/moduleRecipes.js,,src/designState.js,project-state,true,stand-edge,segment,physical,full,segment,0,standard,silhouette,0.38,module-silhouette,standard,50,[],wall,90,inherit,true,include,true,"""{""""minCm"""":250,""""maxCm"""":350}""","""{""""align"""":""""top"""",""""stripCount"""":2}""",false,false,false,false,false,createFlatPanelModuleState,true,,"itemKey, type, widthCm, stripOccupancy, stripOccupancy.align, stripOccupancy.stripCount, strips",,,,,,,,,wall_100_short_up_2,,,,,,,,,,,,"""{""""align"""":""""top"""",""""stripCount"""":2}""",top,2,"""[{""""id"""":""""surface-a685eb79-3a64-477a-9c4c-e1fc8a1bc94f"""",""""stripIndex"""":0,""""color"""":""""#ffffff"""",""""imageAssetId"""":null,""""imageTransform"""":{""""mode"""":""""single"""",""""offsetX"""":0,""""offsetY"""":0,""""repeatX"""":1,""""repeatY"""":1,""""rotation"""":0}},{""""id"""":""""surface-3b94550a-1019-4bb9-a145-a4b8af7b8da1"""",""""stripIndex"""":1,""""color"""":""""#ffffff"""",""""imageAssetId"""":null,""""imageTransform"""":{""""mode"""":""""single"""",""""offsetX"""":0,""""offsetY"""":0,""""repeatX"""":1,""""repeatY"""":1,""""rotation"""":0}}]""",,flat-panel,,,,,100,true,,5,profile_91×2 adet; upright_99×2 adet; panel_98×2 adet; connector_start×2 adet; connector_single×3 adet,wall-short-up-2-100,wall-short-up-2,straight,panel_corner_92,,,,,,,,,,,,createFlatPanelModule,true,true,true,true,evet,evet,evet (yalnız panel selectionMode),evet (yalnız panel selectionMode),hayır,hayır,hayır,evet,evet,IndexedDB put(project) — alan şeması yok,project.modules[] factory state + placement,automatic-wall via creates.kinds,,"src/moduleContracts.js, src/catalog.js, src/items.js","test/wallFlatPanelItemsContract.test.js, test/uprightFieldPlacement.test.js",,docs/items/ITEM_LIST.md
wall_50_short_up_2,wall_50_short_up_2,Panel 50 Short Up 2,flat-panel,COMPOSITE_ITEMS,,,,,recipe,wall-short-up-2,50,,,,,,,,,,,,,,,50,,,,,,,,,,,,top,2,,short-up-2,,,,,,true,true,Panel Ek Modül,,,,wall_50_short_up_2,Panel 50 Short Up 2,,,,,,,,,,,top,2,flat-panel,,short-up-2,,,,50,true,wall-editable,editable,editable,procedural-or-specialized,static,standalone,recipe,src/moduleRecipes.js,,src/designState.js,project-state,true,stand-edge,segment,physical,full,segment,0,standard,silhouette,0.38,module-silhouette,standard,50,[],wall,90,inherit,true,include,true,"""{""""minCm"""":250,""""maxCm"""":350}""","""{""""align"""":""""top"""",""""stripCount"""":2}""",false,false,false,false,false,createFlatPanelModuleState,true,,"itemKey, type, widthCm, stripOccupancy, stripOccupancy.align, stripOccupancy.stripCount, strips",,,,,,,,,wall_50_short_up_2,,,,,,,,,,,,"""{""""align"""":""""top"""",""""stripCount"""":2}""",top,2,"""[{""""id"""":""""surface-5c60c4fe-f830-489e-8cf8-c472c5cc3f44"""",""""stripIndex"""":0,""""color"""":""""#ffffff"""",""""imageAssetId"""":null,""""imageTransform"""":{""""mode"""":""""single"""",""""offsetX"""":0,""""offsetY"""":0,""""repeatX"""":1,""""repeatY"""":1,""""rotation"""":0}},{""""id"""":""""surface-50b30054-2332-4291-8467-bbe87763d2f7"""",""""stripIndex"""":1,""""color"""":""""#ffffff"""",""""imageAssetId"""":null,""""imageTransform"""":{""""mode"""":""""single"""",""""offsetX"""":0,""""offsetY"""":0,""""repeatX"""":1,""""repeatY"""":1,""""rotation"""":0}}]""",,flat-panel,,,,,50,true,,5,profile_41_5×2 adet; upright_99×2 adet; panel_48_5×2 adet; connector_start×2 adet; connector_single×3 adet,wall-short-up-2-50,wall-short-up-2,straight,panel_corner_42_5,,,,,,,,,,,,createFlatPanelModule,true,true,true,true,evet,evet,evet (yalnız panel selectionMode),evet (yalnız panel selectionMode),hayır,hayır,hayır,evet,evet,IndexedDB put(project) — alan şeması yok,project.modules[] factory state + placement,automatic-wall via creates.kinds,,"src/moduleContracts.js, src/catalog.js, src/items.js","test/wallFlatPanelItemsContract.test.js, test/uprightFieldPlacement.test.js",,docs/items/ITEM_LIST.md
wall_200_short_up_1,wall_200_short_up_1,Panel 200 Short Up 1,flat-panel,COMPOSITE_ITEMS,,,,,recipe,wall-short-up-1,200,,,,,,,,,,,,,,,200,,,,,,,,,,,,top,1,,short-up-1,,,,,,true,true,Panel Ek Modül,,,,wall_200_short_up_1,Panel 200 Short Up 1,,,,,,,,,,,top,1,flat-panel,,short-up-1,,,,200,true,wall-editable,editable,editable,procedural-or-specialized,static,standalone,recipe,src/moduleRecipes.js,,src/designState.js,project-state,true,stand-edge,segment,physical,full,segment,0,standard,silhouette,0.38,module-silhouette,standard,50,[],wall,90,inherit,true,include,true,"""{""""minCm"""":300,""""maxCm"""":350}""","""{""""align"""":""""top"""",""""stripCount"""":1}""",false,false,false,false,false,createFlatPanelModuleState,true,,"itemKey, type, widthCm, stripOccupancy, stripOccupancy.align, stripOccupancy.stripCount, strips",,,,,,,,,wall_200_short_up_1,,,,,,,,,,,,"""{""""align"""":""""top"""",""""stripCount"""":1}""",top,1,"""[{""""id"""":""""surface-4b72c15d-dfa8-42b1-8221-2398252892f7"""",""""stripIndex"""":0,""""color"""":""""#ffffff"""",""""imageAssetId"""":null,""""imageTransform"""":{""""mode"""":""""single"""",""""offsetX"""":0,""""offsetY"""":0,""""repeatX"""":1,""""repeatY"""":1,""""rotation"""":0}}]""",,flat-panel,,,,,200,true,,5,profile_190×2 adet; upright_49_5×2 adet; panel_197×1 adet; connector_start×2 adet; connector_single×3 adet,wall-short-up-1-200,wall-short-up-1,straight,panel_corner_192,,,,,,,,,,,,createFlatPanelModule,true,true,true,true,evet,evet,evet (yalnız panel selectionMode),evet (yalnız panel selectionMode),hayır,hayır,hayır,evet,evet,IndexedDB put(project) — alan şeması yok,project.modules[] factory state + placement,automatic-wall via creates.kinds,,"src/moduleContracts.js, src/catalog.js, src/items.js","test/wallFlatPanelItemsContract.test.js, test/uprightFieldPlacement.test.js",e2e/wall-flat-panel-items-contract.spec.mjs,docs/items/ITEM_LIST.md
wall_150_short_up_1,wall_150_short_up_1,Panel 150 Short Up 1,flat-panel,COMPOSITE_ITEMS,,,,,recipe,wall-short-up-1,150,,,,,,,,,,,,,,,150,,,,,,,,,,,,top,1,,short-up-1,,,,,,true,true,Panel Ek Modül,,,,wall_150_short_up_1,Panel 150 Short Up 1,,,,,,,,,,,top,1,flat-panel,,short-up-1,,,,150,true,wall-editable,editable,editable,procedural-or-specialized,static,standalone,recipe,src/moduleRecipes.js,,src/designState.js,project-state,true,stand-edge,segment,physical,full,segment,0,standard,silhouette,0.38,module-silhouette,standard,50,[],wall,90,inherit,true,include,true,"""{""""minCm"""":300,""""maxCm"""":350}""","""{""""align"""":""""top"""",""""stripCount"""":1}""",false,false,false,false,false,createFlatPanelModuleState,true,,"itemKey, type, widthCm, stripOccupancy, stripOccupancy.align, stripOccupancy.stripCount, strips",,,,,,,,,wall_150_short_up_1,,,,,,,,,,,,"""{""""align"""":""""top"""",""""stripCount"""":1}""",top,1,"""[{""""id"""":""""surface-b884f316-a472-4a1c-b125-bc0694e65557"""",""""stripIndex"""":0,""""color"""":""""#ffffff"""",""""imageAssetId"""":null,""""imageTransform"""":{""""mode"""":""""single"""",""""offsetX"""":0,""""offsetY"""":0,""""repeatX"""":1,""""repeatY"""":1,""""rotation"""":0}}]""",,flat-panel,,,,,150,true,,5,profile_140_5×2 adet; upright_49_5×2 adet; panel_147_5×1 adet; connector_start×2 adet; connector_single×3 adet,wall-short-up-1-150,wall-short-up-1,straight,panel_corner_142_5,,,,,,,,,,,,createFlatPanelModule,true,true,true,true,evet,evet,evet (yalnız panel selectionMode),evet (yalnız panel selectionMode),hayır,hayır,hayır,evet,evet,IndexedDB put(project) — alan şeması yok,project.modules[] factory state + placement,automatic-wall via creates.kinds,,"src/moduleContracts.js, src/catalog.js, src/items.js","test/wallFlatPanelItemsContract.test.js, test/uprightFieldPlacement.test.js",e2e/wall-flat-panel-items-contract.spec.mjs,docs/items/ITEM_LIST.md
wall_100_short_up_1,wall_100_short_up_1,Panel 100 Short Up 1,flat-panel,COMPOSITE_ITEMS,,,,,recipe,wall-short-up-1,100,,,,,,,,,,,,,,,100,,,,,,,,,,,,top,1,,short-up-1,,,,,,true,true,Panel Ek Modül,,,,wall_100_short_up_1,Panel 100 Short Up 1,,,,,,,,,,,top,1,flat-panel,,short-up-1,,,,100,true,wall-editable,editable,editable,procedural-or-specialized,static,standalone,recipe,src/moduleRecipes.js,,src/designState.js,project-state,true,stand-edge,segment,physical,full,segment,0,standard,silhouette,0.38,module-silhouette,standard,50,[],wall,90,inherit,true,include,true,"""{""""minCm"""":300,""""maxCm"""":350}""","""{""""align"""":""""top"""",""""stripCount"""":1}""",false,false,false,false,false,createFlatPanelModuleState,true,,"itemKey, type, widthCm, stripOccupancy, stripOccupancy.align, stripOccupancy.stripCount, strips",,,,,,,,,wall_100_short_up_1,,,,,,,,,,,,"""{""""align"""":""""top"""",""""stripCount"""":1}""",top,1,"""[{""""id"""":""""surface-90adc985-d813-4da1-b685-9f6834bc8e6d"""",""""stripIndex"""":0,""""color"""":""""#ffffff"""",""""imageAssetId"""":null,""""imageTransform"""":{""""mode"""":""""single"""",""""offsetX"""":0,""""offsetY"""":0,""""repeatX"""":1,""""repeatY"""":1,""""rotation"""":0}}]""",,flat-panel,,,,,100,true,,5,profile_91×2 adet; upright_49_5×2 adet; panel_98×1 adet; connector_start×2 adet; connector_single×3 adet,wall-short-up-1-100,wall-short-up-1,straight,panel_corner_92,,,,,,,,,,,,createFlatPanelModule,true,true,true,true,evet,evet,evet (yalnız panel selectionMode),evet (yalnız panel selectionMode),hayır,hayır,hayır,evet,evet,IndexedDB put(project) — alan şeması yok,project.modules[] factory state + placement,automatic-wall via creates.kinds,,"src/moduleContracts.js, src/catalog.js, src/items.js","test/wallFlatPanelItemsContract.test.js, test/uprightFieldPlacement.test.js",e2e/wall-flat-panel-items-contract.spec.mjs,docs/items/ITEM_LIST.md
wall_50_short_up_1,wall_50_short_up_1,Panel 50 Short Up 1,flat-panel,COMPOSITE_ITEMS,,,,,recipe,wall-short-up-1,50,,,,,,,,,,,,,,,50,,,,,,,,,,,,top,1,,short-up-1,,,,,,true,true,Panel Ek Modül,,,,wall_50_short_up_1,Panel 50 Short Up 1,,,,,,,,,,,top,1,flat-panel,,short-up-1,,,,50,true,wall-editable,editable,editable,procedural-or-specialized,static,standalone,recipe,src/moduleRecipes.js,,src/designState.js,project-state,true,stand-edge,segment,physical,full,segment,0,standard,silhouette,0.38,module-silhouette,standard,50,[],wall,90,inherit,true,include,true,"""{""""minCm"""":300,""""maxCm"""":350}""","""{""""align"""":""""top"""",""""stripCount"""":1}""",false,false,false,false,false,createFlatPanelModuleState,true,,"itemKey, type, widthCm, stripOccupancy, stripOccupancy.align, stripOccupancy.stripCount, strips",,,,,,,,,wall_50_short_up_1,,,,,,,,,,,,"""{""""align"""":""""top"""",""""stripCount"""":1}""",top,1,"""[{""""id"""":""""surface-3634e49b-29ee-4718-8568-8a227ebc42a7"""",""""stripIndex"""":0,""""color"""":""""#ffffff"""",""""imageAssetId"""":null,""""imageTransform"""":{""""mode"""":""""single"""",""""offsetX"""":0,""""offsetY"""":0,""""repeatX"""":1,""""repeatY"""":1,""""rotation"""":0}}]""",,flat-panel,,,,,50,true,,5,profile_41_5×2 adet; upright_49_5×2 adet; panel_48_5×1 adet; connector_start×2 adet; connector_single×3 adet,wall-short-up-1-50,wall-short-up-1,straight,panel_corner_42_5,,,,,,,,,,,,createFlatPanelModule,true,true,true,true,evet,evet,evet (yalnız panel selectionMode),evet (yalnız panel selectionMode),hayır,hayır,hayır,evet,evet,IndexedDB put(project) — alan şeması yok,project.modules[] factory state + placement,automatic-wall via creates.kinds,,"src/moduleContracts.js, src/catalog.js, src/items.js","test/wallFlatPanelItemsContract.test.js, test/uprightFieldPlacement.test.js",e2e/wall-flat-panel-items-contract.spec.mjs,docs/items/ITEM_LIST.md
wall_base_100,wall_base_100,Panel Bazalı 100,base-wall,COMPOSITE_ITEMS,,,,,recipe,base-wall,100,,,,,,50,350,,,,,,,,100,,,,,,,,,,,,,,,,,,,,,true,true,Panel & Duvar,50,,350,wall_base_100,Panel Bazalı 100,,,,,,,,,,,,,base-wall,,,,,,100,true,wall-editable,editable,editable,procedural-or-specialized,static,standalone,recipe,src/moduleRecipes.js,,src/designState.js,project-state,true,stand-edge,segment,wall-backbone,full,segment,0,standard,silhouette,0.38,module-silhouette,standard,50,[],wall,90,inherit,true,include,true,"""{""""minCm"""":0,""""maxCm"""":350}""",,false,false,false,false,false,createBaseWallModuleState,true,,"itemKey, type, widthCm, depthCm, heightCm, strips, faces",,,50,,"""{""""front"""":{""""id"""":""""surface-11cbe44f-b812-405e-9527-57ffb44ef347"""",""""stripIndex"""":null,""""color"""":""""#ffffff"""",""""imageAssetId"""":null,""""imageTransform"""":{""""mode"""":""""single"""",""""offsetX"""":0,""""offsetY"""":0,""""repeatX"""":1,""""repeatY"""":1,""""rotation"""":0}},""""left"""":{""""id"""":""""surface-7ca12c6a-961a-46e6-9b34-ff8283a58b20"""",""""stripIndex"""":null,""""color"""":""""#ffffff"""",""""imageAssetId"""":null,""""imageTransform"""":{""""mode"""":""""single"""",""""offsetX"""":0,""""offsetY"""":0,""""repeatX"""":1,""""repeatY"""":1,""""rotation"""":0}},""""right"""":{""""id"""":""""surface-c17326e8-27fc-4f03-95c7-16967f02c8f9"""",""""stripIndex"""":null,""""color"""":""""#ffffff"""",""""imageAssetId"""":null,""""imageTransform"""":{""""mode"""":""""single"""",""""offsetX"""":0,""""offsetY"""":0,""""repeatX"""":1,""""repeatY"""":1,""""rotation"""":0}}}""",,350,,wall_base_100,,,,,,,,,,,,,,,"""[{""""id"""":""""surface-c172fa82-115c-4ed3-9708-4ea56a82f123"""",""""stripIndex"""":0,""""color"""":""""#ffffff"""",""""imageAssetId"""":null,""""imageTransform"""":{""""mode"""":""""single"""",""""offsetX"""":0,""""offsetY"""":0,""""repeatX"""":1,""""repeatY"""":1,""""rotation"""":0}},{""""id"""":""""surface-073092a6-0a5d-410c-b47f-31c4c2082aa7"""",""""stripIndex"""":1,""""color"""":""""#ffffff"""",""""imageAssetId"""":null,""""imageTransform"""":{""""mode"""":""""single"""",""""offsetX"""":0,""""offsetY"""":0,""""repeatX"""":1,""""repeatY"""":1,""""rotation"""":0}},{""""id"""":""""surface-64e07818-541d-47ae-9371-a091c0db7773"""",""""stripIndex"""":2,""""color"""":""""#ffffff"""",""""imageAssetId"""":null,""""imageTransform"""":{""""mode"""":""""single"""",""""offsetX"""":0,""""offsetY"""":0,""""repeatX"""":1,""""repeatY"""":1,""""rotation"""":0}},{""""id"""":""""surface-5d2a0b76-d35a-4fd7-a706-00e306b742c5"""",""""stripIndex"""":3,""""color"""":""""#ffffff"""",""""imageAssetId"""":null,""""imageTransform"""":{""""mode"""":""""single"""",""""offsetX"""":0,""""offsetY"""":0,""""repeatX"""":1,""""repeatY"""":1,""""rotation"""":0}},{""""id"""":""""surface-1a58ea61-7f73-4304-b268-7b5572cd73fa"""",""""stripIndex"""":4,""""color"""":""""#ffffff"""",""""imageAssetId"""":null,""""imageTransform"""":{""""mode"""":""""single"""",""""offsetX"""":0,""""offsetY"""":0,""""repeatX"""":1,""""repeatY"""":1,""""rotation"""":0}},{""""id"""":""""surface-f74a3f48-78a6-43db-98e2-ed2946d067fb"""",""""stripIndex"""":5,""""color"""":""""#ffffff"""",""""imageAssetId"""":null,""""imageTransform"""":{""""mode"""":""""single"""",""""offsetX"""":0,""""offsetY"""":0,""""repeatX"""":1,""""repeatY"""":1,""""rotation"""":0}},{""""id"""":""""surface-85c68be1-ee9a-4618-872c-2050bdef48f6"""",""""stripIndex"""":6,""""color"""":""""#ffffff"""",""""imageAssetId"""":null,""""imageTransform"""":{""""mode"""":""""single"""",""""offsetX"""":0,""""offsetY"""":0,""""repeatX"""":1,""""repeatY"""":1,""""rotation"""":0}}]""",,base-wall,,,,,100,true,,9,profile_91×4 adet; upright_346_5×2 adet; profile_41_5×4 adet; upright_49_5×2 adet; panel_98×7 adet; panel_48_5×2 adet; connector_start×6 adet; connector_single×17 adet; base_top_107_50×1 adet,base-wall-100,base-wall,straight,panel_corner_92,,,,,,,,,,,,createBaseWallModule,true,true,true,true,evet,evet,evet (yalnız panel selectionMode),evet (yalnız panel selectionMode),hayır,hayır,hayır,evet,evet,IndexedDB put(project) — alan şeması yok,project.modules[] factory state + placement,,docs/items/definitions/wall_base_100.md,"src/moduleContracts.js, src/catalog.js, src/items.js, src/designState.js",test/wallBaseItemsContract.test.js,e2e/wall-base-items-contract.spec.mjs,"docs/items/ITEM_LIST.md, docs/items/definitions/BASE_100.md, docs/items/definitions/base_top_107_50.md, docs/items/definitions/wall_base_100.md, docs/items/current-system/base_top_107_50.md, docs/items/current-system/wall_base_100.md"
wall_base_150,wall_base_150,Panel Bazalı 150,base-wall,COMPOSITE_ITEMS,,,,,recipe,base-wall,150,,,,,,50,350,,,,,,,,150,,,,,,,,,,,,,,,,,,,,,true,true,Panel & Duvar,50,,350,wall_base_150,Panel Bazalı 150,,,,,,,,,,,,,base-wall,,,,,,150,true,wall-editable,editable,editable,procedural-or-specialized,static,standalone,recipe,src/moduleRecipes.js,,src/designState.js,project-state,true,stand-edge,segment,wall-backbone,full,segment,0,standard,silhouette,0.38,module-silhouette,standard,50,[],wall,90,inherit,true,include,true,"""{""""minCm"""":0,""""maxCm"""":350}""",,false,false,false,false,false,createBaseWallModuleState,true,,"itemKey, type, widthCm, depthCm, heightCm, strips, faces",,,50,,"""{""""front"""":{""""id"""":""""surface-ca48dca9-fc79-49e8-af02-fc03b411533b"""",""""stripIndex"""":null,""""color"""":""""#ffffff"""",""""imageAssetId"""":null,""""imageTransform"""":{""""mode"""":""""single"""",""""offsetX"""":0,""""offsetY"""":0,""""repeatX"""":1,""""repeatY"""":1,""""rotation"""":0}},""""left"""":{""""id"""":""""surface-43f7bafc-ec42-45a1-a93d-03a3f7eec6a1"""",""""stripIndex"""":null,""""color"""":""""#ffffff"""",""""imageAssetId"""":null,""""imageTransform"""":{""""mode"""":""""single"""",""""offsetX"""":0,""""offsetY"""":0,""""repeatX"""":1,""""repeatY"""":1,""""rotation"""":0}},""""right"""":{""""id"""":""""surface-a7945930-2196-4f0f-bd89-9726fe1efaa2"""",""""stripIndex"""":null,""""color"""":""""#ffffff"""",""""imageAssetId"""":null,""""imageTransform"""":{""""mode"""":""""single"""",""""offsetX"""":0,""""offsetY"""":0,""""repeatX"""":1,""""repeatY"""":1,""""rotation"""":0}}}""",,350,,wall_base_150,,,,,,,,,,,,,,,"""[{""""id"""":""""surface-568dfb6e-ebb3-44dc-81a8-ef6bf9b03151"""",""""stripIndex"""":0,""""color"""":""""#ffffff"""",""""imageAssetId"""":null,""""imageTransform"""":{""""mode"""":""""single"""",""""offsetX"""":0,""""offsetY"""":0,""""repeatX"""":1,""""repeatY"""":1,""""rotation"""":0}},{""""id"""":""""surface-260624b5-5be3-41b1-8467-d91856d431b2"""",""""stripIndex"""":1,""""color"""":""""#ffffff"""",""""imageAssetId"""":null,""""imageTransform"""":{""""mode"""":""""single"""",""""offsetX"""":0,""""offsetY"""":0,""""repeatX"""":1,""""repeatY"""":1,""""rotation"""":0}},{""""id"""":""""surface-de510605-1830-4dea-84ba-34e4b41fcd9b"""",""""stripIndex"""":2,""""color"""":""""#ffffff"""",""""imageAssetId"""":null,""""imageTransform"""":{""""mode"""":""""single"""",""""offsetX"""":0,""""offsetY"""":0,""""repeatX"""":1,""""repeatY"""":1,""""rotation"""":0}},{""""id"""":""""surface-aca43fc7-4c04-4cd2-b3d7-e851001be668"""",""""stripIndex"""":3,""""color"""":""""#ffffff"""",""""imageAssetId"""":null,""""imageTransform"""":{""""mode"""":""""single"""",""""offsetX"""":0,""""offsetY"""":0,""""repeatX"""":1,""""repeatY"""":1,""""rotation"""":0}},{""""id"""":""""surface-7351873a-34a0-4b8c-855d-b6f62b98dc14"""",""""stripIndex"""":4,""""color"""":""""#ffffff"""",""""imageAssetId"""":null,""""imageTransform"""":{""""mode"""":""""single"""",""""offsetX"""":0,""""offsetY"""":0,""""repeatX"""":1,""""repeatY"""":1,""""rotation"""":0}},{""""id"""":""""surface-7453cdb4-be13-4a35-8b6f-e883ab93a6bd"""",""""stripIndex"""":5,""""color"""":""""#ffffff"""",""""imageAssetId"""":null,""""imageTransform"""":{""""mode"""":""""single"""",""""offsetX"""":0,""""offsetY"""":0,""""repeatX"""":1,""""repeatY"""":1,""""rotation"""":0}},{""""id"""":""""surface-e6da495d-1cdd-4f05-bd50-6dfbc727019e"""",""""stripIndex"""":6,""""color"""":""""#ffffff"""",""""imageAssetId"""":null,""""imageTransform"""":{""""mode"""":""""single"""",""""offsetX"""":0,""""offsetY"""":0,""""repeatX"""":1,""""repeatY"""":1,""""rotation"""":0}}]""",,base-wall,,,,,150,true,,9,profile_140_5×4 adet; upright_346_5×2 adet; profile_41_5×4 adet; upright_49_5×2 adet; panel_147_5×7 adet; panel_48_5×2 adet; connector_start×6 adet; connector_single×17 adet; base_top_157_50×1 adet,base-wall-150,base-wall,straight,panel_corner_142_5,,,,,,,,,,,,createBaseWallModule,true,true,true,true,evet,evet,evet (yalnız panel selectionMode),evet (yalnız panel selectionMode),hayır,hayır,hayır,evet,evet,IndexedDB put(project) — alan şeması yok,project.modules[] factory state + placement,,docs/items/definitions/wall_base_150.md,"src/moduleContracts.js, src/catalog.js, src/items.js, src/designState.js",test/wallBaseItemsContract.test.js,e2e/wall-base-items-contract.spec.mjs,"docs/items/definitions/wall_base_150.md, docs/items/definitions/base_top_157_50.md, docs/items/definitions/BASE_150.md, docs/items/ITEM_LIST.md, docs/items/current-system/wall_base_150.md, docs/items/current-system/base_top_157_50.md"
wall_base_200,wall_base_200,Panel Bazalı 200,base-wall,COMPOSITE_ITEMS,,,,,recipe,base-wall,200,,,,,,50,350,,,,,,,,200,,,,,,,,,,,,,,,,,,,,,true,true,Panel & Duvar,50,,350,wall_base_200,Panel Bazalı 200,,,,,,,,,,,,,base-wall,,,,,,200,true,wall-editable,editable,editable,procedural-or-specialized,static,standalone,recipe,src/moduleRecipes.js,,src/designState.js,project-state,true,stand-edge,segment,wall-backbone,full,segment,0,standard,silhouette,0.38,module-silhouette,standard,50,[],wall,90,inherit,true,include,true,"""{""""minCm"""":0,""""maxCm"""":350}""",,false,false,false,false,false,createBaseWallModuleState,true,,"itemKey, type, widthCm, depthCm, heightCm, strips, faces",,,50,,"""{""""front"""":{""""id"""":""""surface-537410d8-8726-4b2e-97bc-8daa2cc86798"""",""""stripIndex"""":null,""""color"""":""""#ffffff"""",""""imageAssetId"""":null,""""imageTransform"""":{""""mode"""":""""single"""",""""offsetX"""":0,""""offsetY"""":0,""""repeatX"""":1,""""repeatY"""":1,""""rotation"""":0}},""""left"""":{""""id"""":""""surface-127cb414-d307-42c4-b9f9-768ff40c7d19"""",""""stripIndex"""":null,""""color"""":""""#ffffff"""",""""imageAssetId"""":null,""""imageTransform"""":{""""mode"""":""""single"""",""""offsetX"""":0,""""offsetY"""":0,""""repeatX"""":1,""""repeatY"""":1,""""rotation"""":0}},""""right"""":{""""id"""":""""surface-54112824-9ea2-45bf-b845-7e54e34450f2"""",""""stripIndex"""":null,""""color"""":""""#ffffff"""",""""imageAssetId"""":null,""""imageTransform"""":{""""mode"""":""""single"""",""""offsetX"""":0,""""offsetY"""":0,""""repeatX"""":1,""""repeatY"""":1,""""rotation"""":0}}}""",,350,,wall_base_200,,,,,,,,,,,,,,,"""[{""""id"""":""""surface-fc4145f0-bea9-4339-b494-463e23026868"""",""""stripIndex"""":0,""""color"""":""""#ffffff"""",""""imageAssetId"""":null,""""imageTransform"""":{""""mode"""":""""single"""",""""offsetX"""":0,""""offsetY"""":0,""""repeatX"""":1,""""repeatY"""":1,""""rotation"""":0}},{""""id"""":""""surface-2f36cc65-6f3c-41f6-9b0f-bbe1b2f063bf"""",""""stripIndex"""":1,""""color"""":""""#ffffff"""",""""imageAssetId"""":null,""""imageTransform"""":{""""mode"""":""""single"""",""""offsetX"""":0,""""offsetY"""":0,""""repeatX"""":1,""""repeatY"""":1,""""rotation"""":0}},{""""id"""":""""surface-7ba76fe1-cd06-4818-9d4d-22eaeb5f2970"""",""""stripIndex"""":2,""""color"""":""""#ffffff"""",""""imageAssetId"""":null,""""imageTransform"""":{""""mode"""":""""single"""",""""offsetX"""":0,""""offsetY"""":0,""""repeatX"""":1,""""repeatY"""":1,""""rotation"""":0}},{""""id"""":""""surface-d5e319fc-c532-4941-a480-175c565df0e0"""",""""stripIndex"""":3,""""color"""":""""#ffffff"""",""""imageAssetId"""":null,""""imageTransform"""":{""""mode"""":""""single"""",""""offsetX"""":0,""""offsetY"""":0,""""repeatX"""":1,""""repeatY"""":1,""""rotation"""":0}},{""""id"""":""""surface-46c4c9ea-cd09-4a42-bf1e-0005bfd8cadf"""",""""stripIndex"""":4,""""color"""":""""#ffffff"""",""""imageAssetId"""":null,""""imageTransform"""":{""""mode"""":""""single"""",""""offsetX"""":0,""""offsetY"""":0,""""repeatX"""":1,""""repeatY"""":1,""""rotation"""":0}},{""""id"""":""""surface-fcf85f25-49f9-42c8-b7ae-1515230ea808"""",""""stripIndex"""":5,""""color"""":""""#ffffff"""",""""imageAssetId"""":null,""""imageTransform"""":{""""mode"""":""""single"""",""""offsetX"""":0,""""offsetY"""":0,""""repeatX"""":1,""""repeatY"""":1,""""rotation"""":0}},{""""id"""":""""surface-22bd140c-1cc7-429a-975e-8b7100b8dddc"""",""""stripIndex"""":6,""""color"""":""""#ffffff"""",""""imageAssetId"""":null,""""imageTransform"""":{""""mode"""":""""single"""",""""offsetX"""":0,""""offsetY"""":0,""""repeatX"""":1,""""repeatY"""":1,""""rotation"""":0}}]""",,base-wall,,,,,200,true,,9,profile_190×4 adet; upright_346_5×2 adet; profile_41_5×4 adet; upright_49_5×2 adet; panel_197×7 adet; panel_48_5×2 adet; connector_start×6 adet; connector_single×17 adet; base_top_206_50×1 adet,base-wall-200,base-wall,straight,panel_corner_192,,,,,,,,,,,,createBaseWallModule,true,true,true,true,evet,evet,evet (yalnız panel selectionMode),evet (yalnız panel selectionMode),hayır,hayır,hayır,evet,evet,IndexedDB put(project) — alan şeması yok,project.modules[] factory state + placement,,docs/items/definitions/wall_base_200.md,"src/moduleContracts.js, src/catalog.js, src/items.js, src/designState.js",test/wallBaseItemsContract.test.js,e2e/wall-base-items-contract.spec.mjs,"docs/items/definitions/BASE_200.md, docs/items/ITEM_LIST.md, docs/items/definitions/wall_base_200.md, docs/items/definitions/base_top_206_50.md, docs/items/current-system/wall_base_200.md, docs/items/current-system/base_top_206_50.md"
wall_separator_50,wall_separator_50,Separatör 50,separator,COMPOSITE_ITEMS,,,,,recipe,separator,50,,,,,,,,,,,,,,,50,,,,,,,,,,,,,,,,,,,,,true,true,Panel & Duvar,,,,wall_separator_50,Separatör 50,,,,,,,,,,,,,separator,,,,,,50,true,wall-color-only,editable,none,procedural-or-model,static,standalone,recipe,src/moduleRecipes.js,,src/designState.js,project-state,true,stand-edge,segment,physical,full,segment,0,standard,silhouette,0.38,module-silhouette,standard,50,[],wall,90,inherit,true,include,true,"""{""""minCm"""":0,""""maxCm"""":350}""",,false,false,false,false,false,createSeparatorModuleState,true,,"itemKey, type, widthCm, modelFile, surface",,,,,,,,,wall_separator_50,null,,,,,,,,,,,,,,,"""{""""id"""":""""surface-9331577e-66ef-4aed-b17a-21f6bc26664b"""",""""color"""":""""#c79b63""""}""",separator,,,,,50,true,,6,profile_41_5×2 adet; upright_346_5×2 adet; separator_panel_48_5×1 adet; separator_panel_98×3 adet; connector_start×2 adet; connector_single×7 adet,separator-50,separator,straight,,,,,,,,,,,,,createSeparatorModule,true,true,true,true,evet,hayır,hayır,hayır,hayır,hayır,hayır,evet,evet,IndexedDB put(project) — alan şeması yok,project.modules[] factory state + placement,,docs/items/definitions/wall_separator_50.md,"src/moduleContracts.js, src/catalog.js, src/items.js, src/designState.js","test/catalogSingleSource.test.js, test/wallSeparatorItemsContract.test.js",e2e/wall-separator-items-contract.spec.mjs,"docs/items/definitions/wall_separator_50.md, docs/items/definitions/wall_separator_50_sarmasik.md, docs/items/ITEM_LIST.md, docs/items/inventory/ITEM_CAPABILITY_INVENTORY.md, docs/items/current-system/wall_separator_50_sarmasik.md, docs/assets/PUBLIC_MODEL_ATTRIBUTION.md, docs/items/current-system/wall_separator_50.md"
wall_separator_100,wall_separator_100,Separatör 100,separator,COMPOSITE_ITEMS,,,,,recipe,separator,100,,,,,,,,,,,,,,,100,,,,,,,,,,,,,,,,,,,,,true,true,Panel & Duvar,,,,wall_separator_100,Separatör 100,,,,,,,,,,,,,separator,,,,,,100,true,wall-color-only,editable,none,procedural-or-model,static,standalone,recipe,src/moduleRecipes.js,,src/designState.js,project-state,true,stand-edge,segment,physical,full,segment,0,standard,silhouette,0.38,module-silhouette,standard,50,[],wall,90,inherit,true,include,true,"""{""""minCm"""":0,""""maxCm"""":350}""",,false,false,false,false,false,createSeparatorModuleState,true,,"itemKey, type, widthCm, modelFile, surface",,,,,,,,,wall_separator_100,null,,,,,,,,,,,,,,,"""{""""id"""":""""surface-68322c80-cab5-43b6-8b03-b00884416972"""",""""color"""":""""#c79b63""""}""",separator,,,,,100,true,,5,profile_91×2 adet; upright_346_5×2 adet; separator_panel_98×7 adet; connector_start×2 adet; connector_single×13 adet,separator-100,separator,straight,,,,,,,,,,,,,createSeparatorModule,true,true,true,true,evet,hayır,hayır,hayır,hayır,hayır,hayır,evet,evet,IndexedDB put(project) — alan şeması yok,project.modules[] factory state + placement,,docs/items/definitions/wall_separator_100.md,"src/moduleContracts.js, src/catalog.js, src/items.js, src/designState.js","test/profileFieldPlacement.test.js, test/moduleStateConstructionRegistry.test.js, test/catalogSingleSource.test.js, test/wallSeparatorItemsContract.test.js",e2e/wall-separator-items-contract.spec.mjs,"docs/items/definitions/wall_separator_100.md, docs/items/definitions/wall_separator_100_sarmasik.md, docs/items/ITEM_LIST.md, docs/items/inventory/ITEM_CAPABILITY_INVENTORY.md, docs/items/current-system/wall_separator_100.md, docs/items/current-system/wall_separator_100_sarmasik.md, docs/assets/PUBLIC_MODEL_ATTRIBUTION.md"
wall_separator_50_sarmasik,wall_separator_50_sarmasik,Separatör 50 Sarmaşık,separator,COMPOSITE_ITEMS,,,,,recipe,separator,50,,,,,,,,,,,,,,,50,,,wall_separator_50_sarmasik.glb,,,,,,,,,,,,,,,,,,true,true,Panel & Duvar,,,,wall_separator_50_sarmasik,Separatör 50 Sarmaşık,wall_separator_50_sarmasik.glb,,,,,,,,,,,,separator,,,,,,50,true,wall-color-only,editable,none,procedural-or-model,static,standalone,recipe,src/moduleRecipes.js,,src/designState.js,project-state,true,stand-edge,segment,physical,full,segment,0,standard,silhouette,0.38,module-silhouette,standard,50,[],wall,90,inherit,true,include,true,"""{""""minCm"""":0,""""maxCm"""":350}""",,false,false,false,false,false,createSeparatorModuleState,true,,"itemKey, type, widthCm, modelFile, surface",,,,,,,,,wall_separator_50_sarmasik,wall_separator_50_sarmasik.glb,,,,,,,,,,,,,,,"""{""""id"""":""""surface-473f6b1d-626b-4b99-90fa-c4ad26974058"""",""""color"""":""""#c79b63""""}""",separator,,,,,50,true,,6,profile_41_5×2 adet; upright_346_5×2 adet; separator_panel_48_5×1 adet; separator_panel_98×3 adet; connector_start×2 adet; connector_single×7 adet,separator-50,separator,straight,,,,,,,,,,,,,createSeparatorModule,true,true,true,true,evet,hayır,hayır,hayır,hayır,hayır,hayır,evet,evet,IndexedDB put(project) — alan şeması yok,project.modules[] factory state + placement,,docs/items/definitions/wall_separator_50_sarmasik.md,"src/moduleContracts.js, src/catalog.js, src/items.js","test/wallSeparatorItemsContract.test.js, test/catalogSingleSource.test.js",e2e/wall-separator-items-contract.spec.mjs,"docs/items/ITEM_LIST.md, docs/items/definitions/wall_separator_50_sarmasik.md, docs/items/inventory/ITEM_CAPABILITY_INVENTORY.md, docs/items/current-system/wall_separator_50_sarmasik.md, docs/assets/PUBLIC_MODEL_ATTRIBUTION.md"
wall_separator_100_sarmasik,wall_separator_100_sarmasik,Separatör 100 Sarmaşık,separator,COMPOSITE_ITEMS,,,,,recipe,separator,100,,,,,,,,,,,,,,,100,,,wall_separator_100_sarmasik.glb,,,,,,,,,,,,,,,,,,true,true,Panel & Duvar,,,,wall_separator_100_sarmasik,Separatör 100 Sarmaşık,wall_separator_100_sarmasik.glb,,,,,,,,,,,,separator,,,,,,100,true,wall-color-only,editable,none,procedural-or-model,static,standalone,recipe,src/moduleRecipes.js,,src/designState.js,project-state,true,stand-edge,segment,physical,full,segment,0,standard,silhouette,0.38,module-silhouette,standard,50,[],wall,90,inherit,true,include,true,"""{""""minCm"""":0,""""maxCm"""":350}""",,false,false,false,false,false,createSeparatorModuleState,true,,"itemKey, type, widthCm, modelFile, surface",,,,,,,,,wall_separator_100_sarmasik,wall_separator_100_sarmasik.glb,,,,,,,,,,,,,,,"""{""""id"""":""""surface-7788c9c9-0f63-4e4d-9dcd-1da2e4ee8688"""",""""color"""":""""#c79b63""""}""",separator,,,,,100,true,,5,profile_91×2 adet; upright_346_5×2 adet; separator_panel_98×7 adet; connector_start×2 adet; connector_single×13 adet,separator-100,separator,straight,,,,,,,,,,,,,createSeparatorModule,true,true,true,true,evet,hayır,hayır,hayır,hayır,hayır,hayır,evet,evet,IndexedDB put(project) — alan şeması yok,project.modules[] factory state + placement,,docs/items/definitions/wall_separator_100_sarmasik.md,"src/moduleContracts.js, src/catalog.js, src/items.js","test/moduleStateConstructionRegistry.test.js, test/wallSeparatorItemsContract.test.js, test/catalogSingleSource.test.js",e2e/wall-separator-items-contract.spec.mjs,"docs/items/definitions/wall_separator_100_sarmasik.md, docs/items/ITEM_LIST.md, docs/items/inventory/ITEM_CAPABILITY_INVENTORY.md, docs/items/current-system/wall_separator_100_sarmasik.md, docs/assets/PUBLIC_MODEL_ATTRIBUTION.md"
wall_shelf_2_100,wall_shelf_2_100,Raf 100 · 2 Raf,shelf,COMPOSITE_ITEMS,,,,,recipe,shelf,100,,2,,,,,,,,,,,,,100,,,,,,,,,,2,,,,,,,,,,,true,true,Raf & Vitrin,,,,wall_shelf_2_100,Raf 100 · 2 Raf,,,,,,,,,2,,,,shelf,,,,,,100,true,wall-editable,editable,editable,procedural-or-specialized,static,standalone,recipe,src/moduleRecipes.js,,src/designState.js,project-state,true,stand-edge,segment,physical,full,segment,0,standard,silhouette,0.38,module-silhouette,standard,50,[],wall,90,inherit,true,include,true,"""{""""minCm"""":0,""""maxCm"""":350}""",,false,false,false,false,false,createShelfModuleState,true,,"itemKey, type, widthCm, shelfCount, shelfLightingOn, strips",,,,,,,,,wall_shelf_2_100,,,,,,,,,2,false,,,,,"""[{""""id"""":""""surface-5c11f743-d8a8-4eae-93ba-1c9180ee55f6"""",""""stripIndex"""":0,""""color"""":""""#ffffff"""",""""imageAssetId"""":null,""""imageTransform"""":{""""mode"""":""""single"""",""""offsetX"""":0,""""offsetY"""":0,""""repeatX"""":1,""""repeatY"""":1,""""rotation"""":0}},{""""id"""":""""surface-f0710f0a-e8b1-45df-938e-67a026f37fb9"""",""""stripIndex"""":1,""""color"""":""""#ffffff"""",""""imageAssetId"""":null,""""imageTransform"""":{""""mode"""":""""single"""",""""offsetX"""":0,""""offsetY"""":0,""""repeatX"""":1,""""repeatY"""":1,""""rotation"""":0}},{""""id"""":""""surface-30f66884-fdfb-405a-818c-1009ea5f0112"""",""""stripIndex"""":2,""""color"""":""""#ffffff"""",""""imageAssetId"""":null,""""imageTransform"""":{""""mode"""":""""single"""",""""offsetX"""":0,""""offsetY"""":0,""""repeatX"""":1,""""repeatY"""":1,""""rotation"""":0}},{""""id"""":""""surface-1a8040bb-1795-4129-bad1-325d09b834e7"""",""""stripIndex"""":3,""""color"""":""""#ffffff"""",""""imageAssetId"""":null,""""imageTransform"""":{""""mode"""":""""single"""",""""offsetX"""":0,""""offsetY"""":0,""""repeatX"""":1,""""repeatY"""":1,""""rotation"""":0}},{""""id"""":""""surface-58bccee8-1fc2-439f-a442-2da7496ac4a2"""",""""stripIndex"""":4,""""color"""":""""#ffffff"""",""""imageAssetId"""":null,""""imageTransform"""":{""""mode"""":""""single"""",""""offsetX"""":0,""""offsetY"""":0,""""repeatX"""":1,""""repeatY"""":1,""""rotation"""":0}},{""""id"""":""""surface-c8fc9518-c694-4601-bfc2-fd609d98ae51"""",""""stripIndex"""":5,""""color"""":""""#ffffff"""",""""imageAssetId"""":null,""""imageTransform"""":{""""mode"""":""""single"""",""""offsetX"""":0,""""offsetY"""":0,""""repeatX"""":1,""""repeatY"""":1,""""rotation"""":0}},{""""id"""":""""surface-5b9a1e02-c8cf-4249-8794-8ef8482ac460"""",""""stripIndex"""":6,""""color"""":""""#ffffff"""",""""imageAssetId"""":null,""""imageTransform"""":{""""mode"""":""""single"""",""""offsetX"""":0,""""offsetY"""":0,""""repeatX"""":1,""""repeatY"""":1,""""rotation"""":0}}]""",,shelf,,,,,100,true,,7,profile_91×2 adet; upright_346_5×2 adet; panel_98×7 adet; connector_start×2 adet; connector_single×13 adet; shelf_100×2 adet; shelf_leg×4 adet,shelf-wall-100-2,shelf,straight,panel_corner_92,,,,,,,,,,,,createShelfModule,true,true,true,true,evet,evet,evet (yalnız panel selectionMode),evet (yalnız panel selectionMode),evet,hayır,hayır,evet,evet,IndexedDB put(project) — alan şeması yok,project.modules[] factory state + placement,,docs/items/definitions/wall_shelf_2_100.md,"src/moduleContracts.js, src/catalog.js, src/items.js","test/wallShelfItemsContract.test.js, test/shelfModule.test.js",e2e/wall-shelf-items-contract.spec.mjs,"docs/items/definitions/wall_shelf_2_100.md, docs/items/ITEM_LIST.md, docs/items/current-system/wall_shelf_2_100.md"
wall_shelf_2_150,wall_shelf_2_150,Raf 150 · 2 Raf,shelf,COMPOSITE_ITEMS,,,,,recipe,shelf,150,,2,,,,,,,,,,,,,150,,,,,,,,,,2,,,,,,,,,,,true,true,Raf & Vitrin,,,,wall_shelf_2_150,Raf 150 · 2 Raf,,,,,,,,,2,,,,shelf,,,,,,150,true,wall-editable,editable,editable,procedural-or-specialized,static,standalone,recipe,src/moduleRecipes.js,,src/designState.js,project-state,true,stand-edge,segment,physical,full,segment,0,standard,silhouette,0.38,module-silhouette,standard,50,[],wall,90,inherit,true,include,true,"""{""""minCm"""":0,""""maxCm"""":350}""",,false,false,false,false,false,createShelfModuleState,true,,"itemKey, type, widthCm, shelfCount, shelfLightingOn, strips",,,,,,,,,wall_shelf_2_150,,,,,,,,,2,false,,,,,"""[{""""id"""":""""surface-c1f6d7a8-33a1-4e5a-83b9-fa770af37c90"""",""""stripIndex"""":0,""""color"""":""""#ffffff"""",""""imageAssetId"""":null,""""imageTransform"""":{""""mode"""":""""single"""",""""offsetX"""":0,""""offsetY"""":0,""""repeatX"""":1,""""repeatY"""":1,""""rotation"""":0}},{""""id"""":""""surface-f5ae4f6b-baa4-4169-b204-888733bf45f6"""",""""stripIndex"""":1,""""color"""":""""#ffffff"""",""""imageAssetId"""":null,""""imageTransform"""":{""""mode"""":""""single"""",""""offsetX"""":0,""""offsetY"""":0,""""repeatX"""":1,""""repeatY"""":1,""""rotation"""":0}},{""""id"""":""""surface-a02c2f90-8064-4131-91ee-231ae0c1a704"""",""""stripIndex"""":2,""""color"""":""""#ffffff"""",""""imageAssetId"""":null,""""imageTransform"""":{""""mode"""":""""single"""",""""offsetX"""":0,""""offsetY"""":0,""""repeatX"""":1,""""repeatY"""":1,""""rotation"""":0}},{""""id"""":""""surface-65f6d57c-a770-4775-a45c-125caecf4e96"""",""""stripIndex"""":3,""""color"""":""""#ffffff"""",""""imageAssetId"""":null,""""imageTransform"""":{""""mode"""":""""single"""",""""offsetX"""":0,""""offsetY"""":0,""""repeatX"""":1,""""repeatY"""":1,""""rotation"""":0}},{""""id"""":""""surface-ee915f14-463e-45ba-a0f3-c4d7a7c44fad"""",""""stripIndex"""":4,""""color"""":""""#ffffff"""",""""imageAssetId"""":null,""""imageTransform"""":{""""mode"""":""""single"""",""""offsetX"""":0,""""offsetY"""":0,""""repeatX"""":1,""""repeatY"""":1,""""rotation"""":0}},{""""id"""":""""surface-9ffc6ee9-2f31-46b7-bcde-e1aadea099a9"""",""""stripIndex"""":5,""""color"""":""""#ffffff"""",""""imageAssetId"""":null,""""imageTransform"""":{""""mode"""":""""single"""",""""offsetX"""":0,""""offsetY"""":0,""""repeatX"""":1,""""repeatY"""":1,""""rotation"""":0}},{""""id"""":""""surface-479c951a-2c01-4c30-a101-c49b06895c69"""",""""stripIndex"""":6,""""color"""":""""#ffffff"""",""""imageAssetId"""":null,""""imageTransform"""":{""""mode"""":""""single"""",""""offsetX"""":0,""""offsetY"""":0,""""repeatX"""":1,""""repeatY"""":1,""""rotation"""":0}}]""",,shelf,,,,,150,true,,7,profile_140_5×2 adet; upright_346_5×2 adet; panel_147_5×7 adet; connector_start×2 adet; connector_single×13 adet; shelf_150×2 adet; shelf_leg×4 adet,shelf-wall-150-2,shelf,straight,panel_corner_142_5,,,,,,,,,,,,createShelfModule,true,true,true,true,evet,evet,evet (yalnız panel selectionMode),evet (yalnız panel selectionMode),evet,hayır,hayır,evet,evet,IndexedDB put(project) — alan şeması yok,project.modules[] factory state + placement,,docs/items/definitions/wall_shelf_2_150.md,"src/moduleContracts.js, src/catalog.js, src/items.js","test/wallShelfItemsContract.test.js, test/shelfModule.test.js",e2e/wall-shelf-items-contract.spec.mjs,"docs/items/definitions/wall_shelf_2_150.md, docs/items/ITEM_LIST.md, docs/items/current-system/wall_shelf_2_150.md"
wall_shelf_2_200,wall_shelf_2_200,Raf 200 · 2 Raf,shelf,COMPOSITE_ITEMS,,,,,recipe,shelf,200,,2,,,,,,,,,,,,,200,,,,,,,,,,2,,,,,,,,,,,true,true,Raf & Vitrin,,,,wall_shelf_2_200,Raf 200 · 2 Raf,,,,,,,,,2,,,,shelf,,,,,,200,true,wall-editable,editable,editable,procedural-or-specialized,static,standalone,recipe,src/moduleRecipes.js,,src/designState.js,project-state,true,stand-edge,segment,physical,full,segment,0,standard,silhouette,0.38,module-silhouette,standard,50,[],wall,90,inherit,true,include,true,"""{""""minCm"""":0,""""maxCm"""":350}""",,false,false,false,false,false,createShelfModuleState,true,,"itemKey, type, widthCm, shelfCount, shelfLightingOn, strips",,,,,,,,,wall_shelf_2_200,,,,,,,,,2,false,,,,,"""[{""""id"""":""""surface-73f91127-22ef-4701-be45-7168b37a2ce7"""",""""stripIndex"""":0,""""color"""":""""#ffffff"""",""""imageAssetId"""":null,""""imageTransform"""":{""""mode"""":""""single"""",""""offsetX"""":0,""""offsetY"""":0,""""repeatX"""":1,""""repeatY"""":1,""""rotation"""":0}},{""""id"""":""""surface-faffbd78-6b58-496a-b463-a92598954f29"""",""""stripIndex"""":1,""""color"""":""""#ffffff"""",""""imageAssetId"""":null,""""imageTransform"""":{""""mode"""":""""single"""",""""offsetX"""":0,""""offsetY"""":0,""""repeatX"""":1,""""repeatY"""":1,""""rotation"""":0}},{""""id"""":""""surface-e496588a-be34-4fda-a17f-3059904c36f8"""",""""stripIndex"""":2,""""color"""":""""#ffffff"""",""""imageAssetId"""":null,""""imageTransform"""":{""""mode"""":""""single"""",""""offsetX"""":0,""""offsetY"""":0,""""repeatX"""":1,""""repeatY"""":1,""""rotation"""":0}},{""""id"""":""""surface-cb9b2643-1919-4ef6-9773-1e5c272d2548"""",""""stripIndex"""":3,""""color"""":""""#ffffff"""",""""imageAssetId"""":null,""""imageTransform"""":{""""mode"""":""""single"""",""""offsetX"""":0,""""offsetY"""":0,""""repeatX"""":1,""""repeatY"""":1,""""rotation"""":0}},{""""id"""":""""surface-0959bb58-385e-4ab0-8989-f48505151cc7"""",""""stripIndex"""":4,""""color"""":""""#ffffff"""",""""imageAssetId"""":null,""""imageTransform"""":{""""mode"""":""""single"""",""""offsetX"""":0,""""offsetY"""":0,""""repeatX"""":1,""""repeatY"""":1,""""rotation"""":0}},{""""id"""":""""surface-3b30a9cb-92fa-41a0-9edd-d9583ad0c0a2"""",""""stripIndex"""":5,""""color"""":""""#ffffff"""",""""imageAssetId"""":null,""""imageTransform"""":{""""mode"""":""""single"""",""""offsetX"""":0,""""offsetY"""":0,""""repeatX"""":1,""""repeatY"""":1,""""rotation"""":0}},{""""id"""":""""surface-515a3b88-d5b7-4fdd-9a46-e4e86c3a0e63"""",""""stripIndex"""":6,""""color"""":""""#ffffff"""",""""imageAssetId"""":null,""""imageTransform"""":{""""mode"""":""""single"""",""""offsetX"""":0,""""offsetY"""":0,""""repeatX"""":1,""""repeatY"""":1,""""rotation"""":0}}]""",,shelf,,,,,200,true,,7,profile_190×2 adet; upright_346_5×2 adet; panel_197×7 adet; connector_start×2 adet; connector_single×13 adet; shelf_200×2 adet; shelf_leg×6 adet,shelf-wall-200-2,shelf,straight,panel_corner_192,,,,,,,,,,,,createShelfModule,true,true,true,true,evet,evet,evet (yalnız panel selectionMode),evet (yalnız panel selectionMode),evet,hayır,hayır,evet,evet,IndexedDB put(project) — alan şeması yok,project.modules[] factory state + placement,,docs/items/definitions/wall_shelf_2_200.md,"src/moduleContracts.js, src/catalog.js, src/items.js","test/wallShelfItemsContract.test.js, test/shelfModule.test.js",e2e/wall-shelf-items-contract.spec.mjs,"docs/items/definitions/wall_shelf_2_200.md, docs/items/ITEM_LIST.md, docs/items/current-system/wall_shelf_2_200.md"
wall_shelf_3_100,wall_shelf_3_100,Raf 100 · 3 Raf,shelf,COMPOSITE_ITEMS,,,,,recipe,shelf,100,,3,,,,,,,,,,,,,100,,,,,,,,,,3,,,,,,,,,,,true,true,Raf & Vitrin,,,,wall_shelf_3_100,Raf 100 · 3 Raf,,,,,,,,,3,,,,shelf,,,,,,100,true,wall-editable,editable,editable,procedural-or-specialized,static,standalone,recipe,src/moduleRecipes.js,,src/designState.js,project-state,true,stand-edge,segment,physical,full,segment,0,standard,silhouette,0.38,module-silhouette,standard,50,[],wall,90,inherit,true,include,true,"""{""""minCm"""":0,""""maxCm"""":350}""",,false,false,false,false,false,createShelfModuleState,true,,"itemKey, type, widthCm, shelfCount, shelfLightingOn, strips",,,,,,,,,wall_shelf_3_100,,,,,,,,,3,false,,,,,"""[{""""id"""":""""surface-1aa827ad-fe94-4fc9-bd9d-bec41f3429dc"""",""""stripIndex"""":0,""""color"""":""""#ffffff"""",""""imageAssetId"""":null,""""imageTransform"""":{""""mode"""":""""single"""",""""offsetX"""":0,""""offsetY"""":0,""""repeatX"""":1,""""repeatY"""":1,""""rotation"""":0}},{""""id"""":""""surface-29970da8-beae-40b5-ae57-beda897a7fc2"""",""""stripIndex"""":1,""""color"""":""""#ffffff"""",""""imageAssetId"""":null,""""imageTransform"""":{""""mode"""":""""single"""",""""offsetX"""":0,""""offsetY"""":0,""""repeatX"""":1,""""repeatY"""":1,""""rotation"""":0}},{""""id"""":""""surface-179168a7-ef76-4cfe-8e8e-feeea2ff6a6d"""",""""stripIndex"""":2,""""color"""":""""#ffffff"""",""""imageAssetId"""":null,""""imageTransform"""":{""""mode"""":""""single"""",""""offsetX"""":0,""""offsetY"""":0,""""repeatX"""":1,""""repeatY"""":1,""""rotation"""":0}},{""""id"""":""""surface-31f94df7-bec3-440f-95a7-208a8e1ffc62"""",""""stripIndex"""":3,""""color"""":""""#ffffff"""",""""imageAssetId"""":null,""""imageTransform"""":{""""mode"""":""""single"""",""""offsetX"""":0,""""offsetY"""":0,""""repeatX"""":1,""""repeatY"""":1,""""rotation"""":0}},{""""id"""":""""surface-3bc74132-a320-401c-90b0-625f6114f9e7"""",""""stripIndex"""":4,""""color"""":""""#ffffff"""",""""imageAssetId"""":null,""""imageTransform"""":{""""mode"""":""""single"""",""""offsetX"""":0,""""offsetY"""":0,""""repeatX"""":1,""""repeatY"""":1,""""rotation"""":0}},{""""id"""":""""surface-fe6cff78-ef60-487a-9bdc-b3adb4ed17dd"""",""""stripIndex"""":5,""""color"""":""""#ffffff"""",""""imageAssetId"""":null,""""imageTransform"""":{""""mode"""":""""single"""",""""offsetX"""":0,""""offsetY"""":0,""""repeatX"""":1,""""repeatY"""":1,""""rotation"""":0}},{""""id"""":""""surface-c1c274c3-6f9a-457a-835a-0d1c642a9561"""",""""stripIndex"""":6,""""color"""":""""#ffffff"""",""""imageAssetId"""":null,""""imageTransform"""":{""""mode"""":""""single"""",""""offsetX"""":0,""""offsetY"""":0,""""repeatX"""":1,""""repeatY"""":1,""""rotation"""":0}}]""",,shelf,,,,,100,true,,7,profile_91×2 adet; upright_346_5×2 adet; panel_98×7 adet; connector_start×2 adet; connector_single×13 adet; shelf_100×3 adet; shelf_leg×6 adet,shelf-wall-100-3,shelf,straight,panel_corner_92,,,,,,,,,,,,createShelfModule,true,true,true,true,evet,evet,evet (yalnız panel selectionMode),evet (yalnız panel selectionMode),evet,hayır,hayır,evet,evet,IndexedDB put(project) — alan şeması yok,project.modules[] factory state + placement,,docs/items/definitions/wall_shelf_3_100.md,"src/moduleContracts.js, src/catalog.js, src/items.js","test/shelfModule.test.js, test/wallShelfItemsContract.test.js","e2e/shelf-board-appearance.spec.mjs, e2e/wall-shelf-items-contract.spec.mjs","docs/items/definitions/wall_shelf_3_100.md, docs/items/ITEM_LIST.md, docs/items/current-system/wall_shelf_3_100.md"
wall_shelf_3_150,wall_shelf_3_150,Raf 150 · 3 Raf,shelf,COMPOSITE_ITEMS,,,,,recipe,shelf,150,,3,,,,,,,,,,,,,150,,,,,,,,,,3,,,,,,,,,,,true,true,Raf & Vitrin,,,,wall_shelf_3_150,Raf 150 · 3 Raf,,,,,,,,,3,,,,shelf,,,,,,150,true,wall-editable,editable,editable,procedural-or-specialized,static,standalone,recipe,src/moduleRecipes.js,,src/designState.js,project-state,true,stand-edge,segment,physical,full,segment,0,standard,silhouette,0.38,module-silhouette,standard,50,[],wall,90,inherit,true,include,true,"""{""""minCm"""":0,""""maxCm"""":350}""",,false,false,false,false,false,createShelfModuleState,true,,"itemKey, type, widthCm, shelfCount, shelfLightingOn, strips",,,,,,,,,wall_shelf_3_150,,,,,,,,,3,false,,,,,"""[{""""id"""":""""surface-11541740-ac91-4219-9f12-56bd13cfc61c"""",""""stripIndex"""":0,""""color"""":""""#ffffff"""",""""imageAssetId"""":null,""""imageTransform"""":{""""mode"""":""""single"""",""""offsetX"""":0,""""offsetY"""":0,""""repeatX"""":1,""""repeatY"""":1,""""rotation"""":0}},{""""id"""":""""surface-1e1acd21-6b79-473e-931f-184528d73222"""",""""stripIndex"""":1,""""color"""":""""#ffffff"""",""""imageAssetId"""":null,""""imageTransform"""":{""""mode"""":""""single"""",""""offsetX"""":0,""""offsetY"""":0,""""repeatX"""":1,""""repeatY"""":1,""""rotation"""":0}},{""""id"""":""""surface-8b391c89-ea0b-4025-8d7e-e88c82306ab6"""",""""stripIndex"""":2,""""color"""":""""#ffffff"""",""""imageAssetId"""":null,""""imageTransform"""":{""""mode"""":""""single"""",""""offsetX"""":0,""""offsetY"""":0,""""repeatX"""":1,""""repeatY"""":1,""""rotation"""":0}},{""""id"""":""""surface-2b5a0eb3-2d34-4e2d-8e58-ec7dcc64356e"""",""""stripIndex"""":3,""""color"""":""""#ffffff"""",""""imageAssetId"""":null,""""imageTransform"""":{""""mode"""":""""single"""",""""offsetX"""":0,""""offsetY"""":0,""""repeatX"""":1,""""repeatY"""":1,""""rotation"""":0}},{""""id"""":""""surface-5be538a2-9357-4512-883e-e4df4bd079fb"""",""""stripIndex"""":4,""""color"""":""""#ffffff"""",""""imageAssetId"""":null,""""imageTransform"""":{""""mode"""":""""single"""",""""offsetX"""":0,""""offsetY"""":0,""""repeatX"""":1,""""repeatY"""":1,""""rotation"""":0}},{""""id"""":""""surface-2e81ed83-70b7-4eb2-bd2d-4ceb3e96573c"""",""""stripIndex"""":5,""""color"""":""""#ffffff"""",""""imageAssetId"""":null,""""imageTransform"""":{""""mode"""":""""single"""",""""offsetX"""":0,""""offsetY"""":0,""""repeatX"""":1,""""repeatY"""":1,""""rotation"""":0}},{""""id"""":""""surface-a46c2679-b8ba-4419-a2f6-f2cebf69a70f"""",""""stripIndex"""":6,""""color"""":""""#ffffff"""",""""imageAssetId"""":null,""""imageTransform"""":{""""mode"""":""""single"""",""""offsetX"""":0,""""offsetY"""":0,""""repeatX"""":1,""""repeatY"""":1,""""rotation"""":0}}]""",,shelf,,,,,150,true,,7,profile_140_5×2 adet; upright_346_5×2 adet; panel_147_5×7 adet; connector_start×2 adet; connector_single×13 adet; shelf_150×3 adet; shelf_leg×6 adet,shelf-wall-150-3,shelf,straight,panel_corner_142_5,,,,,,,,,,,,createShelfModule,true,true,true,true,evet,evet,evet (yalnız panel selectionMode),evet (yalnız panel selectionMode),evet,hayır,hayır,evet,evet,IndexedDB put(project) — alan şeması yok,project.modules[] factory state + placement,,docs/items/definitions/wall_shelf_3_150.md,"src/moduleContracts.js, src/catalog.js, src/items.js","test/wallShelfItemsContract.test.js, test/shelfModule.test.js",e2e/wall-shelf-items-contract.spec.mjs,"docs/items/ITEM_LIST.md, docs/items/current-system/wall_shelf_3_150.md, docs/items/definitions/wall_shelf_3_150.md"
wall_shelf_3_200,wall_shelf_3_200,Raf 200 · 3 Raf,shelf,COMPOSITE_ITEMS,,,,,recipe,shelf,200,,3,,,,,,,,,,,,,200,,,,,,,,,,3,,,,,,,,,,,true,true,Raf & Vitrin,,,,wall_shelf_3_200,Raf 200 · 3 Raf,,,,,,,,,3,,,,shelf,,,,,,200,true,wall-editable,editable,editable,procedural-or-specialized,static,standalone,recipe,src/moduleRecipes.js,,src/designState.js,project-state,true,stand-edge,segment,physical,full,segment,0,standard,silhouette,0.38,module-silhouette,standard,50,[],wall,90,inherit,true,include,true,"""{""""minCm"""":0,""""maxCm"""":350}""",,false,false,false,false,false,createShelfModuleState,true,,"itemKey, type, widthCm, shelfCount, shelfLightingOn, strips",,,,,,,,,wall_shelf_3_200,,,,,,,,,3,false,,,,,"""[{""""id"""":""""surface-a1666aca-4703-41f9-970b-fe872646c1e6"""",""""stripIndex"""":0,""""color"""":""""#ffffff"""",""""imageAssetId"""":null,""""imageTransform"""":{""""mode"""":""""single"""",""""offsetX"""":0,""""offsetY"""":0,""""repeatX"""":1,""""repeatY"""":1,""""rotation"""":0}},{""""id"""":""""surface-eaf5f7d2-fa20-40b2-bd53-4743a0242295"""",""""stripIndex"""":1,""""color"""":""""#ffffff"""",""""imageAssetId"""":null,""""imageTransform"""":{""""mode"""":""""single"""",""""offsetX"""":0,""""offsetY"""":0,""""repeatX"""":1,""""repeatY"""":1,""""rotation"""":0}},{""""id"""":""""surface-9f16a8d6-348f-4b5b-8f7c-b9910c7f3550"""",""""stripIndex"""":2,""""color"""":""""#ffffff"""",""""imageAssetId"""":null,""""imageTransform"""":{""""mode"""":""""single"""",""""offsetX"""":0,""""offsetY"""":0,""""repeatX"""":1,""""repeatY"""":1,""""rotation"""":0}},{""""id"""":""""surface-5120b146-d77d-4047-b504-f33e2d6012a1"""",""""stripIndex"""":3,""""color"""":""""#ffffff"""",""""imageAssetId"""":null,""""imageTransform"""":{""""mode"""":""""single"""",""""offsetX"""":0,""""offsetY"""":0,""""repeatX"""":1,""""repeatY"""":1,""""rotation"""":0}},{""""id"""":""""surface-4f0bceb2-881f-4db5-8e59-140b6602f824"""",""""stripIndex"""":4,""""color"""":""""#ffffff"""",""""imageAssetId"""":null,""""imageTransform"""":{""""mode"""":""""single"""",""""offsetX"""":0,""""offsetY"""":0,""""repeatX"""":1,""""repeatY"""":1,""""rotation"""":0}},{""""id"""":""""surface-4e81faca-73da-4e13-99d9-ee226a5ccb46"""",""""stripIndex"""":5,""""color"""":""""#ffffff"""",""""imageAssetId"""":null,""""imageTransform"""":{""""mode"""":""""single"""",""""offsetX"""":0,""""offsetY"""":0,""""repeatX"""":1,""""repeatY"""":1,""""rotation"""":0}},{""""id"""":""""surface-307f4567-8d42-4b48-b9d7-ae4a52064404"""",""""stripIndex"""":6,""""color"""":""""#ffffff"""",""""imageAssetId"""":null,""""imageTransform"""":{""""mode"""":""""single"""",""""offsetX"""":0,""""offsetY"""":0,""""repeatX"""":1,""""repeatY"""":1,""""rotation"""":0}}]""",,shelf,,,,,200,true,,7,profile_190×2 adet; upright_346_5×2 adet; panel_197×7 adet; connector_start×2 adet; connector_single×13 adet; shelf_200×3 adet; shelf_leg×9 adet,shelf-wall-200-3,shelf,straight,panel_corner_192,,,,,,,,,,,,createShelfModule,true,true,true,true,evet,evet,evet (yalnız panel selectionMode),evet (yalnız panel selectionMode),evet,hayır,hayır,evet,evet,IndexedDB put(project) — alan şeması yok,project.modules[] factory state + placement,,docs/items/definitions/wall_shelf_3_200.md,"src/moduleContracts.js, src/catalog.js, src/items.js","test/shelfModule.test.js, test/wallShelfItemsContract.test.js",e2e/wall-shelf-items-contract.spec.mjs,"docs/items/definitions/wall_shelf_3_200.md, docs/items/ITEM_LIST.md, docs/items/current-system/wall_shelf_3_200.md"
wall_showcase_100_2,wall_showcase_100_2,2 Gözlü Vitrin 100,showcase-2,COMPOSITE_ITEMS,glass_shelf,showcase_horizontal_87_4_30,showcase_side_94_6_30,,recipe,showcase-2,100,,,,,,,,,,,,,,,100,2,,,,,,,,,,,,,adet,,,,,,,true,true,Raf & Vitrin,,2,,wall_showcase_100_2,2 Gözlü Vitrin 100,,,,,,,,,,,,,showcase-2,,,,,,100,true,wall-editable,editable,editable,procedural-or-specialized,static,standalone,recipe,src/moduleRecipes.js,,src/designState.js,project-state,true,stand-edge,segment,physical,full,segment,0,standard,silhouette,0.38,module-silhouette,standard,50,[],wall,90,inherit,true,include,true,"""{""""minCm"""":0,""""maxCm"""":350}""",,false,false,false,false,false,createShowcaseModuleState,true,,"itemKey, type, widthCm, eyeCount, strips, bodySurface","""{""""id"""":""""surface-eeee9a71-8f58-4115-a9ac-211829a6adae"""",""""color"""":""""#ffffff""""}""",,,2,,,,,wall_showcase_100_2,,,,,,,,,,,,,,,"""[{""""id"""":""""surface-2b605917-159c-451d-ac5e-0ca78e5bb34a"""",""""stripIndex"""":0,""""color"""":""""#ffffff"""",""""imageAssetId"""":null,""""imageTransform"""":{""""mode"""":""""single"""",""""offsetX"""":0,""""offsetY"""":0,""""repeatX"""":1,""""repeatY"""":1,""""rotation"""":0}},{""""id"""":""""surface-ef2e2250-fb18-4f41-9193-38c48c2aa672"""",""""stripIndex"""":1,""""color"""":""""#ffffff"""",""""imageAssetId"""":null,""""imageTransform"""":{""""mode"""":""""single"""",""""offsetX"""":0,""""offsetY"""":0,""""repeatX"""":1,""""repeatY"""":1,""""rotation"""":0}},{""""id"""":""""surface-a5ec26c0-ba6f-4217-9fe9-bef87d051e36"""",""""stripIndex"""":2,""""color"""":""""#ffffff"""",""""imageAssetId"""":null,""""imageTransform"""":{""""mode"""":""""single"""",""""offsetX"""":0,""""offsetY"""":0,""""repeatX"""":1,""""repeatY"""":1,""""rotation"""":0}},{""""id"""":""""surface-b9163cd7-43f2-4af2-a707-ed4286c9b58f"""",""""stripIndex"""":3,""""color"""":""""#ffffff"""",""""imageAssetId"""":null,""""imageTransform"""":{""""mode"""":""""single"""",""""offsetX"""":0,""""offsetY"""":0,""""repeatX"""":1,""""repeatY"""":1,""""rotation"""":0}},{""""id"""":""""surface-a8943a3e-6103-4853-9d28-053edab2f2f5"""",""""stripIndex"""":4,""""color"""":""""#ffffff"""",""""imageAssetId"""":null,""""imageTransform"""":{""""mode"""":""""single"""",""""offsetX"""":0,""""offsetY"""":0,""""repeatX"""":1,""""repeatY"""":1,""""rotation"""":0}},{""""id"""":""""surface-d2c9e1ff-8ec3-4a0f-8b69-ad35e8408105"""",""""stripIndex"""":5,""""color"""":""""#ffffff"""",""""imageAssetId"""":null,""""imageTransform"""":{""""mode"""":""""single"""",""""offsetX"""":0,""""offsetY"""":0,""""repeatX"""":1,""""repeatY"""":1,""""rotation"""":0}},{""""id"""":""""surface-775a86a8-b5f7-423f-8501-2e39e6ee52b8"""",""""stripIndex"""":6,""""color"""":""""#ffffff"""",""""imageAssetId"""":null,""""imageTransform"""":{""""mode"""":""""single"""",""""offsetX"""":0,""""offsetY"""":0,""""repeatX"""":1,""""repeatY"""":1,""""rotation"""":0}}]""",,showcase-2,,,,,100,true,,8,profile_91×4 adet; upright_346_5×2 adet; panel_98×5 adet; connector_start×4 adet; connector_single×9 adet; showcase_side_94_6_30×2 adet; showcase_horizontal_87_4_30×2 adet; glass_shelf×1 adet,showcase-2-100,showcase-2,straight,panel_corner_92,,,,,,,,,,,,createShowcaseModule,true,true,true,true,evet,evet,evet (yalnız panel selectionMode),evet (yalnız panel selectionMode),hayır,hayır,hayır,evet,evet,IndexedDB put(project) — alan şeması yok,project.modules[] factory state + placement,,docs/items/definitions/wall_showcase_100_2.md,"src/moduleContracts.js, src/catalog.js, src/items.js","test/wallShowcaseItemContract.test.js, test/showcaseBodyColorRegression.test.js, test/showcaseAppearance.test.js, test/showcaseRecipes.test.js",e2e/wall-showcase-item-contract.spec.mjs,"docs/items/definitions/wall_showcase_100_2.md, docs/items/definitions/showcase_horizontal_87_4_30.md, docs/items/definitions/showcase_side_94_6_30.md, docs/items/ITEM_LIST.md, docs/items/inventory/ITEM_CAPABILITY_INVENTORY.md, docs/items/current-system/showcase_side_94_6_30.md, docs/items/current-system/wall_showcase_100_2.md, docs/items/current-system/showcase_horizontal_87_4_30.md"
wall_showcase_100_3,wall_showcase_100_3,3 Gözlü Vitrin 100,showcase-3,COMPOSITE_ITEMS,glass_shelf,showcase_horizontal_87_4_30,showcase_side_143_5_30,,recipe,showcase-3,100,,,,,,,,,,,,,,,100,3,,,,,,,,,,,,,adet,,,,,,,true,true,Raf & Vitrin,,3,,wall_showcase_100_3,3 Gözlü Vitrin 100,,,,,,,,,,,,,showcase-3,,,,,,100,true,wall-editable,editable,editable,procedural-or-specialized,static,standalone,recipe,src/moduleRecipes.js,,src/designState.js,project-state,true,stand-edge,segment,physical,full,segment,0,standard,silhouette,0.38,module-silhouette,standard,50,[],wall,90,inherit,true,include,true,"""{""""minCm"""":0,""""maxCm"""":350}""",,false,false,false,false,false,createShowcaseModuleState,true,,"itemKey, type, widthCm, eyeCount, strips, bodySurface","""{""""id"""":""""surface-9652cdd3-4d2b-4d40-a371-d8e84bad7c5f"""",""""color"""":""""#ffffff""""}""",,,3,,,,,wall_showcase_100_3,,,,,,,,,,,,,,,"""[{""""id"""":""""surface-3fa39766-048b-488b-a8e9-d3ff663fc44f"""",""""stripIndex"""":0,""""color"""":""""#ffffff"""",""""imageAssetId"""":null,""""imageTransform"""":{""""mode"""":""""single"""",""""offsetX"""":0,""""offsetY"""":0,""""repeatX"""":1,""""repeatY"""":1,""""rotation"""":0}},{""""id"""":""""surface-986800f0-84be-4f8a-87a3-497f0716daa5"""",""""stripIndex"""":1,""""color"""":""""#ffffff"""",""""imageAssetId"""":null,""""imageTransform"""":{""""mode"""":""""single"""",""""offsetX"""":0,""""offsetY"""":0,""""repeatX"""":1,""""repeatY"""":1,""""rotation"""":0}},{""""id"""":""""surface-852bc0fa-6986-407d-ac67-7594192fc181"""",""""stripIndex"""":2,""""color"""":""""#ffffff"""",""""imageAssetId"""":null,""""imageTransform"""":{""""mode"""":""""single"""",""""offsetX"""":0,""""offsetY"""":0,""""repeatX"""":1,""""repeatY"""":1,""""rotation"""":0}},{""""id"""":""""surface-5806ae02-ad94-40fd-967d-eb87ef4b4816"""",""""stripIndex"""":3,""""color"""":""""#ffffff"""",""""imageAssetId"""":null,""""imageTransform"""":{""""mode"""":""""single"""",""""offsetX"""":0,""""offsetY"""":0,""""repeatX"""":1,""""repeatY"""":1,""""rotation"""":0}},{""""id"""":""""surface-0c63764c-2c7a-463c-b0f4-dd7b1ca1d09a"""",""""stripIndex"""":4,""""color"""":""""#ffffff"""",""""imageAssetId"""":null,""""imageTransform"""":{""""mode"""":""""single"""",""""offsetX"""":0,""""offsetY"""":0,""""repeatX"""":1,""""repeatY"""":1,""""rotation"""":0}},{""""id"""":""""surface-4fc79699-74fb-4c0b-8ca2-80fe6e480214"""",""""stripIndex"""":5,""""color"""":""""#ffffff"""",""""imageAssetId"""":null,""""imageTransform"""":{""""mode"""":""""single"""",""""offsetX"""":0,""""offsetY"""":0,""""repeatX"""":1,""""repeatY"""":1,""""rotation"""":0}},{""""id"""":""""surface-938d22eb-02e3-4602-8376-1abf3935646a"""",""""stripIndex"""":6,""""color"""":""""#ffffff"""",""""imageAssetId"""":null,""""imageTransform"""":{""""mode"""":""""single"""",""""offsetX"""":0,""""offsetY"""":0,""""repeatX"""":1,""""repeatY"""":1,""""rotation"""":0}}]""",,showcase-3,,,,,100,true,,8,profile_91×4 adet; upright_346_5×2 adet; panel_98×4 adet; connector_start×4 adet; connector_single×7 adet; showcase_side_143_5_30×2 adet; showcase_horizontal_87_4_30×2 adet; glass_shelf×2 adet,showcase-3-100,showcase-3,straight,panel_corner_92,,,,,,,,,,,,createShowcaseModule,true,true,true,true,evet,evet,evet (yalnız panel selectionMode),evet (yalnız panel selectionMode),hayır,hayır,hayır,evet,evet,IndexedDB put(project) — alan şeması yok,project.modules[] factory state + placement,,docs/items/definitions/wall_showcase_100_3.md,"src/moduleContracts.js, src/catalog.js, src/items.js","test/showcaseRecipes.test.js, test/showcaseBodyColorRegression.test.js, test/showcaseAppearance.test.js, test/wallShowcaseItemContract.test.js",e2e/wall-showcase-item-contract.spec.mjs,"docs/items/definitions/showcase_horizontal_87_4_30.md, docs/items/definitions/showcase_side_143_5_30.md, docs/items/definitions/wall_showcase_100_3.md, docs/items/ITEM_LIST.md, docs/items/inventory/ITEM_CAPABILITY_INVENTORY.md, docs/items/current-system/showcase_horizontal_87_4_30.md, docs/items/current-system/wall_showcase_100_3.md, docs/items/current-system/showcase_side_143_5_30.md"
