id,name,plainTr,category,dataType,unit,purpose,owner,ownerFile,default,override,runtimeActive,activeCount,usedCount,userCan,userWhere,persistence,crud,crudReason,form,db,validation,validationGap,renderer,placement,bom,consumers,writers
itemKey,Kanonik Item kimliği,"Kanonik Item kimliği. `getItem`, katalog, factory, BOM, persist `modules[].itemKey` ve zemin `stand.itemKey` için tek kanonik kimlik.",kimlik,string,yok / birimsiz,"`getItem`, katalog, factory, BOM, persist `modules[].itemKey` ve zemin `stand.itemKey` için tek kanonik kimlik.",kanonik Item kaydı · src/items.js · LEAF_ITEMS / COMPOSITE_ITEMS / … + getItem,src/items.js,Item default: her kayıt kendi `itemKey` değerini `src/items.js` map'inde taşır. Factory kopyası: `create*ModuleState` `item.itemKey` yazar. Zemin fallback: `resolveStandFloorItemKey` → `karolaj` (`src/items.js`). Global tek default yok.,"Kaynak yalnız `src/items.js` dondurulmuş kayıt. Override yok. (Zemin persist `stand.itemKey` kimliği seçer, kaydı değiştirmez.)",true,70,104,hayır,yok,İki yol: `modules[].itemKey` (modül) ve `stand.itemKey` (zemin). Kanonik name/type kodda kalır.,ITEM_READONLY,Kanonik `src/items.js` kaydı. Runtime kullanıcı bu alanları item tanımı olarak değiştirmez; kopyalar factory/catalog/BOM tarafında okunur.,hayır (salt okunur kimlik/kayıt),evet — modules[].itemKey / stand.itemKey,`getItem` unknown → null/throw çağırana göre. `resolveItemBom` unknown TypeError. Catalog resolve eşleşmezse null.,false,doğrudan yok veya dolaylı (kanıt bölümü).,yok veya dolaylı değil.,Etkiler: `resolveItemBom` / recipe items / inner-corner variant. Miktar uydurulmaz; recipe satırı kanoniktir.,- `src/items.js` `getDoorLeafItem` :68 [read] | - `src/items.js` `NON_CATALOG_ITEMS` :286 [read] | - `src/items.js` `getShowcaseBodyDefinition` :977 [read] | - `src/items.js` `if` :985 [read] | - `src/items.js` `getItem` :1003 [read] | - `src/items.js` `listRegisteredItems` :1029 [read] | - `src/designState.js` (dosya düzeyi) :1 [read] | - `src/designState.js` `resolveFlatPanelItemKey` :88 [read] | - `src/designState.js` `resolveSeparatorItemKey` :123 [read] | - `src/designState.js` `if` :141 [read] | - `src/designState.js` `resolveShelfItemKey` :201 [read] | - `src/designState.js` `resolveCounterItemKey` :276 [read] | - `src/designState.js` `resolveBaseWallItemKey` :327 [read] | - `src/designState.js` `resolveBaseItemKey` :367 [read] | - `src/designState.js` `resolveIndoorPlantItemKey` :518 [read] | - `src/designState.js` `modelFile` :530 [read] | - `src/catalog.js` `COUNTER_DIMENSIONS` :19 [read] | - `src/catalog.js` `BASE_DIMENSIONS` :29 [read] | - `src/catalog.js` `furniture_table_chair_set_eames_DIMENSIONS` :151 [read] | - `src/moduleContracts.js` (dosya düzeyi) :1 [read] | - `src/moduleContracts.js` `resolveModuleContract` :212 [read] | - `src/itemBom.js` `if` :27 [read] | - `src/moduleRecipes.js` `getStraightWallNominalWidthForProfileItem` :187 [read] | - `src/scene3d.js` `loadMiniFridgeModel` :124 [read] | - `src/scene3d.js` `loadCoatRackModel` :128 [read] | - `src/scene3d.js` `loadKettleModel` :132 [read] | - `src/scene3d.js` `fixedElevationM` :1397 [read] | - `src/scene3d.js` `createEamesTableChairSetModule` :5924 [read] | - `src/main.js` (dosya düzeyi) :7 [read] | - `src/itemCapabilities.js` `getItemSurfaceCapabilities` :22 [read] | - `test/baseItemsContract.test.js` (dosya düzeyi) :4 [test] | - `test/baseItemsContract.test.js` `for` :112 [test] | - `test/baseRecipes.test.js` (dosya düzeyi) :8 [test] | - `test/baseTopsItemContract.test.js` (dosya düzeyi) :31 [test] | - `test/baseWallRecipes.test.js` (dosya düzeyi) :17 [test] | - `test/boardMaterialItemContract.test.js` `for` :35 [test] | - `test/catalogSingleSource.test.js` (dosya düzeyi) :10 [test] | - `test/chairEamesContract.test.js` (dosya düzeyi) :10 [test] | - `test/coatRackModule.test.js` (dosya düzeyi) :11 [test] | - `test/commercialItemsContract.test.js` (dosya düzeyi) :5 [test] | - `test/connectorBom.test.js` (dosya düzeyi) :18 [test] | - `test/cornerPanelsItemContract.test.js` (dosya düzeyi) :59 [test] | - `test/counterRecipes.test.js` (dosya düzeyi) :8 [test] | - `test/counterTopDefaultColor.test.js` `for` :17 [test] | - `test/counterTopsItemContract.test.js` (dosya düzeyi) :27 [test] | - `test/counterTopsItemContract.test.js` `for` :44 [test] | - `test/deskBankoItemsContract.test.js` (dosya düzeyi) :3 [test] | - `test/deskBankoItemsContract.test.js` `if` :137 [test] | - `test/doorCompositeItemContract.test.js` (dosya düzeyi) :33 [test] | - `test/doorLeafItemContract.test.js` (dosya düzeyi) :11 [test] | - `test/floorItemsContract.test.js` (dosya düzeyi) :26 [test] | - `test/floorItemsContract.test.js` `for` :31 [test] | - `test/furnitureItemsContract.test.js` (dosya düzeyi) :3 [test] | - `test/furnitureItemsContract.test.js` `if` :214 [test] | - `test/glassShelfItemContract.test.js` (dosya düzeyi) :16 [test] | - … test/e2e ek 77 eşleşme (src listesi tam).,- `src/items.js` `LEAF_ITEMS` :3 [define] | - `src/items.js` `for` :99 [write] | - `src/items.js` `if` :113 [write] | - `src/items.js` `COMMERCIAL_ITEMS` :121 [write-or-literal] | - `src/items.js` `FURNITURE_ITEMS` :151 [write-or-literal] | - `src/items.js` `FURNITURE_ITEMS` :161 [define] | - `src/items.js` (dosya düzeyi) :237 [write-or-literal] | - `src/items.js` `TOP_LIGHT_ITEMS` :255 [write-or-literal] | - `src/items.js` `NON_CATALOG_ITEMS` :274 [write-or-literal] | - `src/items.js` `FLOOR_ITEMS` :289 [write-or-literal] | - `src/items.js` `INDOOR_PLANT_ITEMS` :381 [write-or-literal] | - `src/items.js` `WALL_MEDIA_ITEMS` :424 [write-or-literal] | - `src/items.js` `resolveWallMediaMetrics` :460 [write-or-literal] | - `src/items.js` `COMPOSITE_ITEMS` :495 [write-or-literal] | - `src/items.js` `getShowcaseBodyDefinition` :981 [write] | - `src/items.js` `isShortUpFamilyDescriptor` :1017 [write] | - `src/designState.js` `separatorDefaultColor` :22 [write] | - `src/designState.js` `if` :61 [write-or-literal] | - `src/designState.js` `createFlatPanelModuleState` :96 [write] | - `src/designState.js` `createFlatPanelModuleState` :104 [write-or-literal] | - `src/designState.js` `resolveSeparatorItemKey` :124 [write] | - `src/designState.js` `resolveSeparatorItemKey` :128 [write-or-literal] | - `src/designState.js` `if` :136 [write] | - `src/designState.js` `createSeparatorModuleState` :150 [write] | - `src/designState.js` `createSeparatorModuleState` :156 [write-or-literal] | - `src/designState.js` `createShowcaseModuleState` :170 [write] | - `src/designState.js` `createShowcaseModuleState` :177 [write-or-literal] | - `src/designState.js` `resolveShelfItemKey` :202 [write] | - `src/designState.js` `resolveShelfItemKey` :206 [write-or-literal] | - `src/designState.js` `createShelfModuleState` :223 [write] | - `src/designState.js` `createShelfModuleState` :230 [write-or-literal] | - `src/designState.js` `createDoorModuleState` :243 [write] | - `src/designState.js` `createDoorModuleState` :251 [write-or-literal] | - `src/designState.js` `createCounterModuleState` :290 [write] | - `src/designState.js` `createBaseWallModuleState` :335 [write] | - `src/designState.js` `createBaseWallModuleState` :341 [write-or-literal] | - `src/designState.js` `createBaseModuleState` :375 [write] | - `src/designState.js` `createBaseModuleState` :381 [write-or-literal] | - `src/designState.js` `createFurnitureModuleState` :399 [write-or-literal] | - `src/designState.js` `createCommercialModuleState` :454 [write-or-literal] | - `src/designState.js` `createUprightModuleState` :479 [write] | - `src/designState.js` `createUprightModuleState` :483 [write-or-literal] | - `src/designState.js` `createProfileModuleState` :492 [write] | - `src/designState.js` `createProfileModuleState` :499 [write-or-literal] | - `src/designState.js` `modelFile` :522 [write] | - `src/designState.js` `modelFile` :528 [write-or-literal] | - `src/catalog.js` `COUNTER_DIMENSIONS` :16 [write-or-literal] | - `src/catalog.js` `BASE_DIMENSIONS` :26 [write-or-literal] | - `src/catalog.js` `createBaseCatalogItem` :36 [write] | - `src/catalog.js` `createBaseCatalogItem` :38 [write-or-literal] | - `src/catalog.js` `createCounterCatalogItem` :46 [write] | - `src/catalog.js` `createCounterCatalogItem` :48 [write-or-literal] | - `src/catalog.js` `createFlatPanelCatalogItem` :58 [write] | - `src/catalog.js` `createFlatPanelCatalogItem` :60 [write-or-literal] | - `src/catalog.js` `createUprightCatalogItem` :71 [write] | - `src/catalog.js` `createUprightCatalogItem` :75 [write-or-literal] | - `src/catalog.js` `createProfileCatalogItem` :85 [write] | - `src/catalog.js` `createProfileCatalogItem` :89 [write-or-literal] | - `src/catalog.js` `createBaseWallCatalogItem` :99 [write] | - `src/catalog.js` `createBaseWallCatalogItem` :101 [write-or-literal] | - `src/catalog.js` `createSeparatorCatalogItem` :111 [write] | - `src/catalog.js` `createSeparatorCatalogItem` :113 [write-or-literal] | - `src/catalog.js` `createShelfCatalogItem` :123 [write] | - `src/catalog.js` `createShelfCatalogItem` :125 [write-or-literal] | - `src/catalog.js` `furniture_sofa_set_classic_DIMENSIONS` :142 [write] | - `src/catalog.js` `furniture_sofa_single_classic_DIMENSIONS` :144 [write] | - `src/catalog.js` `furniture_sofa_double_classic_DIMENSIONS` :146 [write] | - `src/catalog.js` `furniture_coffee_table_classic_DIMENSIONS` :148 [write] | - `src/catalog.js` `furniture_table_chair_set_eames_DIMENSIONS` :152 [write-or-literal] | - `src/catalog.js` `chair_eames_DIMENSIONS` :155 [write] | - `src/catalog.js` `glass_table_DIMENSIONS` :157 [write] | - `src/catalog.js` `furniture_bar_stool_classic_DIMENSIONS` :159 [write] | - `src/catalog.js` `MINI_FRIDGE_DIMENSIONS` :160 [write] | - `src/catalog.js` `COAT_RACK_DIMENSIONS` :162 [write] | - `src/catalog.js` `PLASTIC_TRASH_BIN_DIMENSIONS` :164 [write] | - `src/catalog.js` `createWallMediaCatalogItem` :176 [write-or-literal] | - `src/catalog.js` `TV_42_DIMENSIONS` :206 [write] | - `src/catalog.js` `createTopLightCatalogItem` :216 [write] | - `src/catalog.js` `createTopLightCatalogItem` :218 [write-or-literal] | - `src/catalog.js` `createCommercialCatalogItem` :228 [write] | - `src/catalog.js` `createIndoorPlantCatalogItem` :233 [write] | - `src/catalog.js` `createIndoorPlantCatalogItem` :235 [write-or-literal] | - `src/catalog.js` `createFurnitureCatalogItem` :249 [write] | - `src/moduleBehavior.js` `getModuleCollisionHeightRangeCm` :280 [write] | - `src/moduleContracts.js` `resolveModuleContract` :202 [write-or-literal] | - `src/itemBom.js` `resolveLines` :33 [write] | - `src/moduleRecipes.js` (dosya düzeyi) :5 [write-or-literal] | - `src/moduleRecipes.js` `resolveRecipeItemsForPanelVariant` :241 [write] | - `src/moduleRecipes.js` `if` :247 [write] | - `src/moduleRecipes.js` `if` :259 [write-or-literal] | - `src/moduleRecipes.js` `expandRecipe` :272 [write] | - `src/scene3d.js` (dosya düzeyi) :73 [define] | - `src/scene3d.js` `fine` :520 [write] | - `src/scene3d.js` `pickModuleContext` :1806 [write-or-literal] | - `src/scene3d.js` `rotateSelectedModule` :2265 [write-or-literal] | - `src/scene3d.js` `if` :2576 [write-or-literal] | - `src/scene3d.js` `createMiniFridgeModule` :4995 [write] | - `src/scene3d.js` `createCoatRackModule` :5226 [write] | - `src/scene3d.js` `createUprightModule` :5292 [write] | - `src/scene3d.js` `createProfileModule` :5341 [write] | - `src/scene3d.js` `createKettleModule` :5391 [write] | - `src/scene3d.js` `createLedFloodlightModule` :5456 [write] | - `src/scene3d.js` `createEamesChairModule` :5749 [write] | - `src/scene3d.js` `createGlassTableModule` :5861 [write] | - `src/scene3d.js` `createBeigeSofaSetModule` :6264 [write] | - `src/scene3d.js` `createSofaPieceClassicModule` :6345 [write] | - `src/scene3d.js` `createCoffeeTableClassicModule` :6410 [write] | - `src/scene3d.js` `for` :7173 [write] | - `src/main.js` `syncFloorTypeSelect` :92 [write] | - `src/main.js` `assignStandFloorItem` :522 [write] | - `src/main.js` `createCatalogModuleState` :530 [write-or-literal] | - `src/main.js` `for` :679 [write-or-literal] | - `src/main.js` `resizeContextIlluminatedFoam` :901 [write] | - `src/autoDepot.js` `if` :119 [write-or-literal] | - `src/moduleMove.js` `if` :184 [write-or-literal] | - `src/modulePlacement.js` `snapUprightToShortUpJoints` :769 [write-or-literal] | - `src/modulePlacement.js` `if` :1580 [write-or-literal] | - `src/rawBomDebug.js` `if` :72 [write] | - `src/selectionFeedback.js` `if` :74 [write] | - `src/stripOccupancy.js` `resolveModuleStripOccupancy` :23 [write]
name,Görünen ad,"Görünen ad. UI etiketi (`MODULE_CATALOG.label` kaynağı, seçim metni, zemin select). İş kuralı kimliği değildir.",kimlik,string,yok / birimsiz,"UI etiketi (`MODULE_CATALOG.label` kaynağı, seçim metni, zemin select). İş kuralı kimliği değildir.",kanonik Item kaydı · src/items.js · LEAF_ITEMS / COMPOSITE_ITEMS / … + getItem,src/items.js,Item default: `src/items.js` `name` alanı. Catalog `label` aynı kaynaktan kopyalanır (`create*CatalogItem`). Fallback yok.,"Kaynak yalnız `src/items.js` dondurulmuş kayıt. Override yok. (Zemin persist `stand.itemKey` kimliği seçer, kaydı değiştirmez.)",true,70,104,hayır,yok,Kod kaydı. Persist edilmez. Label runtime getItem/catalog'dan okunur.,ITEM_READONLY,Kanonik `src/items.js` kaydı. Runtime kullanıcı bu alanları item tanımı olarak değiştirmez; kopyalar factory/catalog/BOM tarafında okunur.,hayır (salt okunur kimlik/kayıt),hayır — kod kaydı,validation yok (genel proje şeması yok).,true,doğrudan yok veya dolaylı (kanıt bölümü).,yok veya dolaylı değil.,yok.,- `src/items.js` `getFloorSelectLabel` :337 [read] | - `src/catalog.js` `getModuleCatalogLabel` :537 [read] | - `src/scene3d.js` (dosya düzeyi) :5 [read] | - `src/main.js` (dosya düzeyi) :54 [read] | - `src/moduleContextMenu.js` (dosya düzeyi) :1 [read] | - `src/moduleContextMenu.js` `describeModule` :109 [read] | - `src/selectionFeedback.js` `if` :78 [read] | - `test/baseItemsContract.test.js` (dosya düzeyi) :58 [test] | - `test/baseTopsItemContract.test.js` (dosya düzeyi) :35 [test] | - `test/catalogSingleSource.test.js` (dosya düzeyi) :6 [test] | - `test/chairEamesContract.test.js` (dosya düzeyi) :13 [test] | - `test/commercialItemsContract.test.js` (dosya düzeyi) :15 [test] | - `test/connectorBom.test.js` (dosya düzeyi) :25 [test] | - `test/cornerPanelsItemContract.test.js` (dosya düzeyi) :62 [test] | - `test/deskBankoItemsContract.test.js` `if` :95 [test] | - `test/doorCompositeItemContract.test.js` (dosya düzeyi) :36 [test] | - `test/doorLeafItemContract.test.js` (dosya düzeyi) :14 [test] | - `test/floorItemsContract.test.js` (dosya düzeyi) :7 [test] | - `test/floorItemsContract.test.js` `for` :33 [test] | - `test/furnitureItemsContract.test.js` `if` :167 [test] | - `test/glassShelfItemContract.test.js` (dosya düzeyi) :19 [test] | - `test/glassTableContract.test.js` (dosya düzeyi) :13 [test] | - `test/indoorPlantItemsContract.test.js` (dosya düzeyi) :88 [test] | - `test/lightingItemsContract.test.js` (dosya düzeyi) :77 [test] | - `test/panel197ItemContract.test.js` (dosya düzeyi) :22 [test] | - `test/panelCorner192ItemContract.test.js` (dosya düzeyi) :24 [test] | - `test/profile190ItemContract.test.js` (dosya düzeyi) :28 [test] | - `test/profilesItemContract.test.js` (dosya düzeyi) :71 [test] | - `test/separatorPanelsItemContract.test.js` (dosya düzeyi) :35 [test] | - `test/shelfItemsItemContract.test.js` (dosya düzeyi) :21 [test] | - `test/sofaClassicPiecesContract.test.js` (dosya düzeyi) :18 [test] | - `test/straightPanelsItemContract.test.js` (dosya düzeyi) :60 [test] | - … test/e2e ek 6 eşleşme (src listesi tam).,- `src/items.js` `resolveWallMediaMetrics` :460 [write-or-literal] | - `src/catalog.js` `createBaseCatalogItem` :41 [write-or-literal] | - `src/catalog.js` `createCounterCatalogItem` :51 [write-or-literal] | - `src/catalog.js` `createFlatPanelCatalogItem` :63 [write-or-literal] | - `src/catalog.js` `createUprightCatalogItem` :80 [write-or-literal] | - `src/catalog.js` `createProfileCatalogItem` :94 [write-or-literal] | - `src/catalog.js` `createBaseWallCatalogItem` :106 [write-or-literal] | - `src/catalog.js` `createSeparatorCatalogItem` :116 [write-or-literal] | - `src/catalog.js` `createShelfCatalogItem` :129 [write-or-literal] | - `src/catalog.js` `createTopLightCatalogItem` :223 [write-or-literal] | - `src/catalog.js` `createIndoorPlantCatalogItem` :240 [write-or-literal] | - `src/catalog.js` `createFurnitureCatalogItem` :256 [write-or-literal] | - `src/scene3d.js` `if` :2084 [write] | - `src/main.js` `syncFloorTypeSelect` :93 [write]
type,Davranış / kayıt type anahtarı,"Davranış / kayıt type anahtarı. `MODULE_STATE_FACTORIES`, `TYPE_BEHAVIORS`, `createRenderableModule` dalı ve `resolveItemKey` aday süzgeci.",kimlik,string,yok / birimsiz,"`MODULE_STATE_FACTORIES`, `TYPE_BEHAVIORS`, `createRenderableModule` dalı ve `resolveItemKey` aday süzgeci.",kanonik Item kaydı · src/items.js · LEAF_ITEMS / COMPOSITE_ITEMS / … + getItem,src/items.js,Item default: `src/items.js` `type`. Factory `modules[].type` kopyası. `MODULE_STATE_FACTORIES[descriptor.type]` lookup; type yoksa factory null.,"Kaynak yalnız `src/items.js` dondurulmuş kayıt. Override yok. (Zemin persist `stand.itemKey` kimliği seçer, kaydı değiştirmez.)",true,70,104,hayır,yok,Kod kaydı + `modules[].type` factory kopyası persist blob'da vardır (`buildProjectSnapshot` modules).,ITEM_READONLY,Kanonik `src/items.js` kaydı. Runtime kullanıcı bu alanları item tanımı olarak değiştirmez; kopyalar factory/catalog/BOM tarafında okunur.,hayır (salt okunur kimlik/kayıt),hayır — kod kaydı,validation yok (genel proje şeması yok).,true,doğrudan yok veya dolaylı (kanıt bölümü).,yok veya dolaylı değil.,yok.,- `src/items.js` `if` :100 [read] | - `src/items.js` `getCommercialItemForType` :144 [read] | - `src/items.js` `getFurnitureItemForType` :249 [read] | - `src/items.js` `getTopLightItemForType` :268 [read] | - `src/items.js` `resolveWallMediaMetrics` :457 [read] | - `src/designState.js` `createFlatPanelModuleState` :97 [read] | - `src/designState.js` `createSeparatorModuleState` :151 [read] | - `src/designState.js` `createCounterModuleState` :291 [read] | - `src/designState.js` `createBaseWallModuleState` :336 [read] | - `src/designState.js` `createBaseModuleState` :376 [read] | - `src/designState.js` `createProfileModuleState` :494 [read] | - `src/designState.js` `if` :701 [read] | - `src/moduleBehavior.js` `hasExplicitModuleBehavior` :214 [read] | - `src/scene3d.js` `if` :1453 [read] | - `src/scene3d.js` `previewCatalogModuleDrag` :2422 [read] | - `src/scene3d.js` `updatePlacementDrag` :2701 [read] | - `src/scene3d.js` `createIndoorPlantModule` :5063 [read] | - `src/main.js` `onKeyDown` :1705 [read] | - `src/projectImportValidation.js` `validateImportedModuleState` :34 [read] | - `test/barStool2.test.js` (dosya düzeyi) :9 [test] | - `test/baseItemsContract.test.js` (dosya düzeyi) :46 [test] | - `test/baseTopsItemContract.test.js` (dosya düzeyi) :36 [test] | - `test/baseWallRecipes.test.js` `for` :35 [test] | - `test/chairEamesContract.test.js` (dosya düzeyi) :12 [test] | - `test/commercialItemsContract.test.js` (dosya düzeyi) :40 [test] | - `test/cornerPanelsItemContract.test.js` (dosya düzeyi) :63 [test] | - `test/counterTopsItemContract.test.js` (dosya düzeyi) :30 [test] | - `test/deskBankoItemsContract.test.js` (dosya düzeyi) :77 [test] | - `test/doorCompositeItemContract.test.js` (dosya düzeyi) :37 [test] | - `test/doorLeafItemContract.test.js` (dosya düzeyi) :15 [test] | - `test/floorItemsContract.test.js` `for` :32 [test] | - `test/furnitureItemsContract.test.js` (dosya düzeyi) :153 [test] | - `test/glassShelfItemContract.test.js` (dosya düzeyi) :20 [test] | - `test/glassTableContract.test.js` (dosya düzeyi) :12 [test] | - `test/indoorPlantItemsContract.test.js` (dosya düzeyi) :75 [test] | - `test/lCounter100Contract.test.js` (dosya düzeyi) :8 [test] | - `test/moduleRecipes.test.js` (dosya düzeyi) :28 [test] | - `test/moduleStateConstructionRegistry.test.js` `for` :15 [test] | - `test/panel197ItemContract.test.js` (dosya düzeyi) :23 [test] | - `test/panelCorner192ItemContract.test.js` (dosya düzeyi) :25 [test] | - `test/plasticTrashBinModule.test.js` `overlaps` :45 [test] | - `test/profile190ItemContract.test.js` (dosya düzeyi) :29 [test] | - `test/profile190ItemContract.test.js` `for` :67 [test] | - `test/profileIntrinsicProperties.test.js` `for` :18 [test] | - … test/e2e ek 33 eşleşme (src listesi tam).,- `src/items.js` `resolveWallMediaMetrics` :460 [write-or-literal] | - `src/designState.js` `createFlatPanelModuleState` :105 [write-or-literal] | - `src/designState.js` `createSeparatorModuleState` :157 [write-or-literal] | - `src/designState.js` `createShelfModuleState` :231 [write-or-literal] | - `src/designState.js` `if` :309 [write-or-literal] | - `src/designState.js` `createBaseWallModuleState` :342 [write-or-literal] | - `src/designState.js` `createBaseModuleState` :382 [write-or-literal] | - `src/designState.js` `createFurnitureModuleState` :400 [write-or-literal] | - `src/designState.js` `createCommercialModuleState` :455 [write-or-literal] | - `src/designState.js` `createUprightModuleState` :484 [write-or-literal] | - `src/designState.js` `createProfileModuleState` :500 [write-or-literal] | - `src/designState.js` `createIndoorPlantModuleState` :557 [write-or-literal] | - `src/designState.js` `createIlluminatedFoamModuleState` :580 [write-or-literal] | - `src/designState.js` `createLedFloodlightModuleState` :624 [write-or-literal] | - `src/designState.js` `createLedFloodlightModuleState` :635 [define] | - `src/designState.js` `createLedFloodlightModuleState` :660 [write] | - `src/designState.js` `MODULE_STATE_TYPES` :668 [define] | - `src/designState.js` `createModuleStateFromDescriptor` :675 [write] | - `src/designState.js` `if` :840 [write] | - `src/catalog.js` `createBaseCatalogItem` :39 [write-or-literal] | - `src/catalog.js` `createCounterCatalogItem` :49 [write-or-literal] | - `src/catalog.js` `createFlatPanelCatalogItem` :61 [write-or-literal] | - `src/catalog.js` `createUprightCatalogItem` :76 [write-or-literal] | - `src/catalog.js` `createProfileCatalogItem` :90 [write-or-literal] | - `src/catalog.js` `createBaseWallCatalogItem` :102 [write-or-literal] | - `src/catalog.js` `createSeparatorCatalogItem` :114 [write-or-literal] | - `src/catalog.js` `createShelfCatalogItem` :126 [write-or-literal] | - `src/catalog.js` `createTopLightCatalogItem` :219 [write-or-literal] | - `src/catalog.js` `createIndoorPlantCatalogItem` :236 [write-or-literal] | - `src/catalog.js` `createFurnitureCatalogItem` :252 [write-or-literal] | - `src/moduleBehavior.js` `overlayBehavior` :87 [define] | - `src/moduleBehavior.js` `getModuleBehavior` :220 [write] | - `src/moduleContracts.js` `resolveModuleContract` :225 [write-or-literal] | - `src/scene3d.js` `pickModuleContext` :1807 [write-or-literal] | - `src/scene3d.js` `rotateSelectedModule` :2252 [write] | - `src/scene3d.js` `rotateSelectedModule` :2264 [write-or-literal] | - `src/scene3d.js` `getFreeTvPlacement` :2299 [write-or-literal] | - `src/scene3d.js` `if` :2458 [write-or-literal] | - `src/scene3d.js` `if` :4313 [write] | - `src/scene3d.js` `createLedFloodlightModule` :5465 [write-or-literal] | - `src/scene3d.js` `createSofaPieceClassicModule` :6354 [write-or-literal] | - `src/scene3d.js` `createBaseModule` :6463 [write-or-literal] | - `src/scene3d.js` `createCounterModule` :6627 [write-or-literal] | - `src/scene3d.js` `createFlatPanelModule` :7002 [write-or-literal] | - `src/scene3d.js` `createDoorModule` :7135 [write-or-literal] | - `src/scene3d.js` `createSeparatorModule` :7319 [write-or-literal] | - `src/scene3d.js` `for` :7529 [write-or-literal] | - `src/main.js` `for` :678 [write-or-literal]
registry,items.js kayıt haritası (audit sütunu),items.js kayıt haritası (audit sütunu). Audit sütunu: item hangi `src/items.js` map'inde. Runtime bu string'i taşımaz; `getItem` 9 map'i sırayla arar.,kimlik,string,yok / birimsiz,Audit sütunu: item hangi `src/items.js` map'inde. Runtime bu string'i taşımaz; `getItem` 9 map'i sırayla arar.,audit (map adı) · src/items.js · listRegisteredItems map birleşimi,src/items.js,Audit türevi: `listRegisteredItems` hangi freeze map'e koyduğunu yazar. Runtime alanı değil.,Override yok (analiz/audit sütunu).,true,70,104,hayır,yok,Runtime-only / derived audit. Ayrı persist alanı yok.,DERIVED,Bu sütun runtime Item alanı değil; audit/çözümleyici görünümüdür veya başka alandan türetilir. Kullanıcı bu id ile form alanı görmez.,hayır,hayır — türetilmiş / audit sütunu,validation yok (genel proje şeması yok).,true,doğrudan yok veya dolaylı (kanıt bölümü).,yok veya dolaylı değil.,yok.,- `src/items.js` `getCommercialItemForType` :144 [read] | - `src/items.js` `getFurnitureItemForType` :249 [read] | - `src/items.js` `getItem` :1004 [read] | - `src/items.js` `listLeafItems` :1026 [read] | - `src/items.js` `listRegisteredItems` :1029 [read] | - `test/commercialItemsContract.test.js` (dosya düzeyi) :3 [test] | - `test/doorCompositeItemContract.test.js` (dosya düzeyi) :8 [test] | - `test/doorLeafItemContract.test.js` (dosya düzeyi) :8 [test] | - `test/furnitureItemsContract.test.js` (dosya düzeyi) :17 [test] | - `test/moduleRecipes.test.js` (dosya düzeyi) :4 [test] | - `test/moduleRecipes.test.js` `if` :181 [test],- `src/items.js` `LEAF_ITEMS` :2 [define] | - `src/items.js` `getShelfLeafItem` :56 [write] | - `src/items.js` `COMMERCIAL_ITEMS` :119 [define] | - `src/items.js` `FURNITURE_ITEMS` :149 [define]
static.bodyItems.glassShelfItemKey,Vitrin bodyItems.glassShelfItemKey,Vitrin bodyItems.glassShelfItemKey. Audit özelliği. Aşağıdaki kanıt satırlarına bak.,kanonik-kayit,string,yok / birimsiz,Audit özelliği. Aşağıdaki kanıt satırlarına bak.,kanonik Item kaydı · src/items.js · LEAF_ITEMS / COMPOSITE_ITEMS / … + getItem,src/items.js,Item default: yalnız `src/items.js` dondurulmuş kayıt. Type default yok. Factory bu alanı kopyalamaz (eşdeğer `state.*` ayrı sütun).,"Kaynak yalnız `src/items.js` dondurulmuş kayıt. Override yok. (Zemin persist `stand.itemKey` kimliği seçer, kaydı değiştirmez.)",true,2,2,hayır,yok,Kod kaydı. Project DB'ye yazılmaz.,ITEM_READONLY,Kanonik `src/items.js` kaydı. Runtime kullanıcı bu alanları item tanımı olarak değiştirmez; kopyalar factory/catalog/BOM tarafında okunur.,hayır (salt okunur kimlik/kayıt),hayır — kod kaydı,validation yok (genel proje şeması yok).,true,doğrudan yok veya dolaylı (kanıt bölümü).,yok veya dolaylı değil.,Etkiler: `resolveItemBom` / recipe items / inner-corner variant. Miktar uydurulmaz; recipe satırı kanoniktir.,- `test/wallShowcaseItemContract.test.js` `for` :25 [test],- `src/items.js` (dosya düzeyi) :936 [define] | - `src/items.js` (dosya düzeyi) :939 [write-or-literal] | - `src/items.js` `getShowcaseBodyDefinition` :981 [write]
static.bodyItems.horizontalItemKey,Vitrin bodyItems.horizontalItemKey,Vitrin bodyItems.horizontalItemKey. Audit özelliği. Aşağıdaki kanıt satırlarına bak.,kanonik-kayit,string,yok / birimsiz,Audit özelliği. Aşağıdaki kanıt satırlarına bak.,kanonik Item kaydı · src/items.js · LEAF_ITEMS / COMPOSITE_ITEMS / … + getItem,src/items.js,Item default: yalnız `src/items.js` dondurulmuş kayıt. Type default yok. Factory bu alanı kopyalamaz (eşdeğer `state.*` ayrı sütun).,"Kaynak yalnız `src/items.js` dondurulmuş kayıt. Override yok. (Zemin persist `stand.itemKey` kimliği seçer, kaydı değiştirmez.)",true,2,2,hayır,yok,Kod kaydı. Project DB'ye yazılmaz.,ITEM_READONLY,Kanonik `src/items.js` kaydı. Runtime kullanıcı bu alanları item tanımı olarak değiştirmez; kopyalar factory/catalog/BOM tarafında okunur.,hayır (salt okunur kimlik/kayıt),hayır — kod kaydı,validation yok (genel proje şeması yok).,true,doğrudan yok veya dolaylı (kanıt bölümü).,yok veya dolaylı değil.,Etkiler: `resolveItemBom` / recipe items / inner-corner variant. Miktar uydurulmaz; recipe satırı kanoniktir.,- `test/wallShowcaseItemContract.test.js` `for` :25 [test],- `src/items.js` (dosya düzeyi) :936 [define] | - `src/items.js` (dosya düzeyi) :938 [write-or-literal] | - `src/items.js` `getShowcaseBodyDefinition` :981 [write]
static.bodyItems.sideItemKey,Vitrin bodyItems.sideItemKey,Vitrin bodyItems.sideItemKey. Audit özelliği. Aşağıdaki kanıt satırlarına bak.,kanonik-kayit,string,yok / birimsiz,Audit özelliği. Aşağıdaki kanıt satırlarına bak.,kanonik Item kaydı · src/items.js · LEAF_ITEMS / COMPOSITE_ITEMS / … + getItem,src/items.js,Item default: yalnız `src/items.js` dondurulmuş kayıt. Type default yok. Factory bu alanı kopyalamaz (eşdeğer `state.*` ayrı sütun).,"Kaynak yalnız `src/items.js` dondurulmuş kayıt. Override yok. (Zemin persist `stand.itemKey` kimliği seçer, kaydı değiştirmez.)",true,2,2,hayır,yok,Kod kaydı. Project DB'ye yazılmaz.,ITEM_READONLY,Kanonik `src/items.js` kaydı. Runtime kullanıcı bu alanları item tanımı olarak değiştirmez; kopyalar factory/catalog/BOM tarafında okunur.,hayır (salt okunur kimlik/kayıt),hayır — kod kaydı,validation yok (genel proje şeması yok).,true,doğrudan yok veya dolaylı (kanıt bölümü).,yok veya dolaylı değil.,Etkiler: `resolveItemBom` / recipe items / inner-corner variant. Miktar uydurulmaz; recipe satırı kanoniktir.,- `test/wallShowcaseItemContract.test.js` (dosya düzeyi) :11 [test] | - `test/wallShowcaseItemContract.test.js` `for` :25 [test],- `src/items.js` (dosya düzeyi) :936 [define] | - `src/items.js` (dosya düzeyi) :937 [write-or-literal] | - `src/items.js` `getShowcaseBodyDefinition` :981 [write]
static.composition.items,Kanonik composition: items,Kanonik composition: items. Mobilya kümesi child listesi. `resolveItemBom` bunu okumaz (`mode` recipe değil).,kanonik-kayit,string,yok / birimsiz,Mobilya kümesi child listesi. `resolveItemBom` bunu okumaz (`mode` recipe değil).,kanonik Item kaydı · src/items.js · LEAF_ITEMS / COMPOSITE_ITEMS / … + getItem,src/items.js,Item default: yalnız COMPOSITE_ITEMS (recipe) veya FURNITURE cluster `items`. Global composition default yok.,"Kaynak yalnız `src/items.js` dondurulmuş kayıt. Override yok. (Zemin persist `stand.itemKey` kimliği seçer, kaydı değiştirmez.)",true,2,2,hayır,yok,Kod kaydı. Project DB'ye yazılmaz.,ITEM_READONLY,Kanonik `src/items.js` kaydı. Runtime kullanıcı bu alanları item tanımı olarak değiştirmez; kopyalar factory/catalog/BOM tarafında okunur.,hayır (salt okunur kimlik/kayıt),hayır — kod kaydı,validation yok (genel proje şeması yok).,true,doğrudan yok veya dolaylı (kanıt bölümü).,yok veya dolaylı değil.,Etkiler: `resolveItemBom` / recipe items / inner-corner variant. Miktar uydurulmaz; recipe satırı kanoniktir.,- `src/items.js` `getFurnitureClusterQuantity` :372 [read] | - `src/designState.js` (dosya düzeyi) :5 [read] | - `src/catalog.js` (dosya düzeyi) :1 [read] | - `src/selectionFeedback.js` (dosya düzeyi) :1 [read] | - `test/furnitureItemsContract.test.js` (dosya düzeyi) :34 [test] | - `test/systemChangeGateLocalDiff.test.js` `createFixtureContract` :70 [test],- `src/items.js` `FURNITURE_ITEMS` :159 [define] | - `src/items.js` `COMPOSITE_ITEMS` :500 [define] | - `src/items.js` (dosya düzeyi) :583 [define] | - `src/designState.js` `if` :414 [write] | - `src/catalog.js` `furniture_table_chair_set_eames_DIMENSIONS` :152 [write-or-literal] | - `src/moduleContracts.js` `MODULE_CONTRACT_PROFILES` :33 [write-or-literal] | - `src/moduleContracts.js` `mergeProfile` :186 [write-or-literal] | - `src/itemBom.js` `if` :44 [write-or-literal] | - `src/selectionFeedback.js` `if` :76 [write]
static.composition.mode,Kanonik composition: mode,Kanonik composition: mode. `itemBom.resolveRecipe`: yalnız `mode === 'recipe'` recipe çözer. Mobilya kümelerinde bu alan yoktur (cluster `items`).,kanonik-kayit,string,yok / birimsiz,`itemBom.resolveRecipe`: yalnız `mode === 'recipe'` recipe çözer. Mobilya kümelerinde bu alan yoktur (cluster `items`).,kanonik Item kaydı · src/items.js · LEAF_ITEMS / COMPOSITE_ITEMS / … + getItem,src/items.js,Item default: yalnız COMPOSITE_ITEMS (recipe) veya FURNITURE cluster `items`. Global composition default yok.,"Kaynak yalnız `src/items.js` dondurulmuş kayıt. Override yok. (Zemin persist `stand.itemKey` kimliği seçer, kaydı değiştirmez.)",true,37,37,hayır,yok,Kod kaydı. Project DB'ye yazılmaz.,ITEM_READONLY,Kanonik `src/items.js` kaydı. Runtime kullanıcı bu alanları item tanımı olarak değiştirmez; kopyalar factory/catalog/BOM tarafında okunur.,hayır (salt okunur kimlik/kayıt),hayır — kod kaydı,`resolveRecipe` mode!==recipe ise recipe yok sayılır (throw değil).,false,doğrudan yok veya dolaylı (kanıt bölümü).,yok veya dolaylı değil.,Etkiler: `resolveItemBom` / recipe items / inner-corner variant. Miktar uydurulmaz; recipe satırı kanoniktir.,- `src/itemBom.js` `resolveRecipe` :15 [read] | - `test/doorCompositeItemContract.test.js` (dosya düzeyi) :41 [test] | - `test/systemDevelopmentContract.test.js` `for` :52 [test] | - `test/wallShowcaseItemContract.test.js` `for` :26 [test],- `src/items.js` `COMPOSITE_ITEMS` :501 [write-or-literal] | - `src/items.js` (dosya düzeyi) :584 [write-or-literal] | - `src/moduleContracts.js` (dosya düzeyi) :5 [write-or-literal]
static.composition.moduleType,Kanonik composition: moduleType,Kanonik composition: moduleType. `getModuleRecipe` / `getExpandedModuleRecipe` ilk argümanı.,kanonik-kayit,string,yok / birimsiz,`getModuleRecipe` / `getExpandedModuleRecipe` ilk argümanı.,kanonik Item kaydı · src/items.js · LEAF_ITEMS / COMPOSITE_ITEMS / … + getItem,src/items.js,Item default: yalnız COMPOSITE_ITEMS (recipe) veya FURNITURE cluster `items`. Global composition default yok.,"Kaynak yalnız `src/items.js` dondurulmuş kayıt. Override yok. (Zemin persist `stand.itemKey` kimliği seçer, kaydı değiştirmez.)",true,37,37,hayır,yok,Kod kaydı. Project DB'ye yazılmaz.,ITEM_READONLY,Kanonik `src/items.js` kaydı. Runtime kullanıcı bu alanları item tanımı olarak değiştirmez; kopyalar factory/catalog/BOM tarafında okunur.,hayır (salt okunur kimlik/kayıt),hayır — kod kaydı,validation yok (genel proje şeması yok).,true,doğrudan yok veya dolaylı (kanıt bölümü).,yok veya dolaylı değil.,Etkiler: `resolveItemBom` / recipe items / inner-corner variant. Miktar uydurulmaz; recipe satırı kanoniktir.,- `src/itemBom.js` `resolveRecipe` :22 [read] | - `src/scene3d.js` `addFace` :6853 [read] | - `test/baseModule.test.js` `for` :76 [test] | - `test/commercialItemsContract.test.js` (dosya düzeyi) :40 [test] | - `test/doorCompositeItemContract.test.js` (dosya düzeyi) :42 [test] | - `test/freePropsCollisionNone.test.js` `for` :56 [test] | - `test/lCounterPlacement.test.js` (dosya düzeyi) :46 [test] | - `test/moduleContextAllowSideInsert.test.js` (dosya düzeyi) :7 [test] | - `test/modulePlacement.test.js` (dosya düzeyi) :394 [test] | - `test/modulePlacement.test.js` `for` :931 [test] | - `test/profileFieldPlacement.test.js` `for` :77 [test] | - `test/profileFieldPlacement.test.js` (dosya düzeyi) :116 [test] | - `test/rawBomSelectionParser.test.js` `lCounterSelectionMessage` :12 [test] | - `test/rawBomSelectionParser.test.js` `for` :31 [test] | - `test/selectionFeedback.test.js` `surface` :27 [test] | - `test/showcaseBodyColorRegression.test.js` `for` :37 [test] | - `test/uprightFieldPlacement.test.js` `for` :80 [test] | - `test/uprightFieldPlacement.test.js` (dosya düzeyi) :116 [test] | - `test/wallFlatPanelItemsContract.test.js` (dosya düzeyi) :154 [test] | - `test/wallSeparatorItemsContract.test.js` `for` :140 [test] | - `test/wallShelfItemsContract.test.js` (dosya düzeyi) :144 [test] | - `test/wallShowcaseItemContract.test.js` `for` :26 [test],- `src/items.js` `COMPOSITE_ITEMS` :502 [write-or-literal] | - `src/items.js` (dosya düzeyi) :585 [write-or-literal] | - `src/moduleRecipes.js` (dosya düzeyi) :4 [write-or-literal] | - `src/scene3d.js` `rotateSelectedModule` :2264 [write-or-literal] | - `src/scene3d.js` `getFreeTvPlacement` :2299 [write-or-literal] | - `src/scene3d.js` `if` :2458 [write-or-literal] | - `src/scene3d.js` `createMiniFridgeModule` :5006 [write-or-literal] | - `src/scene3d.js` `createCoatRackModule` :5235 [write-or-literal] | - `src/scene3d.js` `createUprightModule` :5306 [write-or-literal] | - `src/scene3d.js` `createProfileModule` :5356 [write-or-literal] | - `src/scene3d.js` `createKettleModule` :5400 [write-or-literal] | - `src/scene3d.js` `for` :5650 [write-or-literal] | - `src/scene3d.js` `createBarStoolModule` :5697 [write-or-literal] | - `src/scene3d.js` `createEamesChairModule` :5777 [write-or-literal] | - `src/scene3d.js` `createGlassTableModule` :5890 [write-or-literal] | - `src/scene3d.js` `createBeigeSofaFurnitureProxy` :6246 [write-or-literal] | - `src/scene3d.js` `addPanelFace` :6570 [write-or-literal] | - `src/scene3d.js` `addFace` :6743 [write-or-literal] | - `src/main.js` `for` :678 [write-or-literal] | - `src/moduleMove.js` `if` :183 [write-or-literal] | - `src/modulePlacement.js` `snapUprightToShortUpJoints` :768 [write-or-literal] | - `src/modulePlacement.js` `if` :1579 [write-or-literal] | - `src/rawBomDebug.js` `parseLCounterSelection` :19 [write-or-literal]
static.composition.nominalWidthCm,Kanonik composition: nominalWidthCm,Kanonik composition: nominalWidthCm. Recipe genişlik anahtarı (50/100/150/200).,kanonik-kayit,number,cm,Recipe genişlik anahtarı (50/100/150/200).,kanonik Item kaydı · src/items.js · LEAF_ITEMS / COMPOSITE_ITEMS / … + getItem,src/items.js,Item default: yalnız COMPOSITE_ITEMS (recipe) veya FURNITURE cluster `items`. Global composition default yok.,"Kaynak yalnız `src/items.js` dondurulmuş kayıt. Override yok. (Zemin persist `stand.itemKey` kimliği seçer, kaydı değiştirmez.)",true,37,37,hayır,yok,Kod kaydı. Project DB'ye yazılmaz.,ITEM_READONLY,Kanonik `src/items.js` kaydı. Runtime kullanıcı bu alanları item tanımı olarak değiştirmez; kopyalar factory/catalog/BOM tarafında okunur.,hayır (salt okunur kimlik/kayıt),hayır — kod kaydı,validation yok (genel proje şeması yok).,true,doğrudan yok veya dolaylı (kanıt bölümü).,yok veya dolaylı değil.,Etkiler: `resolveItemBom` / recipe items / inner-corner variant. Miktar uydurulmaz; recipe satırı kanoniktir.,- `src/itemBom.js` `resolveRecipe` :23 [read] | - `src/moduleRecipes.js` `getStraightWallRecipe` :183 [read] | - `src/moduleRecipes.js` `getStraightWallNominalWidthForProfileItem` :188 [read] | - `src/moduleRecipes.js` `getModuleRecipe` :195 [read] | - `src/moduleRecipes.js` `getExpandedStraightWallRecipe` :275 [read] | - `src/moduleRecipes.js` `getExpandedModuleRecipe` :278 [read] | - `test/baseItemsContract.test.js` (dosya düzeyi) :49 [test] | - `test/deskBankoItemsContract.test.js` (dosya düzeyi) :80 [test] | - `test/doorCompositeItemContract.test.js` (dosya düzeyi) :43 [test] | - `test/wallBaseItemsContract.test.js` (dosya düzeyi) :75 [test] | - `test/wallFlatPanelItemsContract.test.js` (dosya düzeyi) :64 [test] | - `test/wallSeparatorItemsContract.test.js` (dosya düzeyi) :81 [test] | - `test/wallSeparatorItemsContract.test.js` `for` :139 [test] | - `test/wallShelfItemsContract.test.js` (dosya düzeyi) :86 [test] | - `test/wallShowcaseItemContract.test.js` `for` :26 [test],- `src/items.js` `COMPOSITE_ITEMS` :503 [write-or-literal] | - `src/items.js` (dosya düzeyi) :574 [write-or-literal] | - `src/moduleRecipes.js` (dosya düzeyi) :4 [write-or-literal] | - `src/moduleRecipes.js` `getModuleRecipe` :194 [write] | - `src/moduleRecipes.js` `getExpandedStraightWallRecipe` :274 [write] | - `src/moduleRecipes.js` `getExpandedModuleRecipe` :277 [write]
static.composition.options.shape,Kanonik composition: options.shape,Kanonik composition: options.shape. L banko recipe `counter-l:*` seçimi.,kanonik-kayit,string,yok / birimsiz,L banko recipe `counter-l:*` seçimi.,kanonik Item kaydı · src/items.js · LEAF_ITEMS / COMPOSITE_ITEMS / … + getItem,src/items.js,Item default: yalnız COMPOSITE_ITEMS (recipe) veya FURNITURE cluster `items`. Global composition default yok.,"Kaynak yalnız `src/items.js` dondurulmuş kayıt. Override yok. (Zemin persist `stand.itemKey` kimliği seçer, kaydı değiştirmez.)",true,3,3,hayır,yok,Kod kaydı. Project DB'ye yazılmaz.,ITEM_READONLY,Kanonik `src/items.js` kaydı. Runtime kullanıcı bu alanları item tanımı olarak değiştirmez; kopyalar factory/catalog/BOM tarafında okunur.,hayır (salt okunur kimlik/kayıt),hayır — kod kaydı,validation yok (genel proje şeması yok).,true,doğrudan yok veya dolaylı (kanıt bölümü).,yok veya dolaylı değil.,Etkiler: `resolveItemBom` / recipe items / inner-corner variant. Miktar uydurulmaz; recipe satırı kanoniktir.,- `src/items.js` (dosya düzeyi) :587 [define],- `src/items.js` (dosya düzeyi) :587 [define]
static.composition.options.shelfCount,Kanonik composition: options.shelfCount,Kanonik composition: options.shelfCount. shelf recipe `shelf:{w}:{count}` seçimi.,kanonik-kayit,string,yok / birimsiz,shelf recipe `shelf:{w}:{count}` seçimi.,kanonik Item kaydı · src/items.js · LEAF_ITEMS / COMPOSITE_ITEMS / … + getItem,src/items.js,Item default: yalnız COMPOSITE_ITEMS (recipe) veya FURNITURE cluster `items`. Global composition default yok.,"Kaynak yalnız `src/items.js` dondurulmuş kayıt. Override yok. (Zemin persist `stand.itemKey` kimliği seçer, kaydı değiştirmez.)",true,6,6,hayır,yok,Kod kaydı. Project DB'ye yazılmaz.,ITEM_READONLY,Kanonik `src/items.js` kaydı. Runtime kullanıcı bu alanları item tanımı olarak değiştirmez; kopyalar factory/catalog/BOM tarafında okunur.,hayır (salt okunur kimlik/kayıt),hayır — kod kaydı,validation yok (genel proje şeması yok).,true,doğrudan yok veya dolaylı (kanıt bölümü).,yok veya dolaylı değil.,Etkiler: `resolveItemBom` / recipe items / inner-corner variant. Miktar uydurulmaz; recipe satırı kanoniktir.,- `src/items.js` (dosya düzeyi) :861 [define],- `src/items.js` (dosya düzeyi) :861 [define]
static.connectorType,Aparat sınıfı,Aparat sınıfı. `getConnectorItemKey` / `resolveConnectorBom` sınıfı.,kanonik-kayit,string,yok / birimsiz,`getConnectorItemKey` / `resolveConnectorBom` sınıfı.,kanonik Item kaydı · src/items.js · LEAF_ITEMS / COMPOSITE_ITEMS / … + getItem,src/items.js,Item default: yalnız `src/items.js` dondurulmuş kayıt. Type default yok. Factory bu alanı kopyalamaz (eşdeğer `state.*` ayrı sütun).,"Kaynak yalnız `src/items.js` dondurulmuş kayıt. Override yok. (Zemin persist `stand.itemKey` kimliği seçer, kaydı değiştirmez.)",false,0,4,hayır,yok,Kod kaydı. Project DB'ye yazılmaz.,ITEM_READONLY,Kanonik `src/items.js` kaydı. Runtime kullanıcı bu alanları item tanımı olarak değiştirmez; kopyalar factory/catalog/BOM tarafında okunur.,hayır (salt okunur kimlik/kayıt),hayır — kod kaydı,validation yok (genel proje şeması yok).,true,doğrudan yok veya dolaylı (kanıt bölümü).,yok veya dolaylı değil.,Etkiler: `resolveItemBom` / recipe items / inner-corner variant. Miktar uydurulmaz; recipe satırı kanoniktir.,- `src/items.js` `getConnectorItemKey` :78 [read] | - `test/connectorBom.test.js` (dosya düzeyi) :4 [test] | - `test/moduleRecipes.test.js` (dosya düzeyi) :29 [test],- `src/items.js` `LEAF_ITEMS` :25 [define] | - `src/items.js` `getDoorLeafItem` :71 [define] | - `src/items.js` `for` :98 [write] | - `src/items.js` `if` :101 [write-or-literal]
static.defaultColor,Kanonik varsayılan renk,Kanonik varsayılan renk. Leaf/zemin varsayılan renk. Factory `itemDefaultColorHex` / separatorDefaultColor / zemin deseni.,kanonik-kayit,color (int 0xRRGGBB veya hex string; katmana göre değişir),yok / birimsiz,Leaf/zemin varsayılan renk. Factory `itemDefaultColorHex` / separatorDefaultColor / zemin deseni.,kanonik Item kaydı · src/items.js · LEAF_ITEMS / COMPOSITE_ITEMS / … + getItem,src/items.js,Item default: leaf/zemin kaydında integer veya hex. Factory: `itemDefaultColorHex` / `separatorDefaultColor`. Global yüzey rengi: `DEFAULT_PANEL_COLOR` `#ffffff` (`src/designState.js`) item defaultColor yoksa (mobilya/planter). Upright/profile: Item.defaultColor zorunlu (yoksa TypeError).,"Kaynak yalnız `src/items.js` dondurulmuş kayıt. Override yok. (Zemin persist `stand.itemKey` kimliği seçer, kaydı değiştirmez.)",true,10,30,hayır,yok,Kod kaydı. Project DB'ye yazılmaz.,ITEM_READONLY,Kanonik `src/items.js` kaydı. Runtime kullanıcı bu alanları item tanımı olarak değiştirmez; kopyalar factory/catalog/BOM tarafında okunur.,hayır (salt okunur kimlik/kayıt),hayır — kod kaydı,validation yok (genel proje şeması yok).,true,Factory/zemin varsayılan rengi; kullanıcı ezerse material güncellenir.,yok veya dolaylı değil.,yok.,- `src/items.js` `if` :994 [read] | - `src/designState.js` `separatorDefaultColor` :23 [read] | - `src/designState.js` `itemDefaultColorHex` :46 [read] | - `src/scene3d.js` `if` :636 [read] | - `test/baseTopsItemContract.test.js` (dosya düzeyi) :40 [test] | - `test/baseTopsItemContract.test.js` `for` :76 [test] | - `test/counterTopDefaultColor.test.js` `for` :18 [test] | - `test/doorLeafItemContract.test.js` (dosya düzeyi) :19 [test] | - `test/floorItemsContract.test.js` `for` :41 [test] | - `test/profileIntrinsicProperties.test.js` `for` :20 [test] | - `test/separatorPanelsItemContract.test.js` (dosya düzeyi) :13 [test] | - `test/separatorPanelsItemContract.test.js` `for` :69 [test] | - `test/shelfItemsItemContract.test.js` (dosya düzeyi) :26 [test] | - `test/shelfItemsItemContract.test.js` `for` :63 [test] | - `test/showcaseAppearance.test.js` `for` :26 [test] | - `test/showcaseBodyBoardsItemContract.test.js` `for` :35 [test] | - `test/uprightFieldPlacement.test.js` (dosya düzeyi) :213 [test] | - `test/uprightIntrinsicProperties.test.js` `for` :14 [test] | - `test/wallShowcaseItemContract.test.js` `for` :82 [test],- `src/items.js` `LEAF_ITEMS` :3 [define] | - `src/items.js` `FLOOR_ITEMS` :293 [write-or-literal] | - `src/designState.js` `separatorDefaultColor` :22 [write] | - `src/designState.js` `itemDefaultColorHex` :47 [write] | - `src/designState.js` `if` :63 [write-or-literal] | - `src/designState.js` `createShowcaseModuleState` :187 [write-or-literal] | - `src/designState.js` `if` :834 [write] | - `src/scene3d.js` `fine` :520 [write] | - `src/scene3d.js` `if` :6887 [write-or-literal] | - `src/scene3d.js` `if` :7463 [write]
static.dimensions.catalogHeightCm,Kanonik ölçü: catalogHeightCm,Kanonik ölçü: catalogHeightCm. Kanonik catalogHeightCm. Catalog/factory/collision/BOM ilgili katmanlar bu ölçüyü veya ondan türetilmiş kopyayı okur.,kanonik-kayit,number,cm,Kanonik catalogHeightCm. Catalog/factory/collision/BOM ilgili katmanlar bu ölçüyü veya ondan türetilmiş kopyayı okur.,kanonik Item kaydı · src/items.js · LEAF_ITEMS / COMPOSITE_ITEMS / … + getItem,src/items.js,Item default: yalnız `src/items.js` dondurulmuş kayıt. Type default yok. Factory bu alanı kopyalamaz (eşdeğer `state.*` ayrı sütun).,"Kaynak yalnız `src/items.js` dondurulmuş kayıt. Override yok. (Zemin persist `stand.itemKey` kimliği seçer, kaydı değiştirmez.)",true,3,3,hayır,yok,Kod kaydı. Project DB'ye yazılmaz.,ITEM_READONLY,Kanonik `src/items.js` kaydı. Runtime kullanıcı bu alanları item tanımı olarak değiştirmez; kopyalar factory/catalog/BOM tarafında okunur.,hayır (salt okunur kimlik/kayıt),hayır — kod kaydı,Factory `Number(...)`; NaN durumları type'a göre null return veya yanlış ölçü. Genel şema yok.,false,Mesh ölçeği / proxy kutu boyutu (type renderer).,"Etkiler: snap, collision, side insert, short-up joint, L rotasyon, overlay mount. Ayrıntı `src/modulePlacement.js` + `getModuleBehavior`.",yok.,- `src/items.js` `isParquetFloorItem` :348 [read] | - `src/items.js` `isGridTileFloorItem` :354 [read] | - `src/items.js` `isCarpetFloorItem` :362 [read] | - `src/items.js` `if` :483 [read] | - `src/designState.js` `if` :824 [read] | - `src/catalog.js` `COUNTER_DIMENSIONS` :19 [read] | - `src/catalog.js` `BASE_DIMENSIONS` :29 [read] | - `src/catalog.js` `createBaseCatalogItem` :40 [read] | - `src/catalog.js` `createCounterCatalogItem` :50 [read] | - `src/catalog.js` `furniture_table_chair_set_eames_DIMENSIONS` :151 [read] | - `src/scene3d.js` `matchesConcreteParquetVisual` :553 [read] | - `src/scene3d.js` `fixedElevationM` :1397 [read] | - `src/scene3d.js` `getPlacementGhostKey` :1882 [read] | - `src/scene3d.js` `if` :1884 [read] | - `src/scene3d.js` `createFallbackPlacementGhost` :1967 [read] | - `src/scene3d.js` `createPlacementGhost` :1994 [read] | - `src/scene3d.js` `addProfile` :6483 [read] | - `src/scene3d.js` `for` :7591 [read] | - `src/main.js` `resizeContextIlluminatedFoam` :877 [read] | - `src/selectionFeedback.js` `if` :143 [read] | - `test/baseItemsContract.test.js` (dosya düzeyi) :51 [test] | - `test/baseRecipes.test.js` (dosya düzeyi) :8 [test] | - `test/baseTopsItemContract.test.js` (dosya düzeyi) :14 [test] | - `test/baseTopsItemContract.test.js` `for` :74 [test] | - `test/commercialItemsContract.test.js` (dosya düzeyi) :20 [test] | - `test/cornerPanelsItemContract.test.js` (dosya düzeyi) :16 [test] | - `test/counterRecipes.test.js` (dosya düzeyi) :8 [test] | - `test/counterTopsItemContract.test.js` (dosya düzeyi) :32 [test] | - `test/counterTopsItemContract.test.js` `for` :62 [test] | - `test/deskBankoItemsContract.test.js` (dosya düzeyi) :82 [test] | - `test/doorCompositeItemContract.test.js` (dosya düzeyi) :39 [test] | - `test/doorLeafItemContract.test.js` (dosya düzeyi) :17 [test] | - `test/floorItemsContract.test.js` `for` :39 [test] | - `test/furnitureItemsContract.test.js` `if` :162 [test] | - `test/glassShelfItemContract.test.js` (dosya düzeyi) :22 [test] | - `test/glassShelfItemContract.test.js` `for` :46 [test] | - `test/glassTableContract.test.js` (dosya düzeyi) :14 [test] | - `test/illuminatedFoamModule.test.js` (dosya düzeyi) :16 [test] | - `test/imageFit.test.js` (dosya düzeyi) :30 [test] | - `test/indoorPlantItemsContract.test.js` (dosya düzeyi) :78 [test] | - `test/lCounter150Contract.test.js` (dosya düzeyi) :42 [test] | - `test/lCounter200Contract.test.js` (dosya düzeyi) :42 [test] | - `test/lightingItemsContract.test.js` (dosya düzeyi) :78 [test] | - `test/miniFridge.test.js` (dosya düzeyi) :8 [test] | - `test/moduleRecipes.test.js` `if` :173 [test] | - … test/e2e ek 33 eşleşme (src listesi tam).,- `src/items.js` `LEAF_ITEMS` :3 [define] | - `src/items.js` `COMMERCIAL_ITEMS` :122 [define] | - `src/items.js` `FURNITURE_ITEMS` :154 [define] | - `src/items.js` (dosya düzeyi) :240 [define] | - `src/items.js` `TOP_LIGHT_ITEMS` :258 [define] | - `src/items.js` `NON_CATALOG_ITEMS` :277 [define] | - `src/items.js` `FLOOR_ITEMS` :292 [define] | - `src/items.js` `getFloorSelectLabel` :339 [write] | - `src/items.js` `INDOOR_PLANT_ITEMS` :384 [define] | - `src/items.js` `WALL_MEDIA_ITEMS` :425 [define] | - `src/items.js` `WALL_MEDIA_ITEMS` :426 [write-or-literal] | - `src/items.js` `resolveWallMediaMetrics` :458 [write] | - `src/items.js` `if` :469 [write-or-literal] | - `src/items.js` `if` :479 [write] | - `src/items.js` `COMPOSITE_ITEMS` :499 [define] | - `src/designState.js` `createFlatPanelModuleState` :98 [write] | - `src/designState.js` `createSeparatorModuleState` :152 [write] | - `src/designState.js` `createShowcaseModuleState` :171 [write] | - `src/designState.js` `createShelfModuleState` :225 [write] | - `src/designState.js` `createDoorModuleState` :244 [write] | - `src/designState.js` `createCounterModuleState` :293 [write] | - `src/designState.js` `createBaseWallModuleState` :337 [write] | - `src/designState.js` `createBaseModuleState` :377 [write] | - `src/designState.js` `createFurnitureModuleState` :401 [write-or-literal] | - `src/designState.js` `createCommercialModuleState` :455 [write-or-literal] | - `src/designState.js` `createUprightModuleState` :480 [write] | - `src/designState.js` `createUprightModuleState` :487 [write-or-literal] | - `src/designState.js` `createProfileModuleState` :496 [write] | - `src/designState.js` `createIndoorPlantModuleState` :558 [write-or-literal] | - `src/designState.js` `createIlluminatedFoamModuleState` :575 [write] | - `src/designState.js` `createIlluminatedFoamModuleState` :584 [write-or-literal] | - `src/designState.js` `createLedFloodlightModuleState` :625 [write-or-literal] | - `src/designState.js` `if` :816 [write] | - `src/catalog.js` `COUNTER_DIMENSIONS` :16 [write-or-literal] | - `src/catalog.js` `BASE_DIMENSIONS` :26 [write-or-literal] | - `src/catalog.js` `createFlatPanelCatalogItem` :62 [write-or-literal] | - `src/catalog.js` `createUprightCatalogItem` :72 [write] | - `src/catalog.js` `createProfileCatalogItem` :86 [write] | - `src/catalog.js` `createBaseWallCatalogItem` :103 [write-or-literal] | - `src/catalog.js` `createSeparatorCatalogItem` :115 [write-or-literal] | - `src/catalog.js` `createShelfCatalogItem` :127 [write-or-literal] | - `src/catalog.js` `furniture_sofa_set_classic_DIMENSIONS` :142 [write] | - `src/catalog.js` `furniture_sofa_single_classic_DIMENSIONS` :144 [write] | - `src/catalog.js` `furniture_sofa_double_classic_DIMENSIONS` :146 [write] | - `src/catalog.js` `furniture_coffee_table_classic_DIMENSIONS` :148 [write] | - `src/catalog.js` `chair_eames_DIMENSIONS` :155 [write] | - `src/catalog.js` `glass_table_DIMENSIONS` :157 [write] | - `src/catalog.js` `furniture_bar_stool_classic_DIMENSIONS` :159 [write] | - `src/catalog.js` `MINI_FRIDGE_DIMENSIONS` :160 [write] | - `src/catalog.js` `COAT_RACK_DIMENSIONS` :162 [write] | - `src/catalog.js` `PLASTIC_TRASH_BIN_DIMENSIONS` :164 [write] | - `src/catalog.js` `createWallMediaCatalogItem` :180 [write-or-literal] | - `src/catalog.js` `TV_42_DIMENSIONS` :203 [write-or-literal] | - `src/catalog.js` `LED_FLOODLIGHT_DIMENSIONS` :209 [write-or-literal] | - `src/catalog.js` `createTopLightCatalogItem` :220 [write-or-literal] | - `src/catalog.js` `createCommercialCatalogItem` :228 [write] | - `src/catalog.js` `createCommercialCatalogItem` :229 [write-or-literal] | - `src/catalog.js` `createIndoorPlantCatalogItem` :237 [write-or-literal] | - `src/catalog.js` `createFurnitureCatalogItem` :253 [write-or-literal] | - `src/catalog.js` `MODULE_CATALOG` :282 [write-or-literal] | - `src/moduleBehavior.js` `getModuleCollisionHeightRangeCm` :280 [write] | - `src/scene3d.js` `createFloorPattern` :563 [write] | - `src/scene3d.js` `createFallbackPlacementGhost` :1978 [write] | - `src/scene3d.js` `createFallbackPlacementGhost` :1988 [write-or-literal] | - `src/scene3d.js` `if` :2019 [write-or-literal] | - `src/scene3d.js` `ensurePlacementGhost` :2027 [write] | - `src/scene3d.js` `createMiniFridgeModule` :4995 [write] | - `src/scene3d.js` `createIndoorPlantModule` :5066 [write] | - `src/scene3d.js` `createCoatRackModule` :5226 [write] | - `src/scene3d.js` `createUprightModule` :5293 [write] | - `src/scene3d.js` `createProfileModule` :5343 [write] | - `src/scene3d.js` `createKettleModule` :5391 [write] | - `src/scene3d.js` `createLedFloodlightModule` :5457 [write] | - `src/scene3d.js` `createEamesChairModule` :5750 [write] | - `src/scene3d.js` `addProceduralGlassTable` :5831 [write] | - `src/scene3d.js` `createGlassTableModule` :5862 [write] | - `src/scene3d.js` `addClassicCoffeeTable` :6138 [write] | - `src/scene3d.js` `createBeigeSofaSetModule` :6268 [write] | - `src/scene3d.js` `createSofaPieceClassicModule` :6346 [write] | - `src/scene3d.js` `createCoffeeTableClassicModule` :6411 [write] | - `src/scene3d.js` `if` :6871 [write] | - `src/scene3d.js` `for` :7592 [write] | - `src/main.js` `resizeContextIlluminatedFoam` :876 [write] | - `src/main.js` `if` :1660 [write] | - `src/modulePlacement.js` `snapUprightToShortUpJoints` :770 [write-or-literal] | - `src/selectionFeedback.js` `if` :116 [write] | - `src/standStandardsCopy.js` `getStandStandardsFacts` :21 [write]
static.dimensions.depthCm,Kanonik ölçü: depthCm,Kanonik ölçü: depthCm. Kanonik depthCm. Catalog/factory/collision/BOM ilgili katmanlar bu ölçüyü veya ondan türetilmiş kopyayı okur.,kanonik-kayit,number,cm,Kanonik depthCm. Catalog/factory/collision/BOM ilgili katmanlar bu ölçüyü veya ondan türetilmiş kopyayı okur.,kanonik Item kaydı · src/items.js · LEAF_ITEMS / COMPOSITE_ITEMS / … + getItem,src/items.js,Item default: yalnız `src/items.js` dondurulmuş kayıt. Type default yok. Factory bu alanı kopyalamaz (eşdeğer `state.*` ayrı sütun).,"Kaynak yalnız `src/items.js` dondurulmuş kayıt. Override yok. (Zemin persist `stand.itemKey` kimliği seçer, kaydı değiştirmez.)",true,39,55,hayır,yok,Kod kaydı. Project DB'ye yazılmaz.,ITEM_READONLY,Kanonik `src/items.js` kaydı. Runtime kullanıcı bu alanları item tanımı olarak değiştirmez; kopyalar factory/catalog/BOM tarafında okunur.,hayır (salt okunur kimlik/kayıt),hayır — kod kaydı,Factory `Number(...)`; NaN durumları type'a göre null return veya yanlış ölçü. Genel şema yok.,false,Mesh ölçeği / proxy kutu boyutu (type renderer).,"Etkiler: snap, collision, side insert, short-up joint, L rotasyon, overlay mount. Ayrıntı `src/modulePlacement.js` + `getModuleBehavior`.",yok.,- `src/items.js` `getFloorSelectLabel` :341 [read] | - `src/items.js` `isParquetFloorItem` :348 [read] | - `src/items.js` `isGridTileFloorItem` :354 [read] | - `src/items.js` `isCarpetFloorItem` :362 [read] | - `src/items.js` `if` :984 [read] | - `src/designState.js` `if` :312 [read] | - `src/designState.js` `createBaseWallModuleState` :344 [read] | - `src/designState.js` `createBaseModuleState` :384 [read] | - `src/catalog.js` `COUNTER_DIMENSIONS` :19 [read] | - `src/catalog.js` `BASE_DIMENSIONS` :29 [read] | - `src/catalog.js` `createBaseCatalogItem` :40 [read] | - `src/catalog.js` `createCounterCatalogItem` :50 [read] | - `src/catalog.js` `furniture_table_chair_set_eames_DIMENSIONS` :151 [read] | - `src/catalog.js` `if` :515 [read] | - `src/scene3d.js` `matchesConcreteParquetVisual` :553 [read] | - `src/scene3d.js` `fixedElevationM` :1397 [read] | - `src/scene3d.js` `getPlacementGhostKey` :1882 [read] | - `src/scene3d.js` `if` :1884 [read] | - `src/scene3d.js` `createFallbackPlacementGhost` :1967 [read] | - `src/scene3d.js` `createPlacementGhost` :1994 [read] | - `src/scene3d.js` `rotateSelectedModule` :2249 [read] | - `src/scene3d.js` `createMiniFridgeModule` :5009 [read] | - `src/scene3d.js` `createCoatRackModule` :5238 [read] | - `src/scene3d.js` `createUprightModule` :5309 [read] | - `src/scene3d.js` `createKettleModule` :5403 [read] | - `src/scene3d.js` `createLedFloodlightModule` :5467 [read] | - `src/scene3d.js` `createBarStoolModule` :5679 [read] | - `src/scene3d.js` `createEamesChairModule` :5760 [read] | - `src/main.js` `resizeContextIlluminatedFoam` :877 [read] | - `src/autoDepot.js` `fixture` :24 [read] | - `src/autoDepot.js` `if` :64 [read] | - `src/modulePlacement.js` `hasStrictDepthBounds` :52 [read] | - `src/modulePlacement.js` `getRotatedHalfExtentsCm` :127 [read] | - `src/modulePlacement.js` `createLocalSegment` :299 [read] | - `src/modulePlacement.js` `validatePlacementAgainstModules` :574 [read] | - `src/modulePlacement.js` `snapUprightToShortUpJoints` :766 [read] | - `src/modulePlacement.js` `snapPlacementToModules` :828 [read] | - `src/modulePlacement.js` `addCandidate` :893 [read] | - `src/modulePlacement.js` `createFreePlacement` :1298 [read] | - `src/modulePlacement.js` `snapPlacementToStand` :1372 [read] | - `src/rawBomDebug.js` `parseLCounterSelection` :16 [read] | - `src/selectionFeedback.js` `if` :27 [read] | - `src/standStandardsCopy.js` `getStandStandardsFacts` :27 [read] | - `src/standStandardsCopy.js` `getHelpStandardsTableHtml` :72 [read] | - `test/barStool2.test.js` (dosya düzeyi) :12 [test] | - `test/baseItemsContract.test.js` (dosya düzeyi) :51 [test] | - `test/baseModule.test.js` (dosya düzeyi) :14 [test] | - `test/baseModule.test.js` `for` :49 [test] | - `test/baseRecipes.test.js` (dosya düzeyi) :8 [test] | - `test/baseRenderStyle.test.js` (dosya düzeyi) :21 [test] | - `test/baseTopsItemContract.test.js` (dosya düzeyi) :14 [test] | - `test/baseTopsItemContract.test.js` `for` :74 [test] | - `test/baseWallCatalog.test.js` `for` :17 [test] | - `test/baseWallRecipes.test.js` `for` :37 [test] | - `test/chairEamesContract.test.js` (dosya düzeyi) :17 [test] | - `test/coatRackModule.test.js` (dosya düzeyi) :16 [test] | - `test/commercialItemsContract.test.js` (dosya düzeyi) :20 [test] | - `test/cornerPanelsItemContract.test.js` (dosya düzeyi) :16 [test] | - `test/counterModule.test.js` `for` :17 [test] | - `test/counterRecipes.test.js` (dosya düzeyi) :8 [test] | - `test/counterTopsItemContract.test.js` (dosya düzeyi) :8 [test] | - `test/counterTopsItemContract.test.js` `for` :62 [test] | - `test/depotFreeDragSnap.test.js` `for` :10 [test] | - `test/depotFrontRecipe.test.js` `front` :6 [test] | - `test/deskBankoItemsContract.test.js` (dosya düzeyi) :26 [test] | - `test/deskBankoItemsContract.test.js` `if` :98 [test] | - `test/doorCompositeItemContract.test.js` (dosya düzeyi) :39 [test] | - `test/doorLeafItemContract.test.js` (dosya düzeyi) :17 [test] | - `test/eamesTableChairSetContract.test.js` (dosya düzeyi) :13 [test] | - … test/e2e ek 79 eşleşme (src listesi tam).,- `src/items.js` `LEAF_ITEMS` :3 [define] | - `src/items.js` `COMMERCIAL_ITEMS` :122 [define] | - `src/items.js` `FURNITURE_ITEMS` :154 [define] | - `src/items.js` `FURNITURE_ITEMS` :156 [write-or-literal] | - `src/items.js` (dosya düzeyi) :231 [write-or-literal] | - `src/items.js` (dosya düzeyi) :240 [define] | - `src/items.js` `TOP_LIGHT_ITEMS` :258 [define] | - `src/items.js` `TOP_LIGHT_ITEMS` :260 [write-or-literal] | - `src/items.js` `NON_CATALOG_ITEMS` :277 [define] | - `src/items.js` `NON_CATALOG_ITEMS` :280 [write-or-literal] | - `src/items.js` `FLOOR_ITEMS` :292 [define] | - `src/items.js` `getFloorSelectLabel` :339 [write] | - `src/items.js` `INDOOR_PLANT_ITEMS` :384 [define] | - `src/items.js` `WALL_MEDIA_ITEMS` :425 [define] | - `src/items.js` `WALL_MEDIA_ITEMS` :426 [write-or-literal] | - `src/items.js` `resolveWallMediaMetrics` :458 [write] | - `src/items.js` `resolveWallMediaMetrics` :460 [write-or-literal] | - `src/items.js` `if` :479 [write] | - `src/items.js` `COMPOSITE_ITEMS` :499 [define] | - `src/designState.js` `createFlatPanelModuleState` :98 [write] | - `src/designState.js` `createSeparatorModuleState` :152 [write] | - `src/designState.js` `createShowcaseModuleState` :171 [write] | - `src/designState.js` `createShelfModuleState` :225 [write] | - `src/designState.js` `createDoorModuleState` :244 [write] | - `src/designState.js` `createCounterModuleState` :293 [write] | - `src/designState.js` `createBaseWallModuleState` :337 [write] | - `src/designState.js` `createBaseModuleState` :377 [write] | - `src/designState.js` `createFurnitureModuleState` :401 [write-or-literal] | - `src/designState.js` `createCommercialModuleState` :455 [write-or-literal] | - `src/designState.js` `createUprightModuleState` :480 [write] | - `src/designState.js` `createUprightModuleState` :486 [write-or-literal] | - `src/designState.js` `createProfileModuleState` :496 [write] | - `src/designState.js` `createProfileModuleState` :502 [write-or-literal] | - `src/designState.js` `modelFile` :525 [write-or-literal] | - `src/designState.js` `createIndoorPlantModuleState` :543 [write] | - `src/designState.js` `createIndoorPlantModuleState` :558 [write-or-literal] | - `src/designState.js` `createIlluminatedFoamModuleState` :575 [write] | - `src/designState.js` `createIlluminatedFoamModuleState` :584 [write-or-literal] | - `src/designState.js` `createTvModuleState` :607 [write-or-literal] | - `src/designState.js` `createLedFloodlightModuleState` :625 [write-or-literal] | - `src/designState.js` `if` :711 [write] | - `src/catalog.js` `COUNTER_DIMENSIONS` :16 [write-or-literal] | - `src/catalog.js` `BASE_DIMENSIONS` :26 [write-or-literal] | - `src/catalog.js` `createFlatPanelCatalogItem` :62 [write-or-literal] | - `src/catalog.js` `createUprightCatalogItem` :72 [write] | - `src/catalog.js` `createUprightCatalogItem` :78 [write-or-literal] | - `src/catalog.js` `createProfileCatalogItem` :86 [write] | - `src/catalog.js` `createProfileCatalogItem` :92 [write-or-literal] | - `src/catalog.js` `createBaseWallCatalogItem` :103 [write-or-literal] | - `src/catalog.js` `createSeparatorCatalogItem` :115 [write-or-literal] | - `src/catalog.js` `createShelfCatalogItem` :127 [write-or-literal] | - `src/catalog.js` `furniture_sofa_set_classic_DIMENSIONS` :142 [write] | - `src/catalog.js` `furniture_sofa_single_classic_DIMENSIONS` :144 [write] | - `src/catalog.js` `furniture_sofa_double_classic_DIMENSIONS` :146 [write] | - `src/catalog.js` `furniture_coffee_table_classic_DIMENSIONS` :148 [write] | - `src/catalog.js` `chair_eames_DIMENSIONS` :155 [write] | - `src/catalog.js` `glass_table_DIMENSIONS` :157 [write] | - `src/catalog.js` `furniture_bar_stool_classic_DIMENSIONS` :159 [write] | - `src/catalog.js` `MINI_FRIDGE_DIMENSIONS` :160 [write] | - `src/catalog.js` `COAT_RACK_DIMENSIONS` :162 [write] | - `src/catalog.js` `PLASTIC_TRASH_BIN_DIMENSIONS` :164 [write] | - `src/catalog.js` `createWallMediaCatalogItem` :179 [write-or-literal] | - `src/catalog.js` `LED_FLOODLIGHT_DIMENSIONS` :209 [write-or-literal] | - `src/catalog.js` `createTopLightCatalogItem` :220 [write-or-literal] | - `src/catalog.js` `createCommercialCatalogItem` :228 [write] | - `src/catalog.js` `createCommercialCatalogItem` :229 [write-or-literal] | - `src/catalog.js` `createIndoorPlantCatalogItem` :237 [write-or-literal] | - `src/catalog.js` `createFurnitureCatalogItem` :253 [write-or-literal] | - `src/catalog.js` `MODULE_CATALOG` :282 [write-or-literal] | - `src/catalog.js` `normalizeCatalogDescriptor` :488 [write-or-literal] | - `src/moduleBehavior.js` `getModuleCollisionHeightRangeCm` :280 [write] | - `src/scene3d.js` `createFloorPattern` :563 [write] | - `src/scene3d.js` `createStage` :770 [write] | - `src/scene3d.js` `createStage` :810 [write-or-literal] | - `src/scene3d.js` `ensureModuleSelectionFrame` :977 [write] | - `src/scene3d.js` `createBaseWallModule` :1422 [write-or-literal] | - `src/scene3d.js` `if` :1723 [write] | - `src/scene3d.js` `pickModuleContext` :1809 [write-or-literal] | - `src/scene3d.js` `if` :1871 [write-or-literal] | - `src/scene3d.js` `createFallbackPlacementGhost` :1978 [write] | - `src/scene3d.js` `createFallbackPlacementGhost` :1988 [write-or-literal] | - `src/scene3d.js` `ensurePlacementGhost` :2027 [write] | - `src/scene3d.js` `rotateSelectedModule` :2262 [write-or-literal] | - `src/scene3d.js` `getFreeTvPlacement` :2302 [write-or-literal] | - `src/scene3d.js` `snap20` :2814 [write] | - `src/scene3d.js` `createIlluminatedFoamModule` :4707 [write] | - `src/scene3d.js` `createTvModule` :4833 [write] | - `src/scene3d.js` `createMiniFridgeModule` :4995 [write] | - `src/scene3d.js` `createIndoorPlantModule` :5066 [write] | - `src/scene3d.js` `createCoatRackModule` :5226 [write] | - `src/scene3d.js` `createUprightModule` :5293 [write] | - `src/scene3d.js` `createProfileModule` :5343 [write] | - `src/scene3d.js` `createProfileModule` :5359 [write-or-literal] | - `src/scene3d.js` `createKettleModule` :5391 [write] | - `src/scene3d.js` `createLedFloodlightModule` :5457 [write] | - `src/scene3d.js` `createBarStoolModule` :5670 [write] | - `src/scene3d.js` `createEamesChairModule` :5750 [write] | - `src/main.js` `for` :676 [write-or-literal] | - `src/main.js` `resizeContextIlluminatedFoam` :876 [write] | - `src/main.js` `rebuildSceneFromSetup` :1046 [write-or-literal] | - `src/main.js` `if` :1410 [write-or-literal] | - `src/main.js` `if` :1660 [write] | - `src/main.js` `onKeyDown` :1710 [write] | - `src/autoDepot.js` `AUTO_DEPOT_SIZES` :5 [write-or-literal] | - `src/autoDepot.js` `fixture` :20 [write] | - `src/autoDepot.js` `planAutomaticDepot` :54 [write-or-literal] | - `src/autoDepot.js` `if` :77 [write] | - `src/autoDepot.js` `if` :127 [write-or-literal] | - `src/moduleMove.js` `if` :187 [write-or-literal] | - `src/modulePlacement.js` `hasStrictDepthBounds` :53 [write] | - `src/modulePlacement.js` `snapDepthCenterCm` :57 [write] | - `src/modulePlacement.js` `rotateModulePlacementAroundCenter` :76 [write] | - `src/modulePlacement.js` `getRotatedHalfExtentsCm` :129 [write] | - `src/modulePlacement.js` `getLCounterCollisionSegments` :270 [write] | - `src/modulePlacement.js` `createLocalSegment` :295 [write] | - `src/modulePlacement.js` `validateModulePlacement` :343 [write] | - `src/modulePlacement.js` `if` :380 [write] | - `src/modulePlacement.js` `getModuleCollisionDepthCm` :409 [write] | - `src/modulePlacement.js` `validatePlacementAgainstModules` :560 [write] | - `src/modulePlacement.js` `validatePlacementAgainstModules` :578 [write-or-literal] | - `src/modulePlacement.js` `snapUprightToShortUpJoints` :711 [write] | - `src/modulePlacement.js` `snapUprightToShortUpJoints` :770 [write-or-literal] | - `src/modulePlacement.js` `snapPlacementToModules` :812 [write] | - `src/modulePlacement.js` `faceGapCm` :1073 [write] | - `src/modulePlacement.js` `touchesTargetFace` :1181 [write] | - `src/modulePlacement.js` `createFreePlacement` :1258 [write] | - `src/modulePlacement.js` `snapPlacementToStand` :1344 [write] | - `src/modulePlacement.js` `createFreeSideFixturePlacement` :1468 [write] | - `src/modulePlacement.js` `for` :1556 [write] | - `src/modulePlacement.js` `if` :1577 [write-or-literal] | - `src/rawBomDebug.js` `parseLCounterSelection` :15 [write] | - `src/rawBomDebug.js` `parseLCounterSelection` :21 [write-or-literal] | - `src/selectionFeedback.js` `if` :116 [write] | - `src/standStandardsCopy.js` `getStandStandardsFacts` :16 [write] | - `src/standStandardsCopy.js` `getStandStandardsListItems` :44 [write-or-literal]
static.dimensions.heightCm,Kanonik ölçü: heightCm,Kanonik ölçü: heightCm. Kanonik heightCm. Catalog/factory/collision/BOM ilgili katmanlar bu ölçüyü veya ondan türetilmiş kopyayı okur.,kanonik-kayit,number,cm,Kanonik heightCm. Catalog/factory/collision/BOM ilgili katmanlar bu ölçüyü veya ondan türetilmiş kopyayı okur.,kanonik Item kaydı · src/items.js · LEAF_ITEMS / COMPOSITE_ITEMS / … + getItem,src/items.js,Item default: yalnız `src/items.js` dondurulmuş kayıt. Type default yok. Factory bu alanı kopyalamaz (eşdeğer `state.*` ayrı sütun).,"Kaynak yalnız `src/items.js` dondurulmuş kayıt. Override yok. (Zemin persist `stand.itemKey` kimliği seçer, kaydı değiştirmez.)",true,30,41,hayır,yok,Kod kaydı. Project DB'ye yazılmaz.,ITEM_READONLY,Kanonik `src/items.js` kaydı. Runtime kullanıcı bu alanları item tanımı olarak değiştirmez; kopyalar factory/catalog/BOM tarafında okunur.,hayır (salt okunur kimlik/kayıt),hayır — kod kaydı,Factory `Number(...)`; NaN durumları type'a göre null return veya yanlış ölçü. Genel şema yok.,false,Mesh ölçeği / proxy kutu boyutu (type renderer).,"Etkiler: snap, collision, side insert, short-up joint, L rotasyon, overlay mount. Ayrıntı `src/modulePlacement.js` + `getModuleBehavior`.",yok.,- `src/items.js` `isParquetFloorItem` :348 [read] | - `src/items.js` `isGridTileFloorItem` :354 [read] | - `src/items.js` `isCarpetFloorItem` :362 [read] | - `src/items.js` `if` :984 [read] | - `src/designState.js` `if` :313 [read] | - `src/designState.js` `createBaseWallModuleState` :345 [read] | - `src/designState.js` `createBaseModuleState` :385 [read] | - `src/designState.js` `createIlluminatedFoamModuleState` :583 [read] | - `src/catalog.js` `COUNTER_DIMENSIONS` :19 [read] | - `src/catalog.js` `BASE_DIMENSIONS` :29 [read] | - `src/catalog.js` `createBaseCatalogItem` :40 [read] | - `src/catalog.js` `createCounterCatalogItem` :50 [read] | - `src/catalog.js` `furniture_table_chair_set_eames_DIMENSIONS` :151 [read] | - `src/scene3d.js` `matchesConcreteParquetVisual` :553 [read] | - `src/scene3d.js` `fixedElevationM` :1397 [read] | - `src/scene3d.js` `getPlacementGhostKey` :1882 [read] | - `src/scene3d.js` `if` :1884 [read] | - `src/scene3d.js` `createFallbackPlacementGhost` :1967 [read] | - `src/scene3d.js` `createPlacementGhost` :1994 [read] | - `src/scene3d.js` `createMiniFridgeTopLabel` :4905 [read] | - `src/scene3d.js` `createPlasticTrashBinTopLabel` :4950 [read] | - `src/scene3d.js` `createMiniFridgeModule` :5010 [read] | - `src/scene3d.js` `createCoatRackModule` :5239 [read] | - `src/scene3d.js` `createUprightModule` :5310 [read] | - `src/scene3d.js` `createProfileModule` :5360 [read] | - `src/scene3d.js` `createKettleModule` :5404 [read] | - `src/scene3d.js` `createLedFloodlightModule` :5468 [read] | - `src/scene3d.js` `createBarStoolModule` :5680 [read] | - `src/scene3d.js` `createEamesChairModule` :5761 [read] | - `src/main.js` `resizeContextIlluminatedFoam` :877 [read] | - `src/main.js` `finish` :1634 [read] | - `src/modulePlacement.js` `clampWallOverlayZCm` :162 [read] | - `src/modulePlacement.js` `validatePlacementAgainstModules` :589 [read] | - `src/modulePlacement.js` `addCandidate` :897 [read] | - `src/selectionFeedback.js` `if` :117 [read] | - `src/standStandardsCopy.js` `getStandStandardsFacts` :26 [read] | - `src/standStandardsCopy.js` `getHelpStandardsTableHtml` :71 [read] | - `test/barStool2.test.js` (dosya düzeyi) :13 [test] | - `test/baseItemsContract.test.js` (dosya düzeyi) :51 [test] | - `test/baseModule.test.js` (dosya düzeyi) :15 [test] | - `test/baseRecipes.test.js` (dosya düzeyi) :8 [test] | - `test/baseRenderStyle.test.js` (dosya düzeyi) :22 [test] | - `test/baseTopsItemContract.test.js` (dosya düzeyi) :14 [test] | - `test/baseTopsItemContract.test.js` `for` :74 [test] | - `test/baseWallCatalog.test.js` `for` :18 [test] | - `test/baseWallRecipes.test.js` `for` :38 [test] | - `test/chairEamesContract.test.js` (dosya düzeyi) :18 [test] | - `test/coatRackModule.test.js` (dosya düzeyi) :17 [test] | - `test/commercialItemsContract.test.js` (dosya düzeyi) :20 [test] | - `test/cornerPanelsItemContract.test.js` (dosya düzeyi) :16 [test] | - `test/counterModule.test.js` `for` :18 [test] | - `test/counterRecipes.test.js` (dosya düzeyi) :8 [test] | - `test/counterTopsItemContract.test.js` (dosya düzeyi) :32 [test] | - `test/counterTopsItemContract.test.js` `for` :62 [test] | - `test/deskBankoItemsContract.test.js` (dosya düzeyi) :26 [test] | - `test/deskBankoItemsContract.test.js` `if` :99 [test] | - `test/doorCompositeItemContract.test.js` (dosya düzeyi) :39 [test] | - `test/doorLeafItemContract.test.js` (dosya düzeyi) :17 [test] | - `test/floorItemsContract.test.js` `for` :39 [test] | - `test/furnitureItemsContract.test.js` (dosya düzeyi) :26 [test] | - `test/furnitureItemsContract.test.js` `if` :162 [test] | - `test/glassShelfItemContract.test.js` (dosya düzeyi) :22 [test] | - … test/e2e ek 66 eşleşme (src listesi tam).,- `src/items.js` `LEAF_ITEMS` :3 [define] | - `src/items.js` `COMMERCIAL_ITEMS` :122 [define] | - `src/items.js` `FURNITURE_ITEMS` :154 [define] | - `src/items.js` `FURNITURE_ITEMS` :157 [write-or-literal] | - `src/items.js` (dosya düzeyi) :232 [write-or-literal] | - `src/items.js` (dosya düzeyi) :240 [define] | - `src/items.js` `TOP_LIGHT_ITEMS` :258 [define] | - `src/items.js` `TOP_LIGHT_ITEMS` :261 [write-or-literal] | - `src/items.js` `NON_CATALOG_ITEMS` :277 [define] | - `src/items.js` `NON_CATALOG_ITEMS` :279 [write-or-literal] | - `src/items.js` `FLOOR_ITEMS` :292 [define] | - `src/items.js` `getFloorSelectLabel` :339 [write] | - `src/items.js` `INDOOR_PLANT_ITEMS` :384 [define] | - `src/items.js` `WALL_MEDIA_ITEMS` :425 [define] | - `src/items.js` `resolveWallMediaMetrics` :458 [write] | - `src/items.js` `if` :479 [write] | - `src/items.js` `COMPOSITE_ITEMS` :499 [define] | - `src/designState.js` `createFlatPanelModuleState` :98 [write] | - `src/designState.js` `createSeparatorModuleState` :152 [write] | - `src/designState.js` `createShowcaseModuleState` :171 [write] | - `src/designState.js` `createShelfModuleState` :225 [write] | - `src/designState.js` `createDoorModuleState` :244 [write] | - `src/designState.js` `createCounterModuleState` :293 [write] | - `src/designState.js` `createBaseWallModuleState` :337 [write] | - `src/designState.js` `createBaseModuleState` :377 [write] | - `src/designState.js` `createFurnitureModuleState` :401 [write-or-literal] | - `src/designState.js` `createCommercialModuleState` :455 [write-or-literal] | - `src/designState.js` `createUprightModuleState` :480 [write] | - `src/designState.js` `createUprightModuleState` :487 [write-or-literal] | - `src/designState.js` `createProfileModuleState` :496 [write] | - `src/designState.js` `createProfileModuleState` :503 [write-or-literal] | - `src/designState.js` `modelFile` :526 [write-or-literal] | - `src/designState.js` `createIndoorPlantModuleState` :544 [write] | - `src/designState.js` `createIndoorPlantModuleState` :558 [write-or-literal] | - `src/designState.js` `createIlluminatedFoamModuleState` :575 [write] | - `src/designState.js` `createIlluminatedFoamModuleState` :584 [write-or-literal] | - `src/designState.js` `createTvModuleState` :608 [write-or-literal] | - `src/designState.js` `createLedFloodlightModuleState` :625 [write-or-literal] | - `src/designState.js` `if` :710 [write] | - `src/catalog.js` `COUNTER_DIMENSIONS` :16 [write-or-literal] | - `src/catalog.js` `BASE_DIMENSIONS` :26 [write-or-literal] | - `src/catalog.js` `createFlatPanelCatalogItem` :62 [write-or-literal] | - `src/catalog.js` `createUprightCatalogItem` :72 [write] | - `src/catalog.js` `createUprightCatalogItem` :79 [write-or-literal] | - `src/catalog.js` `createProfileCatalogItem` :86 [write] | - `src/catalog.js` `createProfileCatalogItem` :93 [write-or-literal] | - `src/catalog.js` `createBaseWallCatalogItem` :103 [write-or-literal] | - `src/catalog.js` `createSeparatorCatalogItem` :115 [write-or-literal] | - `src/catalog.js` `createShelfCatalogItem` :127 [write-or-literal] | - `src/catalog.js` `furniture_sofa_set_classic_DIMENSIONS` :142 [write] | - `src/catalog.js` `furniture_sofa_single_classic_DIMENSIONS` :144 [write] | - `src/catalog.js` `furniture_sofa_double_classic_DIMENSIONS` :146 [write] | - `src/catalog.js` `furniture_coffee_table_classic_DIMENSIONS` :148 [write] | - `src/catalog.js` `chair_eames_DIMENSIONS` :155 [write] | - `src/catalog.js` `glass_table_DIMENSIONS` :157 [write] | - `src/catalog.js` `furniture_bar_stool_classic_DIMENSIONS` :159 [write] | - `src/catalog.js` `MINI_FRIDGE_DIMENSIONS` :160 [write] | - `src/catalog.js` `COAT_RACK_DIMENSIONS` :162 [write] | - `src/catalog.js` `PLASTIC_TRASH_BIN_DIMENSIONS` :164 [write] | - `src/catalog.js` `createWallMediaCatalogItem` :180 [write-or-literal] | - `src/catalog.js` `TV_42_DIMENSIONS` :203 [write-or-literal] | - `src/catalog.js` `LED_FLOODLIGHT_DIMENSIONS` :209 [write-or-literal] | - `src/catalog.js` `createTopLightCatalogItem` :220 [write-or-literal] | - `src/catalog.js` `createCommercialCatalogItem` :228 [write] | - `src/catalog.js` `createCommercialCatalogItem` :229 [write-or-literal] | - `src/catalog.js` `createIndoorPlantCatalogItem` :237 [write-or-literal] | - `src/catalog.js` `createFurnitureCatalogItem` :253 [write-or-literal] | - `src/catalog.js` `MODULE_CATALOG` :282 [write-or-literal] | - `src/moduleBehavior.js` `getModuleCollisionHeightRangeCm` :275 [write] | - `src/scene3d.js` `createFloorPattern` :563 [write] | - `src/scene3d.js` `ensureModuleSelectionFrame` :978 [write] | - `src/scene3d.js` `createBaseWallModule` :1423 [write-or-literal] | - `src/scene3d.js` `if` :1872 [write-or-literal] | - `src/scene3d.js` `createFallbackPlacementGhost` :1978 [write] | - `src/scene3d.js` `createFallbackPlacementGhost` :1988 [write-or-literal] | - `src/scene3d.js` `ensurePlacementGhost` :2027 [write] | - `src/scene3d.js` `rotateSelectedModule` :2266 [write-or-literal] | - `src/scene3d.js` `getWallOverlayDragPoint` :2346 [write] | - `src/scene3d.js` `rawOffsetCm` :2349 [write] | - `src/scene3d.js` `if` :2407 [write] | - `src/scene3d.js` `createIlluminatedFoamModule` :4706 [write] | - `src/scene3d.js` `createTvModule` :4847 [write] | - `src/scene3d.js` `createMiniFridgeModule` :4995 [write] | - `src/scene3d.js` `createIndoorPlantModule` :5066 [write] | - `src/scene3d.js` `createCoatRackModule` :5226 [write] | - `src/scene3d.js` `createUprightModule` :5293 [write] | - `src/scene3d.js` `createProfileModule` :5343 [write] | - `src/scene3d.js` `createKettleModule` :5391 [write] | - `src/scene3d.js` `createLedFloodlightModule` :5457 [write] | - `src/scene3d.js` `createBarStoolModule` :5671 [write] | - `src/scene3d.js` `createEamesChairModule` :5750 [write] | - `src/scene3d.js` `addProceduralGlassTable` :5831 [write] | - `src/scene3d.js` `createGlassTableModule` :5862 [write] | - `src/main.js` `for` :680 [write-or-literal] | - `src/main.js` `resizeContextIlluminatedFoam` :876 [write] | - `src/main.js` `finish` :1632 [write] | - `src/main.js` `if` :1660 [write] | - `src/main.js` `onKeyDown` :1710 [write] | - `src/autoDepot.js` `if` :84 [write] | - `src/autoDepot.js` `if` :120 [write-or-literal] | - `src/moduleMove.js` `if` :185 [write-or-literal] | - `src/modulePlacement.js` `getWallOverlayZBoundsCm` :151 [write] | - `src/modulePlacement.js` `clampWallOverlayZCm` :166 [write] | - `src/modulePlacement.js` `validatePlacementAgainstModules` :564 [write] | - `src/modulePlacement.js` `snapUprightToShortUpJoints` :770 [write-or-literal] | - `src/modulePlacement.js` `snapPlacementToModules` :809 [write] | - `src/modulePlacement.js` `if` :1581 [write-or-literal] | - `src/selectionFeedback.js` `if` :116 [write] | - `src/standStandardsCopy.js` `getStandStandardsFacts` :15 [write] | - `src/standStandardsCopy.js` `getStandStandardsListItems` :43 [write-or-literal] | - `src/stripOccupancy.js` `getStandStripMetrics` :9 [write-or-literal] | - `src/stripOccupancy.js` `if` :53 [write-or-literal]
static.dimensions.lengthCm,Kanonik ölçü: lengthCm,Kanonik ölçü: lengthCm. Kanonik lengthCm. Catalog/factory/collision/BOM ilgili katmanlar bu ölçüyü veya ondan türetilmiş kopyayı okur.,kanonik-kayit,number,cm,Kanonik lengthCm. Catalog/factory/collision/BOM ilgili katmanlar bu ölçüyü veya ondan türetilmiş kopyayı okur.,kanonik Item kaydı · src/items.js · LEAF_ITEMS / COMPOSITE_ITEMS / … + getItem,src/items.js,Item default: yalnız `src/items.js` dondurulmuş kayıt. Type default yok. Factory bu alanı kopyalamaz (eşdeğer `state.*` ayrı sütun).,"Kaynak yalnız `src/items.js` dondurulmuş kayıt. Override yok. (Zemin persist `stand.itemKey` kimliği seçer, kaydı değiştirmez.)",true,8,17,hayır,yok,Kod kaydı. Project DB'ye yazılmaz.,ITEM_READONLY,Kanonik `src/items.js` kaydı. Runtime kullanıcı bu alanları item tanımı olarak değiştirmez; kopyalar factory/catalog/BOM tarafında okunur.,hayır (salt okunur kimlik/kayıt),hayır — kod kaydı,Factory `Number(...)`; NaN durumları type'a göre null return veya yanlış ölçü. Genel şema yok.,false,Mesh ölçeği / proxy kutu boyutu (type renderer).,"Etkiler: snap, collision, side insert, short-up joint, L rotasyon, overlay mount. Ayrıntı `src/modulePlacement.js` + `getModuleBehavior`.",yok.,- `src/items.js` `isParquetFloorItem` :348 [read] | - `src/items.js` `isGridTileFloorItem` :354 [read] | - `src/items.js` `isCarpetFloorItem` :362 [read] | - `src/items.js` `if` :984 [read] | - `src/designState.js` `if` :824 [read] | - `src/catalog.js` `COUNTER_DIMENSIONS` :19 [read] | - `src/catalog.js` `BASE_DIMENSIONS` :29 [read] | - `src/catalog.js` `createBaseCatalogItem` :40 [read] | - `src/catalog.js` `createCounterCatalogItem` :50 [read] | - `src/catalog.js` `furniture_table_chair_set_eames_DIMENSIONS` :151 [read] | - `src/scene3d.js` `matchesConcreteParquetVisual` :553 [read] | - `src/scene3d.js` `fixedElevationM` :1397 [read] | - `src/scene3d.js` `getPlacementGhostKey` :1882 [read] | - `src/scene3d.js` `if` :1884 [read] | - `src/scene3d.js` `createFallbackPlacementGhost` :1967 [read] | - `src/scene3d.js` `createPlacementGhost` :1994 [read] | - `src/scene3d.js` `addProfile` :6483 [read] | - `src/scene3d.js` `for` :7591 [read] | - `src/main.js` `resizeContextIlluminatedFoam` :877 [read] | - `src/automaticWall.js` `composeAutomaticStandWall` :13 [read] | - `src/featureContracts.js` `FEATURE_CONTRACTS` :49 [read] | - `src/moduleMove.js` `if` :31 [read] | - `src/selectionFeedback.js` `if` :143 [read] | - `src/wall.js` `validateWallLength` :3 [read] | - `src/wall.js` `if` :8 [read] | - `src/wall.js` `composeStraightWall` :20 [read] | - `src/wallReflow.js` `if` :57 [read] | - `test/automaticWall.test.js` (dosya düzeyi) :16 [test] | - `test/baseItemsContract.test.js` (dosya düzeyi) :51 [test] | - `test/baseRecipes.test.js` (dosya düzeyi) :8 [test] | - `test/baseTopsItemContract.test.js` (dosya düzeyi) :14 [test] | - `test/baseTopsItemContract.test.js` `for` :74 [test] | - `test/commercialItemsContract.test.js` (dosya düzeyi) :20 [test] | - `test/cornerPanelsItemContract.test.js` (dosya düzeyi) :16 [test] | - `test/counterRecipes.test.js` (dosya düzeyi) :8 [test] | - `test/counterTopsItemContract.test.js` (dosya düzeyi) :32 [test] | - `test/counterTopsItemContract.test.js` `for` :62 [test] | - `test/deskBankoItemsContract.test.js` (dosya düzeyi) :82 [test] | - `test/doorCompositeItemContract.test.js` (dosya düzeyi) :39 [test] | - `test/doorLeafItemContract.test.js` (dosya düzeyi) :17 [test] | - `test/floorItemsContract.test.js` `for` :39 [test] | - `test/furnitureItemsContract.test.js` `if` :162 [test] | - `test/glassShelfItemContract.test.js` (dosya düzeyi) :10 [test] | - `test/glassShelfItemContract.test.js` `for` :46 [test] | - `test/glassTableContract.test.js` (dosya düzeyi) :14 [test] | - `test/illuminatedFoamModule.test.js` (dosya düzeyi) :16 [test] | - `test/imageFit.test.js` (dosya düzeyi) :30 [test] | - `test/indoorPlantItemsContract.test.js` (dosya düzeyi) :78 [test] | - `test/lCounter150Contract.test.js` (dosya düzeyi) :42 [test] | - `test/lCounter200Contract.test.js` (dosya düzeyi) :42 [test] | - `test/lightingItemsContract.test.js` (dosya düzeyi) :78 [test] | - `test/miniFridge.test.js` (dosya düzeyi) :8 [test] | - … test/e2e ek 35 eşleşme (src listesi tam).,- `src/items.js` `LEAF_ITEMS` :3 [define] | - `src/items.js` `COMMERCIAL_ITEMS` :122 [define] | - `src/items.js` `FURNITURE_ITEMS` :154 [define] | - `src/items.js` (dosya düzeyi) :240 [define] | - `src/items.js` `TOP_LIGHT_ITEMS` :258 [define] | - `src/items.js` `NON_CATALOG_ITEMS` :277 [define] | - `src/items.js` `FLOOR_ITEMS` :292 [define] | - `src/items.js` `getFloorSelectLabel` :339 [write] | - `src/items.js` `INDOOR_PLANT_ITEMS` :384 [define] | - `src/items.js` `WALL_MEDIA_ITEMS` :425 [define] | - `src/items.js` `resolveWallMediaMetrics` :458 [write] | - `src/items.js` `if` :479 [write] | - `src/items.js` `COMPOSITE_ITEMS` :499 [define] | - `src/designState.js` `createFlatPanelModuleState` :98 [write] | - `src/designState.js` `createSeparatorModuleState` :152 [write] | - `src/designState.js` `createShowcaseModuleState` :171 [write] | - `src/designState.js` `createShelfModuleState` :225 [write] | - `src/designState.js` `createDoorModuleState` :244 [write] | - `src/designState.js` `createCounterModuleState` :293 [write] | - `src/designState.js` `createBaseWallModuleState` :337 [write] | - `src/designState.js` `createBaseModuleState` :377 [write] | - `src/designState.js` `createFurnitureModuleState` :401 [write-or-literal] | - `src/designState.js` `createCommercialModuleState` :455 [write-or-literal] | - `src/designState.js` `createUprightModuleState` :480 [write] | - `src/designState.js` `createUprightModuleState` :487 [write-or-literal] | - `src/designState.js` `createProfileModuleState` :496 [write] | - `src/designState.js` `createIndoorPlantModuleState` :558 [write-or-literal] | - `src/designState.js` `createIlluminatedFoamModuleState` :575 [write] | - `src/designState.js` `createIlluminatedFoamModuleState` :584 [write-or-literal] | - `src/designState.js` `createLedFloodlightModuleState` :625 [write-or-literal] | - `src/designState.js` `if` :816 [write] | - `src/catalog.js` `COUNTER_DIMENSIONS` :16 [write-or-literal] | - `src/catalog.js` `BASE_DIMENSIONS` :26 [write-or-literal] | - `src/catalog.js` `createFlatPanelCatalogItem` :62 [write-or-literal] | - `src/catalog.js` `createUprightCatalogItem` :72 [write] | - `src/catalog.js` `createUprightCatalogItem` :79 [write-or-literal] | - `src/catalog.js` `createProfileCatalogItem` :86 [write] | - `src/catalog.js` `createBaseWallCatalogItem` :103 [write-or-literal] | - `src/catalog.js` `createSeparatorCatalogItem` :115 [write-or-literal] | - `src/catalog.js` `createShelfCatalogItem` :127 [write-or-literal] | - `src/catalog.js` `furniture_sofa_set_classic_DIMENSIONS` :142 [write] | - `src/catalog.js` `furniture_sofa_single_classic_DIMENSIONS` :144 [write] | - `src/catalog.js` `furniture_sofa_double_classic_DIMENSIONS` :146 [write] | - `src/catalog.js` `furniture_coffee_table_classic_DIMENSIONS` :148 [write] | - `src/catalog.js` `chair_eames_DIMENSIONS` :155 [write] | - `src/catalog.js` `glass_table_DIMENSIONS` :157 [write] | - `src/catalog.js` `furniture_bar_stool_classic_DIMENSIONS` :159 [write] | - `src/catalog.js` `MINI_FRIDGE_DIMENSIONS` :160 [write] | - `src/catalog.js` `COAT_RACK_DIMENSIONS` :162 [write] | - `src/catalog.js` `PLASTIC_TRASH_BIN_DIMENSIONS` :164 [write] | - `src/catalog.js` `LED_FLOODLIGHT_DIMENSIONS` :209 [write-or-literal] | - `src/catalog.js` `createTopLightCatalogItem` :220 [write-or-literal] | - `src/catalog.js` `createCommercialCatalogItem` :228 [write] | - `src/catalog.js` `createCommercialCatalogItem` :229 [write-or-literal] | - `src/catalog.js` `createIndoorPlantCatalogItem` :237 [write-or-literal] | - `src/catalog.js` `createFurnitureCatalogItem` :253 [write-or-literal] | - `src/catalog.js` `MODULE_CATALOG` :282 [write-or-literal] | - `src/moduleBehavior.js` `getModuleCollisionHeightRangeCm` :280 [write] | - `src/scene3d.js` `createFloorPattern` :563 [write] | - `src/scene3d.js` `createFallbackPlacementGhost` :1978 [write] | - `src/scene3d.js` `createFallbackPlacementGhost` :1988 [write-or-literal] | - `src/scene3d.js` `if` :2019 [write-or-literal] | - `src/scene3d.js` `ensurePlacementGhost` :2027 [write] | - `src/scene3d.js` `createMiniFridgeModule` :4995 [write] | - `src/scene3d.js` `createIndoorPlantModule` :5066 [write] | - `src/scene3d.js` `createCoatRackModule` :5226 [write] | - `src/scene3d.js` `createUprightModule` :5293 [write] | - `src/scene3d.js` `createProfileModule` :5342 [write] | - `src/scene3d.js` `createProfileModule` :5358 [write-or-literal] | - `src/scene3d.js` `createKettleModule` :5391 [write] | - `src/scene3d.js` `createLedFloodlightModule` :5457 [write] | - `src/scene3d.js` `createEamesChairModule` :5750 [write] | - `src/scene3d.js` `addProceduralGlassTable` :5831 [write] | - `src/scene3d.js` `createGlassTableModule` :5862 [write] | - `src/scene3d.js` `addClassicCoffeeTable` :6138 [write] | - `src/scene3d.js` `createBeigeSofaSetModule` :6268 [write] | - `src/scene3d.js` `createSofaPieceClassicModule` :6346 [write] | - `src/scene3d.js` `createCoffeeTableClassicModule` :6411 [write] | - `src/scene3d.js` `if` :6871 [write] | - `src/scene3d.js` `for` :7592 [write] | - `src/main.js` `resizeContextIlluminatedFoam` :876 [write] | - `src/main.js` `if` :1065 [write-or-literal] | - `src/main.js` `if` :1660 [write] | - `src/automaticWall.js` `composeAutomaticStandWall` :18 [write] | - `src/automaticWall.js` `for` :48 [write] | - `src/automaticWall.js` `addChunk` :99 [write] | - `src/automaticWall.js` `if` :102 [write-or-literal] | - `src/automaticWall.js` `if` :105 [write] | - `src/moduleMove.js` `if` :166 [write] | - `src/modulePlacement.js` `snapUprightToShortUpJoints` :770 [write-or-literal] | - `src/selectionFeedback.js` `if` :116 [write] | - `src/standStandardsCopy.js` `getStandStandardsFacts` :21 [write] | - `src/wall.js` `composeStraightWall` :21 [write] | - `src/wallReflow.js` `getSegments` :19 [write] | - `src/wallReflow.js` `getContinuousWallCapacityCm` :32 [write] | - `src/wallReflow.js` `for` :98 [write] | - `src/wallReflow.js` `if` :102 [write]
static.dimensions.mountHeightCm,Kanonik ölçü: mountHeightCm,Kanonik ölçü: mountHeightCm. Kanonik mountHeightCm. Catalog/factory/collision/BOM ilgili katmanlar bu ölçüyü veya ondan türetilmiş kopyayı okur.,kanonik-kayit,number,cm,Kanonik mountHeightCm. Catalog/factory/collision/BOM ilgili katmanlar bu ölçüyü veya ondan türetilmiş kopyayı okur.,kanonik Item kaydı · src/items.js · LEAF_ITEMS / COMPOSITE_ITEMS / … + getItem,src/items.js,Item default: yalnız `src/items.js` dondurulmuş kayıt. Type default yok. Factory bu alanı kopyalamaz (eşdeğer `state.*` ayrı sütun).,"Kaynak yalnız `src/items.js` dondurulmuş kayıt. Override yok. (Zemin persist `stand.itemKey` kimliği seçer, kaydı değiştirmez.)",true,1,1,hayır,yok,Kod kaydı. Project DB'ye yazılmaz.,ITEM_READONLY,Kanonik `src/items.js` kaydı. Runtime kullanıcı bu alanları item tanımı olarak değiştirmez; kopyalar factory/catalog/BOM tarafında okunur.,hayır (salt okunur kimlik/kayıt),hayır — kod kaydı,Factory `Number(...)`; NaN durumları type'a göre null return veya yanlış ölçü. Genel şema yok.,false,Mesh ölçeği / proxy kutu boyutu (type renderer).,"Etkiler: snap, collision, side insert, short-up joint, L rotasyon, overlay mount. Ayrıntı `src/modulePlacement.js` + `getModuleBehavior`.",yok.,- `src/items.js` `isParquetFloorItem` :348 [read] | - `src/items.js` `isGridTileFloorItem` :354 [read] | - `src/items.js` `isCarpetFloorItem` :362 [read] | - `src/items.js` `if` :984 [read] | - `src/designState.js` `if` :824 [read] | - `src/catalog.js` `COUNTER_DIMENSIONS` :19 [read] | - `src/catalog.js` `BASE_DIMENSIONS` :29 [read] | - `src/catalog.js` `createBaseCatalogItem` :40 [read] | - `src/catalog.js` `createCounterCatalogItem` :50 [read] | - `src/catalog.js` `furniture_table_chair_set_eames_DIMENSIONS` :151 [read] | - `src/scene3d.js` `matchesConcreteParquetVisual` :553 [read] | - `src/scene3d.js` `fixedElevationM` :1397 [read] | - `src/scene3d.js` `getPlacementGhostKey` :1882 [read] | - `src/scene3d.js` `if` :1884 [read] | - `src/scene3d.js` `createFallbackPlacementGhost` :1967 [read] | - `src/scene3d.js` `createPlacementGhost` :1994 [read] | - `src/scene3d.js` `addProfile` :6483 [read] | - `src/scene3d.js` `for` :7591 [read] | - `src/main.js` `resizeContextIlluminatedFoam` :877 [read] | - `src/selectionFeedback.js` `if` :143 [read] | - `test/baseItemsContract.test.js` (dosya düzeyi) :51 [test] | - `test/baseRecipes.test.js` (dosya düzeyi) :8 [test] | - `test/baseTopsItemContract.test.js` (dosya düzeyi) :14 [test] | - `test/baseTopsItemContract.test.js` `for` :74 [test] | - `test/commercialItemsContract.test.js` (dosya düzeyi) :20 [test] | - `test/cornerPanelsItemContract.test.js` (dosya düzeyi) :16 [test] | - `test/counterRecipes.test.js` (dosya düzeyi) :8 [test] | - `test/counterTopsItemContract.test.js` (dosya düzeyi) :32 [test] | - `test/counterTopsItemContract.test.js` `for` :62 [test] | - `test/deskBankoItemsContract.test.js` (dosya düzeyi) :82 [test] | - `test/doorCompositeItemContract.test.js` (dosya düzeyi) :39 [test] | - `test/doorLeafItemContract.test.js` (dosya düzeyi) :17 [test] | - `test/floorItemsContract.test.js` `for` :39 [test] | - `test/furnitureItemsContract.test.js` `if` :162 [test] | - `test/glassShelfItemContract.test.js` (dosya düzeyi) :22 [test] | - `test/glassShelfItemContract.test.js` `for` :46 [test] | - `test/glassTableContract.test.js` (dosya düzeyi) :14 [test] | - `test/illuminatedFoamModule.test.js` (dosya düzeyi) :16 [test] | - `test/imageFit.test.js` (dosya düzeyi) :30 [test] | - `test/indoorPlantItemsContract.test.js` (dosya düzeyi) :78 [test] | - `test/lCounter150Contract.test.js` (dosya düzeyi) :42 [test] | - `test/lCounter200Contract.test.js` (dosya düzeyi) :42 [test] | - `test/ledFloodlightModule.test.js` (dosya düzeyi) :12 [test] | - `test/lightingItemsContract.test.js` (dosya düzeyi) :27 [test] | - `test/miniFridge.test.js` (dosya düzeyi) :8 [test] | - … test/e2e ek 33 eşleşme (src listesi tam).,- `src/items.js` `LEAF_ITEMS` :3 [define] | - `src/items.js` `COMMERCIAL_ITEMS` :122 [define] | - `src/items.js` `FURNITURE_ITEMS` :154 [define] | - `src/items.js` (dosya düzeyi) :240 [define] | - `src/items.js` `TOP_LIGHT_ITEMS` :258 [define] | - `src/items.js` `TOP_LIGHT_ITEMS` :262 [write-or-literal] | - `src/items.js` `NON_CATALOG_ITEMS` :277 [define] | - `src/items.js` `FLOOR_ITEMS` :292 [define] | - `src/items.js` `getFloorSelectLabel` :339 [write] | - `src/items.js` `INDOOR_PLANT_ITEMS` :384 [define] | - `src/items.js` `WALL_MEDIA_ITEMS` :425 [define] | - `src/items.js` `resolveWallMediaMetrics` :458 [write] | - `src/items.js` `if` :479 [write] | - `src/items.js` `COMPOSITE_ITEMS` :499 [define] | - `src/designState.js` `createFlatPanelModuleState` :98 [write] | - `src/designState.js` `createSeparatorModuleState` :152 [write] | - `src/designState.js` `createShowcaseModuleState` :171 [write] | - `src/designState.js` `createShelfModuleState` :225 [write] | - `src/designState.js` `createDoorModuleState` :244 [write] | - `src/designState.js` `createCounterModuleState` :293 [write] | - `src/designState.js` `createBaseWallModuleState` :337 [write] | - `src/designState.js` `createBaseModuleState` :377 [write] | - `src/designState.js` `createFurnitureModuleState` :401 [write-or-literal] | - `src/designState.js` `createCommercialModuleState` :455 [write-or-literal] | - `src/designState.js` `createUprightModuleState` :480 [write] | - `src/designState.js` `createUprightModuleState` :487 [write-or-literal] | - `src/designState.js` `createProfileModuleState` :496 [write] | - `src/designState.js` `createIndoorPlantModuleState` :558 [write-or-literal] | - `src/designState.js` `createIlluminatedFoamModuleState` :575 [write] | - `src/designState.js` `createIlluminatedFoamModuleState` :584 [write-or-literal] | - `src/designState.js` `createLedFloodlightModuleState` :625 [write-or-literal] | - `src/designState.js` `if` :816 [write] | - `src/catalog.js` `COUNTER_DIMENSIONS` :16 [write-or-literal] | - `src/catalog.js` `BASE_DIMENSIONS` :26 [write-or-literal] | - `src/catalog.js` `createFlatPanelCatalogItem` :62 [write-or-literal] | - `src/catalog.js` `createUprightCatalogItem` :72 [write] | - `src/catalog.js` `createProfileCatalogItem` :86 [write] | - `src/catalog.js` `createBaseWallCatalogItem` :103 [write-or-literal] | - `src/catalog.js` `createSeparatorCatalogItem` :115 [write-or-literal] | - `src/catalog.js` `createShelfCatalogItem` :127 [write-or-literal] | - `src/catalog.js` `furniture_sofa_set_classic_DIMENSIONS` :142 [write] | - `src/catalog.js` `furniture_sofa_single_classic_DIMENSIONS` :144 [write] | - `src/catalog.js` `furniture_sofa_double_classic_DIMENSIONS` :146 [write] | - `src/catalog.js` `furniture_coffee_table_classic_DIMENSIONS` :148 [write] | - `src/catalog.js` `chair_eames_DIMENSIONS` :155 [write] | - `src/catalog.js` `glass_table_DIMENSIONS` :157 [write] | - `src/catalog.js` `furniture_bar_stool_classic_DIMENSIONS` :159 [write] | - `src/catalog.js` `MINI_FRIDGE_DIMENSIONS` :160 [write] | - `src/catalog.js` `COAT_RACK_DIMENSIONS` :162 [write] | - `src/catalog.js` `PLASTIC_TRASH_BIN_DIMENSIONS` :164 [write] | - `src/catalog.js` `LED_FLOODLIGHT_DIMENSIONS` :209 [write-or-literal] | - `src/catalog.js` `createTopLightCatalogItem` :220 [write-or-literal] | - `src/catalog.js` `createCommercialCatalogItem` :228 [write] | - `src/catalog.js` `createCommercialCatalogItem` :229 [write-or-literal] | - `src/catalog.js` `createIndoorPlantCatalogItem` :237 [write-or-literal] | - `src/catalog.js` `createFurnitureCatalogItem` :253 [write-or-literal] | - `src/catalog.js` `MODULE_CATALOG` :282 [write-or-literal] | - `src/moduleBehavior.js` `getModuleCollisionHeightRangeCm` :280 [write] | - `src/scene3d.js` `createFloorPattern` :563 [write] | - `src/scene3d.js` `createFallbackPlacementGhost` :1978 [write] | - `src/scene3d.js` `createFallbackPlacementGhost` :1988 [write-or-literal] | - `src/scene3d.js` `if` :2019 [write-or-literal] | - `src/scene3d.js` `ensurePlacementGhost` :2027 [write] | - `src/scene3d.js` `createMiniFridgeModule` :4995 [write] | - `src/scene3d.js` `createIndoorPlantModule` :5066 [write] | - `src/scene3d.js` `createCoatRackModule` :5226 [write] | - `src/scene3d.js` `createUprightModule` :5293 [write] | - `src/scene3d.js` `createProfileModule` :5343 [write] | - `src/scene3d.js` `createKettleModule` :5391 [write] | - `src/scene3d.js` `createLedFloodlightModule` :5457 [write] | - `src/scene3d.js` `createEamesChairModule` :5750 [write] | - `src/scene3d.js` `addProceduralGlassTable` :5831 [write] | - `src/scene3d.js` `createGlassTableModule` :5862 [write] | - `src/scene3d.js` `addClassicCoffeeTable` :6138 [write] | - `src/scene3d.js` `createBeigeSofaSetModule` :6268 [write] | - `src/scene3d.js` `createSofaPieceClassicModule` :6346 [write] | - `src/scene3d.js` `createCoffeeTableClassicModule` :6411 [write] | - `src/scene3d.js` `if` :6871 [write] | - `src/scene3d.js` `for` :7592 [write] | - `src/main.js` `resizeContextIlluminatedFoam` :876 [write] | - `src/main.js` `if` :1660 [write] | - `src/modulePlacement.js` `snapUprightToShortUpJoints` :770 [write-or-literal] | - `src/selectionFeedback.js` `if` :116 [write] | - `src/standStandardsCopy.js` `getStandStandardsFacts` :21 [write]
static.dimensions.screenHeightCm,Kanonik ölçü: screenHeightCm,Kanonik ölçü: screenHeightCm. Kanonik screenHeightCm. Catalog/factory/collision/BOM ilgili katmanlar bu ölçüyü veya ondan türetilmiş kopyayı okur.,kanonik-kayit,number,cm,Kanonik screenHeightCm. Catalog/factory/collision/BOM ilgili katmanlar bu ölçüyü veya ondan türetilmiş kopyayı okur.,kanonik Item kaydı · src/items.js · LEAF_ITEMS / COMPOSITE_ITEMS / … + getItem,src/items.js,Item default: yalnız `src/items.js` dondurulmuş kayıt. Type default yok. Factory bu alanı kopyalamaz (eşdeğer `state.*` ayrı sütun).,"Kaynak yalnız `src/items.js` dondurulmuş kayıt. Override yok. (Zemin persist `stand.itemKey` kimliği seçer, kaydı değiştirmez.)",true,3,3,hayır,yok,Kod kaydı. Project DB'ye yazılmaz.,ITEM_READONLY,Kanonik `src/items.js` kaydı. Runtime kullanıcı bu alanları item tanımı olarak değiştirmez; kopyalar factory/catalog/BOM tarafında okunur.,hayır (salt okunur kimlik/kayıt),hayır — kod kaydı,Factory `Number(...)`; NaN durumları type'a göre null return veya yanlış ölçü. Genel şema yok.,false,Mesh ölçeği / proxy kutu boyutu (type renderer).,"Etkiler: snap, collision, side insert, short-up joint, L rotasyon, overlay mount. Ayrıntı `src/modulePlacement.js` + `getModuleBehavior`.",yok.,- `src/items.js` `isParquetFloorItem` :348 [read] | - `src/items.js` `isGridTileFloorItem` :354 [read] | - `src/items.js` `isCarpetFloorItem` :362 [read] | - `src/items.js` `if` :471 [read] | - `src/designState.js` `if` :824 [read] | - `src/catalog.js` `COUNTER_DIMENSIONS` :19 [read] | - `src/catalog.js` `BASE_DIMENSIONS` :29 [read] | - `src/catalog.js` `createBaseCatalogItem` :40 [read] | - `src/catalog.js` `createCounterCatalogItem` :50 [read] | - `src/catalog.js` `furniture_table_chair_set_eames_DIMENSIONS` :151 [read] | - `src/scene3d.js` `matchesConcreteParquetVisual` :553 [read] | - `src/scene3d.js` `fixedElevationM` :1397 [read] | - `src/scene3d.js` `getPlacementGhostKey` :1882 [read] | - `src/scene3d.js` `if` :1884 [read] | - `src/scene3d.js` `createFallbackPlacementGhost` :1967 [read] | - `src/scene3d.js` `createPlacementGhost` :1994 [read] | - `src/scene3d.js` `addProfile` :6483 [read] | - `src/scene3d.js` `for` :7591 [read] | - `src/main.js` `resizeContextIlluminatedFoam` :877 [read] | - `src/selectionFeedback.js` `if` :138 [read] | - `test/baseItemsContract.test.js` (dosya düzeyi) :51 [test] | - `test/baseRecipes.test.js` (dosya düzeyi) :8 [test] | - `test/baseTopsItemContract.test.js` (dosya düzeyi) :14 [test] | - `test/baseTopsItemContract.test.js` `for` :74 [test] | - `test/commercialItemsContract.test.js` (dosya düzeyi) :20 [test] | - `test/cornerPanelsItemContract.test.js` (dosya düzeyi) :16 [test] | - `test/counterRecipes.test.js` (dosya düzeyi) :8 [test] | - `test/counterTopsItemContract.test.js` (dosya düzeyi) :32 [test] | - `test/counterTopsItemContract.test.js` `for` :62 [test] | - `test/deskBankoItemsContract.test.js` (dosya düzeyi) :82 [test] | - `test/doorCompositeItemContract.test.js` (dosya düzeyi) :39 [test] | - `test/doorLeafItemContract.test.js` (dosya düzeyi) :17 [test] | - `test/floorItemsContract.test.js` `for` :39 [test] | - `test/furnitureItemsContract.test.js` `if` :162 [test] | - `test/glassShelfItemContract.test.js` (dosya düzeyi) :22 [test] | - `test/glassShelfItemContract.test.js` `for` :46 [test] | - `test/glassTableContract.test.js` (dosya düzeyi) :14 [test] | - `test/illuminatedFoamModule.test.js` (dosya düzeyi) :16 [test] | - `test/imageFit.test.js` (dosya düzeyi) :30 [test] | - `test/indoorPlantItemsContract.test.js` (dosya düzeyi) :78 [test] | - `test/lCounter150Contract.test.js` (dosya düzeyi) :42 [test] | - `test/lCounter200Contract.test.js` (dosya düzeyi) :42 [test] | - `test/lightingItemsContract.test.js` (dosya düzeyi) :78 [test] | - `test/miniFridge.test.js` (dosya düzeyi) :8 [test] | - `test/moduleRecipes.test.js` `if` :173 [test] | - … test/e2e ek 35 eşleşme (src listesi tam).,- `src/items.js` `LEAF_ITEMS` :3 [define] | - `src/items.js` `COMMERCIAL_ITEMS` :122 [define] | - `src/items.js` `FURNITURE_ITEMS` :154 [define] | - `src/items.js` (dosya düzeyi) :240 [define] | - `src/items.js` `TOP_LIGHT_ITEMS` :258 [define] | - `src/items.js` `NON_CATALOG_ITEMS` :277 [define] | - `src/items.js` `FLOOR_ITEMS` :292 [define] | - `src/items.js` `getFloorSelectLabel` :339 [write] | - `src/items.js` `INDOOR_PLANT_ITEMS` :384 [define] | - `src/items.js` `WALL_MEDIA_ITEMS` :425 [define] | - `src/items.js` `WALL_MEDIA_ITEMS` :426 [write-or-literal] | - `src/items.js` `resolveWallMediaMetrics` :458 [write] | - `src/items.js` `if` :465 [write] | - `src/items.js` `if` :469 [write-or-literal] | - `src/items.js` `COMPOSITE_ITEMS` :499 [define] | - `src/designState.js` `createFlatPanelModuleState` :98 [write] | - `src/designState.js` `createSeparatorModuleState` :152 [write] | - `src/designState.js` `createShowcaseModuleState` :171 [write] | - `src/designState.js` `createShelfModuleState` :225 [write] | - `src/designState.js` `createDoorModuleState` :244 [write] | - `src/designState.js` `createCounterModuleState` :293 [write] | - `src/designState.js` `createBaseWallModuleState` :337 [write] | - `src/designState.js` `createBaseModuleState` :377 [write] | - `src/designState.js` `createFurnitureModuleState` :401 [write-or-literal] | - `src/designState.js` `createCommercialModuleState` :455 [write-or-literal] | - `src/designState.js` `createUprightModuleState` :480 [write] | - `src/designState.js` `createUprightModuleState` :487 [write-or-literal] | - `src/designState.js` `createProfileModuleState` :496 [write] | - `src/designState.js` `createIndoorPlantModuleState` :558 [write-or-literal] | - `src/designState.js` `createIlluminatedFoamModuleState` :575 [write] | - `src/designState.js` `createIlluminatedFoamModuleState` :584 [write-or-literal] | - `src/designState.js` `createTvModuleState` :608 [write-or-literal] | - `src/designState.js` `createLedFloodlightModuleState` :625 [write-or-literal] | - `src/designState.js` `if` :709 [write] | - `src/catalog.js` `COUNTER_DIMENSIONS` :16 [write-or-literal] | - `src/catalog.js` `BASE_DIMENSIONS` :26 [write-or-literal] | - `src/catalog.js` `createFlatPanelCatalogItem` :62 [write-or-literal] | - `src/catalog.js` `createUprightCatalogItem` :72 [write] | - `src/catalog.js` `createProfileCatalogItem` :86 [write] | - `src/catalog.js` `createBaseWallCatalogItem` :103 [write-or-literal] | - `src/catalog.js` `createSeparatorCatalogItem` :115 [write-or-literal] | - `src/catalog.js` `createShelfCatalogItem` :127 [write-or-literal] | - `src/catalog.js` `furniture_sofa_set_classic_DIMENSIONS` :142 [write] | - `src/catalog.js` `furniture_sofa_single_classic_DIMENSIONS` :144 [write] | - `src/catalog.js` `furniture_sofa_double_classic_DIMENSIONS` :146 [write] | - `src/catalog.js` `furniture_coffee_table_classic_DIMENSIONS` :148 [write] | - `src/catalog.js` `chair_eames_DIMENSIONS` :155 [write] | - `src/catalog.js` `glass_table_DIMENSIONS` :157 [write] | - `src/catalog.js` `furniture_bar_stool_classic_DIMENSIONS` :159 [write] | - `src/catalog.js` `MINI_FRIDGE_DIMENSIONS` :160 [write] | - `src/catalog.js` `COAT_RACK_DIMENSIONS` :162 [write] | - `src/catalog.js` `PLASTIC_TRASH_BIN_DIMENSIONS` :164 [write] | - `src/catalog.js` `createWallMediaCatalogItem` :182 [write-or-literal] | - `src/catalog.js` `TV_42_DIMENSIONS` :202 [write-or-literal] | - `src/catalog.js` `LED_FLOODLIGHT_DIMENSIONS` :209 [write-or-literal] | - `src/catalog.js` `createTopLightCatalogItem` :220 [write-or-literal] | - `src/catalog.js` `createCommercialCatalogItem` :228 [write] | - `src/catalog.js` `createCommercialCatalogItem` :229 [write-or-literal] | - `src/catalog.js` `createIndoorPlantCatalogItem` :237 [write-or-literal] | - `src/catalog.js` `createFurnitureCatalogItem` :253 [write-or-literal] | - `src/catalog.js` `MODULE_CATALOG` :282 [write-or-literal] | - `src/moduleBehavior.js` `getModuleCollisionHeightRangeCm` :280 [write] | - `src/scene3d.js` `createFloorPattern` :563 [write] | - `src/scene3d.js` `createFallbackPlacementGhost` :1978 [write] | - `src/scene3d.js` `createFallbackPlacementGhost` :1988 [write-or-literal] | - `src/scene3d.js` `if` :2019 [write-or-literal] | - `src/scene3d.js` `ensurePlacementGhost` :2027 [write] | - `src/scene3d.js` `getWallOverlayDragPoint` :2346 [write] | - `src/scene3d.js` `if` :2407 [write] | - `src/scene3d.js` `createTvModule` :4830 [write] | - `src/scene3d.js` `createMiniFridgeModule` :4995 [write] | - `src/scene3d.js` `createIndoorPlantModule` :5066 [write] | - `src/scene3d.js` `createCoatRackModule` :5226 [write] | - `src/scene3d.js` `createUprightModule` :5293 [write] | - `src/scene3d.js` `createProfileModule` :5343 [write] | - `src/scene3d.js` `createKettleModule` :5391 [write] | - `src/scene3d.js` `createLedFloodlightModule` :5457 [write] | - `src/scene3d.js` `createEamesChairModule` :5750 [write] | - `src/scene3d.js` `addProceduralGlassTable` :5831 [write] | - `src/scene3d.js` `createGlassTableModule` :5862 [write] | - `src/scene3d.js` `addClassicCoffeeTable` :6138 [write] | - `src/scene3d.js` `createBeigeSofaSetModule` :6268 [write] | - `src/scene3d.js` `createSofaPieceClassicModule` :6346 [write] | - `src/scene3d.js` `createCoffeeTableClassicModule` :6411 [write] | - `src/scene3d.js` `for` :7592 [write] | - `src/main.js` `resizeContextIlluminatedFoam` :876 [write] | - `src/main.js` `if` :1660 [write] | - `src/modulePlacement.js` `snapUprightToShortUpJoints` :770 [write-or-literal] | - `src/selectionFeedback.js` `if` :116 [write] | - `src/standStandardsCopy.js` `getStandStandardsFacts` :21 [write]
static.dimensions.screenWidthCm,Kanonik ölçü: screenWidthCm,Kanonik ölçü: screenWidthCm. Kanonik screenWidthCm. Catalog/factory/collision/BOM ilgili katmanlar bu ölçüyü veya ondan türetilmiş kopyayı okur.,kanonik-kayit,number,cm,Kanonik screenWidthCm. Catalog/factory/collision/BOM ilgili katmanlar bu ölçüyü veya ondan türetilmiş kopyayı okur.,kanonik Item kaydı · src/items.js · LEAF_ITEMS / COMPOSITE_ITEMS / … + getItem,src/items.js,Item default: yalnız `src/items.js` dondurulmuş kayıt. Type default yok. Factory bu alanı kopyalamaz (eşdeğer `state.*` ayrı sütun).,"Kaynak yalnız `src/items.js` dondurulmuş kayıt. Override yok. (Zemin persist `stand.itemKey` kimliği seçer, kaydı değiştirmez.)",true,3,3,hayır,yok,Kod kaydı. Project DB'ye yazılmaz.,ITEM_READONLY,Kanonik `src/items.js` kaydı. Runtime kullanıcı bu alanları item tanımı olarak değiştirmez; kopyalar factory/catalog/BOM tarafında okunur.,hayır (salt okunur kimlik/kayıt),hayır — kod kaydı,Factory `Number(...)`; NaN durumları type'a göre null return veya yanlış ölçü. Genel şema yok.,false,Mesh ölçeği / proxy kutu boyutu (type renderer).,"Etkiler: snap, collision, side insert, short-up joint, L rotasyon, overlay mount. Ayrıntı `src/modulePlacement.js` + `getModuleBehavior`.",yok.,- `src/items.js` `isParquetFloorItem` :348 [read] | - `src/items.js` `isGridTileFloorItem` :354 [read] | - `src/items.js` `isCarpetFloorItem` :362 [read] | - `src/items.js` `if` :470 [read] | - `src/designState.js` `if` :824 [read] | - `src/catalog.js` `COUNTER_DIMENSIONS` :19 [read] | - `src/catalog.js` `BASE_DIMENSIONS` :29 [read] | - `src/catalog.js` `createBaseCatalogItem` :40 [read] | - `src/catalog.js` `createCounterCatalogItem` :50 [read] | - `src/catalog.js` `furniture_table_chair_set_eames_DIMENSIONS` :151 [read] | - `src/catalog.js` `if` :521 [read] | - `src/scene3d.js` `matchesConcreteParquetVisual` :553 [read] | - `src/scene3d.js` `fixedElevationM` :1397 [read] | - `src/scene3d.js` `getPlacementGhostKey` :1882 [read] | - `src/scene3d.js` `if` :1884 [read] | - `src/scene3d.js` `createFallbackPlacementGhost` :1967 [read] | - `src/scene3d.js` `createPlacementGhost` :1994 [read] | - `src/scene3d.js` `addProfile` :6483 [read] | - `src/scene3d.js` `for` :7591 [read] | - `src/main.js` `resizeContextIlluminatedFoam` :877 [read] | - `src/selectionFeedback.js` `if` :138 [read] | - `test/baseItemsContract.test.js` (dosya düzeyi) :51 [test] | - `test/baseRecipes.test.js` (dosya düzeyi) :8 [test] | - `test/baseTopsItemContract.test.js` (dosya düzeyi) :14 [test] | - `test/baseTopsItemContract.test.js` `for` :74 [test] | - `test/commercialItemsContract.test.js` (dosya düzeyi) :20 [test] | - `test/cornerPanelsItemContract.test.js` (dosya düzeyi) :16 [test] | - `test/counterRecipes.test.js` (dosya düzeyi) :8 [test] | - `test/counterTopsItemContract.test.js` (dosya düzeyi) :32 [test] | - `test/counterTopsItemContract.test.js` `for` :62 [test] | - `test/deskBankoItemsContract.test.js` (dosya düzeyi) :82 [test] | - `test/doorCompositeItemContract.test.js` (dosya düzeyi) :39 [test] | - `test/doorLeafItemContract.test.js` (dosya düzeyi) :17 [test] | - `test/floorItemsContract.test.js` `for` :39 [test] | - `test/furnitureItemsContract.test.js` `if` :162 [test] | - `test/glassShelfItemContract.test.js` (dosya düzeyi) :22 [test] | - `test/glassShelfItemContract.test.js` `for` :46 [test] | - `test/glassTableContract.test.js` (dosya düzeyi) :14 [test] | - `test/illuminatedFoamModule.test.js` (dosya düzeyi) :16 [test] | - `test/imageFit.test.js` (dosya düzeyi) :30 [test] | - `test/indoorPlantItemsContract.test.js` (dosya düzeyi) :78 [test] | - `test/lCounter150Contract.test.js` (dosya düzeyi) :42 [test] | - `test/lCounter200Contract.test.js` (dosya düzeyi) :42 [test] | - `test/lightingItemsContract.test.js` (dosya düzeyi) :78 [test] | - `test/miniFridge.test.js` (dosya düzeyi) :8 [test] | - `test/moduleRecipes.test.js` `if` :173 [test] | - … test/e2e ek 35 eşleşme (src listesi tam).,- `src/items.js` `LEAF_ITEMS` :3 [define] | - `src/items.js` `COMMERCIAL_ITEMS` :122 [define] | - `src/items.js` `FURNITURE_ITEMS` :154 [define] | - `src/items.js` (dosya düzeyi) :240 [define] | - `src/items.js` `TOP_LIGHT_ITEMS` :258 [define] | - `src/items.js` `NON_CATALOG_ITEMS` :277 [define] | - `src/items.js` `FLOOR_ITEMS` :292 [define] | - `src/items.js` `getFloorSelectLabel` :339 [write] | - `src/items.js` `INDOOR_PLANT_ITEMS` :384 [define] | - `src/items.js` `WALL_MEDIA_ITEMS` :425 [define] | - `src/items.js` `WALL_MEDIA_ITEMS` :426 [write-or-literal] | - `src/items.js` `resolveWallMediaMetrics` :458 [write] | - `src/items.js` `if` :464 [write] | - `src/items.js` `if` :468 [write-or-literal] | - `src/items.js` `COMPOSITE_ITEMS` :499 [define] | - `src/designState.js` `createFlatPanelModuleState` :98 [write] | - `src/designState.js` `createSeparatorModuleState` :152 [write] | - `src/designState.js` `createShowcaseModuleState` :171 [write] | - `src/designState.js` `createShelfModuleState` :225 [write] | - `src/designState.js` `createDoorModuleState` :244 [write] | - `src/designState.js` `createCounterModuleState` :293 [write] | - `src/designState.js` `createBaseWallModuleState` :337 [write] | - `src/designState.js` `createBaseModuleState` :377 [write] | - `src/designState.js` `createFurnitureModuleState` :401 [write-or-literal] | - `src/designState.js` `createCommercialModuleState` :455 [write-or-literal] | - `src/designState.js` `createUprightModuleState` :480 [write] | - `src/designState.js` `createUprightModuleState` :487 [write-or-literal] | - `src/designState.js` `createProfileModuleState` :496 [write] | - `src/designState.js` `createIndoorPlantModuleState` :558 [write-or-literal] | - `src/designState.js` `createIlluminatedFoamModuleState` :575 [write] | - `src/designState.js` `createIlluminatedFoamModuleState` :584 [write-or-literal] | - `src/designState.js` `createTvModuleState` :610 [write-or-literal] | - `src/designState.js` `createLedFloodlightModuleState` :625 [write-or-literal] | - `src/designState.js` `if` :708 [write] | - `src/catalog.js` `COUNTER_DIMENSIONS` :16 [write-or-literal] | - `src/catalog.js` `BASE_DIMENSIONS` :26 [write-or-literal] | - `src/catalog.js` `createFlatPanelCatalogItem` :62 [write-or-literal] | - `src/catalog.js` `createUprightCatalogItem` :72 [write] | - `src/catalog.js` `createProfileCatalogItem` :86 [write] | - `src/catalog.js` `createBaseWallCatalogItem` :103 [write-or-literal] | - `src/catalog.js` `createSeparatorCatalogItem` :115 [write-or-literal] | - `src/catalog.js` `createShelfCatalogItem` :127 [write-or-literal] | - `src/catalog.js` `furniture_sofa_set_classic_DIMENSIONS` :142 [write] | - `src/catalog.js` `furniture_sofa_single_classic_DIMENSIONS` :144 [write] | - `src/catalog.js` `furniture_sofa_double_classic_DIMENSIONS` :146 [write] | - `src/catalog.js` `furniture_coffee_table_classic_DIMENSIONS` :148 [write] | - `src/catalog.js` `chair_eames_DIMENSIONS` :155 [write] | - `src/catalog.js` `glass_table_DIMENSIONS` :157 [write] | - `src/catalog.js` `furniture_bar_stool_classic_DIMENSIONS` :159 [write] | - `src/catalog.js` `MINI_FRIDGE_DIMENSIONS` :160 [write] | - `src/catalog.js` `COAT_RACK_DIMENSIONS` :162 [write] | - `src/catalog.js` `PLASTIC_TRASH_BIN_DIMENSIONS` :164 [write] | - `src/catalog.js` `createWallMediaCatalogItem` :181 [write-or-literal] | - `src/catalog.js` `TV_42_DIMENSIONS` :201 [write-or-literal] | - `src/catalog.js` `LED_FLOODLIGHT_DIMENSIONS` :209 [write-or-literal] | - `src/catalog.js` `createTopLightCatalogItem` :220 [write-or-literal] | - `src/catalog.js` `createCommercialCatalogItem` :228 [write] | - `src/catalog.js` `createCommercialCatalogItem` :229 [write-or-literal] | - `src/catalog.js` `createIndoorPlantCatalogItem` :237 [write-or-literal] | - `src/catalog.js` `createFurnitureCatalogItem` :253 [write-or-literal] | - `src/catalog.js` `MODULE_CATALOG` :282 [write-or-literal] | - `src/catalog.js` `normalizeCatalogDescriptor` :493 [write-or-literal] | - `src/moduleBehavior.js` `getModuleCollisionHeightRangeCm` :280 [write] | - `src/scene3d.js` `createFloorPattern` :563 [write] | - `src/scene3d.js` `pickModuleContext` :1813 [write-or-literal] | - `src/scene3d.js` `createFallbackPlacementGhost` :1978 [write] | - `src/scene3d.js` `createFallbackPlacementGhost` :1988 [write-or-literal] | - `src/scene3d.js` `if` :2019 [write-or-literal] | - `src/scene3d.js` `ensurePlacementGhost` :2027 [write] | - `src/scene3d.js` `createTvModule` :4829 [write] | - `src/scene3d.js` `createMiniFridgeModule` :4995 [write] | - `src/scene3d.js` `createIndoorPlantModule` :5066 [write] | - `src/scene3d.js` `createCoatRackModule` :5226 [write] | - `src/scene3d.js` `createUprightModule` :5293 [write] | - `src/scene3d.js` `createProfileModule` :5343 [write] | - `src/scene3d.js` `createKettleModule` :5391 [write] | - `src/scene3d.js` `createLedFloodlightModule` :5457 [write] | - `src/scene3d.js` `createEamesChairModule` :5750 [write] | - `src/scene3d.js` `addProceduralGlassTable` :5831 [write] | - `src/scene3d.js` `createGlassTableModule` :5862 [write] | - `src/scene3d.js` `addClassicCoffeeTable` :6138 [write] | - `src/scene3d.js` `createBeigeSofaSetModule` :6268 [write] | - `src/scene3d.js` `createSofaPieceClassicModule` :6346 [write] | - `src/scene3d.js` `createCoffeeTableClassicModule` :6411 [write] | - `src/scene3d.js` `if` :6871 [write] | - `src/scene3d.js` `for` :7592 [write] | - `src/main.js` `resizeContextIlluminatedFoam` :876 [write] | - `src/main.js` `if` :1660 [write] | - `src/modulePlacement.js` `snapUprightToShortUpJoints` :770 [write-or-literal] | - `src/selectionFeedback.js` `if` :116 [write] | - `src/standStandardsCopy.js` `getStandStandardsFacts` :21 [write]
static.dimensions.tableDiameterCm,Kanonik ölçü: tableDiameterCm,Kanonik ölçü: tableDiameterCm. Kanonik tableDiameterCm. Catalog/factory/collision/BOM ilgili katmanlar bu ölçüyü veya ondan türetilmiş kopyayı okur.,kanonik-kayit,number,cm,Kanonik tableDiameterCm. Catalog/factory/collision/BOM ilgili katmanlar bu ölçüyü veya ondan türetilmiş kopyayı okur.,kanonik Item kaydı · src/items.js · LEAF_ITEMS / COMPOSITE_ITEMS / … + getItem,src/items.js,Item default: yalnız `src/items.js` dondurulmuş kayıt. Type default yok. Factory bu alanı kopyalamaz (eşdeğer `state.*` ayrı sütun).,"Kaynak yalnız `src/items.js` dondurulmuş kayıt. Override yok. (Zemin persist `stand.itemKey` kimliği seçer, kaydı değiştirmez.)",true,1,1,hayır,yok,Kod kaydı. Project DB'ye yazılmaz.,ITEM_READONLY,Kanonik `src/items.js` kaydı. Runtime kullanıcı bu alanları item tanımı olarak değiştirmez; kopyalar factory/catalog/BOM tarafında okunur.,hayır (salt okunur kimlik/kayıt),hayır — kod kaydı,Factory `Number(...)`; NaN durumları type'a göre null return veya yanlış ölçü. Genel şema yok.,false,Mesh ölçeği / proxy kutu boyutu (type renderer).,"Etkiler: snap, collision, side insert, short-up joint, L rotasyon, overlay mount. Ayrıntı `src/modulePlacement.js` + `getModuleBehavior`.",yok.,- `src/items.js` `isParquetFloorItem` :348 [read] | - `src/items.js` `isGridTileFloorItem` :354 [read] | - `src/items.js` `isCarpetFloorItem` :362 [read] | - `src/items.js` `if` :984 [read] | - `src/designState.js` `if` :824 [read] | - `src/catalog.js` `COUNTER_DIMENSIONS` :19 [read] | - `src/catalog.js` `BASE_DIMENSIONS` :29 [read] | - `src/catalog.js` `createBaseCatalogItem` :40 [read] | - `src/catalog.js` `createCounterCatalogItem` :50 [read] | - `src/catalog.js` `furniture_table_chair_set_eames_DIMENSIONS` :151 [read] | - `src/scene3d.js` `matchesConcreteParquetVisual` :553 [read] | - `src/scene3d.js` `fixedElevationM` :1397 [read] | - `src/scene3d.js` `getPlacementGhostKey` :1882 [read] | - `src/scene3d.js` `if` :1884 [read] | - `src/scene3d.js` `createFallbackPlacementGhost` :1967 [read] | - `src/scene3d.js` `createPlacementGhost` :1994 [read] | - `src/scene3d.js` `addProfile` :6483 [read] | - `src/scene3d.js` `for` :7591 [read] | - `src/main.js` `resizeContextIlluminatedFoam` :877 [read] | - `src/selectionFeedback.js` `if` :143 [read] | - `test/baseItemsContract.test.js` (dosya düzeyi) :51 [test] | - `test/baseRecipes.test.js` (dosya düzeyi) :8 [test] | - `test/baseTopsItemContract.test.js` (dosya düzeyi) :14 [test] | - `test/baseTopsItemContract.test.js` `for` :74 [test] | - `test/commercialItemsContract.test.js` (dosya düzeyi) :20 [test] | - `test/cornerPanelsItemContract.test.js` (dosya düzeyi) :16 [test] | - `test/counterRecipes.test.js` (dosya düzeyi) :8 [test] | - `test/counterTopsItemContract.test.js` (dosya düzeyi) :32 [test] | - `test/counterTopsItemContract.test.js` `for` :62 [test] | - `test/deskBankoItemsContract.test.js` (dosya düzeyi) :82 [test] | - `test/doorCompositeItemContract.test.js` (dosya düzeyi) :39 [test] | - `test/doorLeafItemContract.test.js` (dosya düzeyi) :17 [test] | - `test/floorItemsContract.test.js` `for` :39 [test] | - `test/furnitureItemsContract.test.js` `if` :162 [test] | - `test/glassShelfItemContract.test.js` (dosya düzeyi) :22 [test] | - `test/glassShelfItemContract.test.js` `for` :46 [test] | - `test/glassTableContract.test.js` (dosya düzeyi) :14 [test] | - `test/illuminatedFoamModule.test.js` (dosya düzeyi) :16 [test] | - `test/imageFit.test.js` (dosya düzeyi) :30 [test] | - `test/indoorPlantItemsContract.test.js` (dosya düzeyi) :78 [test] | - `test/lCounter150Contract.test.js` (dosya düzeyi) :42 [test] | - `test/lCounter200Contract.test.js` (dosya düzeyi) :42 [test] | - `test/lightingItemsContract.test.js` (dosya düzeyi) :78 [test] | - `test/miniFridge.test.js` (dosya düzeyi) :8 [test] | - `test/moduleRecipes.test.js` `if` :173 [test] | - … test/e2e ek 32 eşleşme (src listesi tam).,- `src/items.js` `LEAF_ITEMS` :3 [define] | - `src/items.js` `COMMERCIAL_ITEMS` :122 [define] | - `src/items.js` `FURNITURE_ITEMS` :154 [define] | - `src/items.js` (dosya düzeyi) :233 [write-or-literal] | - `src/items.js` (dosya düzeyi) :240 [define] | - `src/items.js` `TOP_LIGHT_ITEMS` :258 [define] | - `src/items.js` `NON_CATALOG_ITEMS` :277 [define] | - `src/items.js` `FLOOR_ITEMS` :292 [define] | - `src/items.js` `getFloorSelectLabel` :339 [write] | - `src/items.js` `INDOOR_PLANT_ITEMS` :384 [define] | - `src/items.js` `WALL_MEDIA_ITEMS` :425 [define] | - `src/items.js` `resolveWallMediaMetrics` :458 [write] | - `src/items.js` `if` :479 [write] | - `src/items.js` `COMPOSITE_ITEMS` :499 [define] | - `src/designState.js` `createFlatPanelModuleState` :98 [write] | - `src/designState.js` `createSeparatorModuleState` :152 [write] | - `src/designState.js` `createShowcaseModuleState` :171 [write] | - `src/designState.js` `createShelfModuleState` :225 [write] | - `src/designState.js` `createDoorModuleState` :244 [write] | - `src/designState.js` `createCounterModuleState` :293 [write] | - `src/designState.js` `createBaseWallModuleState` :337 [write] | - `src/designState.js` `createBaseModuleState` :377 [write] | - `src/designState.js` `createFurnitureModuleState` :401 [write-or-literal] | - `src/designState.js` `createCommercialModuleState` :455 [write-or-literal] | - `src/designState.js` `createUprightModuleState` :480 [write] | - `src/designState.js` `createUprightModuleState` :487 [write-or-literal] | - `src/designState.js` `createProfileModuleState` :496 [write] | - `src/designState.js` `createIndoorPlantModuleState` :558 [write-or-literal] | - `src/designState.js` `createIlluminatedFoamModuleState` :575 [write] | - `src/designState.js` `createIlluminatedFoamModuleState` :584 [write-or-literal] | - `src/designState.js` `createLedFloodlightModuleState` :625 [write-or-literal] | - `src/designState.js` `if` :816 [write] | - `src/catalog.js` `COUNTER_DIMENSIONS` :16 [write-or-literal] | - `src/catalog.js` `BASE_DIMENSIONS` :26 [write-or-literal] | - `src/catalog.js` `createFlatPanelCatalogItem` :62 [write-or-literal] | - `src/catalog.js` `createUprightCatalogItem` :72 [write] | - `src/catalog.js` `createProfileCatalogItem` :86 [write] | - `src/catalog.js` `createBaseWallCatalogItem` :103 [write-or-literal] | - `src/catalog.js` `createSeparatorCatalogItem` :115 [write-or-literal] | - `src/catalog.js` `createShelfCatalogItem` :127 [write-or-literal] | - `src/catalog.js` `furniture_sofa_set_classic_DIMENSIONS` :142 [write] | - `src/catalog.js` `furniture_sofa_single_classic_DIMENSIONS` :144 [write] | - `src/catalog.js` `furniture_sofa_double_classic_DIMENSIONS` :146 [write] | - `src/catalog.js` `furniture_coffee_table_classic_DIMENSIONS` :148 [write] | - `src/catalog.js` `chair_eames_DIMENSIONS` :155 [write] | - `src/catalog.js` `glass_table_DIMENSIONS` :157 [write] | - `src/catalog.js` `furniture_bar_stool_classic_DIMENSIONS` :159 [write] | - `src/catalog.js` `MINI_FRIDGE_DIMENSIONS` :160 [write] | - `src/catalog.js` `COAT_RACK_DIMENSIONS` :162 [write] | - `src/catalog.js` `PLASTIC_TRASH_BIN_DIMENSIONS` :164 [write] | - `src/catalog.js` `LED_FLOODLIGHT_DIMENSIONS` :209 [write-or-literal] | - `src/catalog.js` `createTopLightCatalogItem` :220 [write-or-literal] | - `src/catalog.js` `createCommercialCatalogItem` :228 [write] | - `src/catalog.js` `createCommercialCatalogItem` :229 [write-or-literal] | - `src/catalog.js` `createIndoorPlantCatalogItem` :237 [write-or-literal] | - `src/catalog.js` `createFurnitureCatalogItem` :253 [write-or-literal] | - `src/catalog.js` `MODULE_CATALOG` :282 [write-or-literal] | - `src/moduleBehavior.js` `getModuleCollisionHeightRangeCm` :280 [write] | - `src/scene3d.js` `createFloorPattern` :563 [write] | - `src/scene3d.js` `createFallbackPlacementGhost` :1978 [write] | - `src/scene3d.js` `createFallbackPlacementGhost` :1988 [write-or-literal] | - `src/scene3d.js` `if` :2019 [write-or-literal] | - `src/scene3d.js` `ensurePlacementGhost` :2027 [write] | - `src/scene3d.js` `createMiniFridgeModule` :4995 [write] | - `src/scene3d.js` `createIndoorPlantModule` :5066 [write] | - `src/scene3d.js` `createCoatRackModule` :5226 [write] | - `src/scene3d.js` `createUprightModule` :5293 [write] | - `src/scene3d.js` `createProfileModule` :5343 [write] | - `src/scene3d.js` `createKettleModule` :5391 [write] | - `src/scene3d.js` `createLedFloodlightModule` :5457 [write] | - `src/scene3d.js` `createEamesChairModule` :5750 [write] | - `src/scene3d.js` `addProceduralGlassTable` :5831 [write] | - `src/scene3d.js` `createGlassTableModule` :5862 [write] | - `src/scene3d.js` `addClassicCoffeeTable` :6138 [write] | - `src/scene3d.js` `createBeigeSofaSetModule` :6268 [write] | - `src/scene3d.js` `createSofaPieceClassicModule` :6346 [write] | - `src/scene3d.js` `createCoffeeTableClassicModule` :6411 [write] | - `src/scene3d.js` `if` :6871 [write] | - `src/scene3d.js` `for` :7592 [write] | - `src/main.js` `resizeContextIlluminatedFoam` :876 [write] | - `src/main.js` `if` :1660 [write] | - `src/modulePlacement.js` `snapUprightToShortUpJoints` :770 [write-or-literal] | - `src/selectionFeedback.js` `if` :116 [write] | - `src/standStandardsCopy.js` `getStandStandardsFacts` :21 [write]
static.dimensions.thicknessCm,Kanonik ölçü: thicknessCm,Kanonik ölçü: thicknessCm. Kanonik thicknessCm. Catalog/factory/collision/BOM ilgili katmanlar bu ölçüyü veya ondan türetilmiş kopyayı okur.,kanonik-kayit,number,cm,Kanonik thicknessCm. Catalog/factory/collision/BOM ilgili katmanlar bu ölçüyü veya ondan türetilmiş kopyayı okur.,kanonik Item kaydı · src/items.js · LEAF_ITEMS / COMPOSITE_ITEMS / … + getItem,src/items.js,Item default: yalnız `src/items.js` dondurulmuş kayıt. Type default yok. Factory bu alanı kopyalamaz (eşdeğer `state.*` ayrı sütun).,"Kaynak yalnız `src/items.js` dondurulmuş kayıt. Override yok. (Zemin persist `stand.itemKey` kimliği seçer, kaydı değiştirmez.)",true,5,34,hayır,yok,Kod kaydı. Project DB'ye yazılmaz.,ITEM_READONLY,Kanonik `src/items.js` kaydı. Runtime kullanıcı bu alanları item tanımı olarak değiştirmez; kopyalar factory/catalog/BOM tarafında okunur.,hayır (salt okunur kimlik/kayıt),hayır — kod kaydı,Factory `Number(...)`; NaN durumları type'a göre null return veya yanlış ölçü. Genel şema yok.,false,Mesh ölçeği / proxy kutu boyutu (type renderer).,"Etkiler: snap, collision, side insert, short-up joint, L rotasyon, overlay mount. Ayrıntı `src/modulePlacement.js` + `getModuleBehavior`.",yok.,- `src/items.js` `isParquetFloorItem` :348 [read] | - `src/items.js` `isGridTileFloorItem` :354 [read] | - `src/items.js` `isCarpetFloorItem` :362 [read] | - `src/items.js` `if` :984 [read] | - `src/designState.js` `if` :824 [read] | - `src/catalog.js` `COUNTER_DIMENSIONS` :19 [read] | - `src/catalog.js` `BASE_DIMENSIONS` :29 [read] | - `src/catalog.js` `createBaseCatalogItem` :40 [read] | - `src/catalog.js` `createCounterCatalogItem` :50 [read] | - `src/catalog.js` `furniture_table_chair_set_eames_DIMENSIONS` :151 [read] | - `src/scene3d.js` `matchesConcreteParquetVisual` :553 [read] | - `src/scene3d.js` `fixedElevationM` :1397 [read] | - `src/scene3d.js` `getPlacementGhostKey` :1882 [read] | - `src/scene3d.js` `if` :1884 [read] | - `src/scene3d.js` `createFallbackPlacementGhost` :1967 [read] | - `src/scene3d.js` `createPlacementGhost` :1994 [read] | - `src/scene3d.js` `addProfile` :6483 [read] | - `src/scene3d.js` `for` :7591 [read] | - `src/main.js` `resizeContextIlluminatedFoam` :877 [read] | - `src/selectionFeedback.js` `if` :143 [read] | - `test/baseItemsContract.test.js` (dosya düzeyi) :51 [test] | - `test/baseRecipes.test.js` (dosya düzeyi) :8 [test] | - `test/baseTopsItemContract.test.js` (dosya düzeyi) :14 [test] | - `test/baseTopsItemContract.test.js` `for` :74 [test] | - `test/commercialItemsContract.test.js` (dosya düzeyi) :20 [test] | - `test/cornerPanelsItemContract.test.js` (dosya düzeyi) :16 [test] | - `test/counterRecipes.test.js` (dosya düzeyi) :8 [test] | - `test/counterTopsItemContract.test.js` (dosya düzeyi) :8 [test] | - `test/counterTopsItemContract.test.js` `for` :62 [test] | - `test/deskBankoItemsContract.test.js` (dosya düzeyi) :82 [test] | - `test/doorCompositeItemContract.test.js` (dosya düzeyi) :39 [test] | - `test/doorLeafItemContract.test.js` (dosya düzeyi) :17 [test] | - `test/floorItemsContract.test.js` `for` :39 [test] | - `test/furnitureItemsContract.test.js` `if` :162 [test] | - `test/glassShelfItemContract.test.js` (dosya düzeyi) :12 [test] | - `test/glassShelfItemContract.test.js` `for` :46 [test] | - `test/glassTableContract.test.js` (dosya düzeyi) :14 [test] | - `test/illuminatedFoamModule.test.js` (dosya düzeyi) :16 [test] | - `test/imageFit.test.js` (dosya düzeyi) :30 [test] | - `test/indoorPlantItemsContract.test.js` (dosya düzeyi) :78 [test] | - `test/lCounter150Contract.test.js` (dosya düzeyi) :42 [test] | - `test/lCounter200Contract.test.js` (dosya düzeyi) :42 [test] | - `test/lightingItemsContract.test.js` (dosya düzeyi) :78 [test] | - `test/miniFridge.test.js` (dosya düzeyi) :8 [test] | - `test/moduleRecipes.test.js` `if` :173 [test] | - … test/e2e ek 33 eşleşme (src listesi tam).,- `src/items.js` `LEAF_ITEMS` :3 [define] | - `src/items.js` `COMMERCIAL_ITEMS` :122 [define] | - `src/items.js` `FURNITURE_ITEMS` :154 [define] | - `src/items.js` (dosya düzeyi) :240 [define] | - `src/items.js` `TOP_LIGHT_ITEMS` :258 [define] | - `src/items.js` `NON_CATALOG_ITEMS` :277 [define] | - `src/items.js` `FLOOR_ITEMS` :292 [define] | - `src/items.js` `getFloorSelectLabel` :339 [write] | - `src/items.js` `INDOOR_PLANT_ITEMS` :384 [define] | - `src/items.js` `WALL_MEDIA_ITEMS` :425 [define] | - `src/items.js` `resolveWallMediaMetrics` :458 [write] | - `src/items.js` `if` :479 [write] | - `src/items.js` `COMPOSITE_ITEMS` :499 [define] | - `src/designState.js` `createFlatPanelModuleState` :98 [write] | - `src/designState.js` `createSeparatorModuleState` :152 [write] | - `src/designState.js` `createShowcaseModuleState` :171 [write] | - `src/designState.js` `createShelfModuleState` :225 [write] | - `src/designState.js` `createDoorModuleState` :244 [write] | - `src/designState.js` `createCounterModuleState` :293 [write] | - `src/designState.js` `createBaseWallModuleState` :337 [write] | - `src/designState.js` `createBaseModuleState` :377 [write] | - `src/designState.js` `createFurnitureModuleState` :401 [write-or-literal] | - `src/designState.js` `createCommercialModuleState` :455 [write-or-literal] | - `src/designState.js` `createUprightModuleState` :480 [write] | - `src/designState.js` `createUprightModuleState` :485 [write-or-literal] | - `src/designState.js` `createProfileModuleState` :496 [write] | - `src/designState.js` `createProfileModuleState` :502 [write-or-literal] | - `src/designState.js` `createIndoorPlantModuleState` :558 [write-or-literal] | - `src/designState.js` `createIlluminatedFoamModuleState` :575 [write] | - `src/designState.js` `createIlluminatedFoamModuleState` :584 [write-or-literal] | - `src/designState.js` `createLedFloodlightModuleState` :625 [write-or-literal] | - `src/designState.js` `if` :816 [write] | - `src/catalog.js` `COUNTER_DIMENSIONS` :16 [write-or-literal] | - `src/catalog.js` `BASE_DIMENSIONS` :26 [write-or-literal] | - `src/catalog.js` `createFlatPanelCatalogItem` :62 [write-or-literal] | - `src/catalog.js` `createUprightCatalogItem` :72 [write] | - `src/catalog.js` `createUprightCatalogItem` :77 [write-or-literal] | - `src/catalog.js` `createProfileCatalogItem` :86 [write] | - `src/catalog.js` `createProfileCatalogItem` :92 [write-or-literal] | - `src/catalog.js` `createBaseWallCatalogItem` :103 [write-or-literal] | - `src/catalog.js` `createSeparatorCatalogItem` :115 [write-or-literal] | - `src/catalog.js` `createShelfCatalogItem` :127 [write-or-literal] | - `src/catalog.js` `furniture_sofa_set_classic_DIMENSIONS` :142 [write] | - `src/catalog.js` `furniture_sofa_single_classic_DIMENSIONS` :144 [write] | - `src/catalog.js` `furniture_sofa_double_classic_DIMENSIONS` :146 [write] | - `src/catalog.js` `furniture_coffee_table_classic_DIMENSIONS` :148 [write] | - `src/catalog.js` `chair_eames_DIMENSIONS` :155 [write] | - `src/catalog.js` `glass_table_DIMENSIONS` :157 [write] | - `src/catalog.js` `furniture_bar_stool_classic_DIMENSIONS` :159 [write] | - `src/catalog.js` `MINI_FRIDGE_DIMENSIONS` :160 [write] | - `src/catalog.js` `COAT_RACK_DIMENSIONS` :162 [write] | - `src/catalog.js` `PLASTIC_TRASH_BIN_DIMENSIONS` :164 [write] | - `src/catalog.js` `LED_FLOODLIGHT_DIMENSIONS` :209 [write-or-literal] | - `src/catalog.js` `createTopLightCatalogItem` :220 [write-or-literal] | - `src/catalog.js` `createCommercialCatalogItem` :228 [write] | - `src/catalog.js` `createCommercialCatalogItem` :229 [write-or-literal] | - `src/catalog.js` `createIndoorPlantCatalogItem` :237 [write-or-literal] | - `src/catalog.js` `createFurnitureCatalogItem` :253 [write-or-literal] | - `src/catalog.js` `MODULE_CATALOG` :282 [write-or-literal] | - `src/moduleBehavior.js` `getModuleCollisionHeightRangeCm` :280 [write] | - `src/scene3d.js` `createFloorPattern` :563 [write] | - `src/scene3d.js` `createFallbackPlacementGhost` :1978 [write] | - `src/scene3d.js` `createFallbackPlacementGhost` :1988 [write-or-literal] | - `src/scene3d.js` `if` :2019 [write-or-literal] | - `src/scene3d.js` `ensurePlacementGhost` :2027 [write] | - `src/scene3d.js` `createMiniFridgeModule` :4995 [write] | - `src/scene3d.js` `createIndoorPlantModule` :5066 [write] | - `src/scene3d.js` `createCoatRackModule` :5226 [write] | - `src/scene3d.js` `createUprightModule` :5293 [write] | - `src/scene3d.js` `createUprightModule` :5308 [write-or-literal] | - `src/scene3d.js` `createProfileModule` :5343 [write] | - `src/scene3d.js` `createProfileModule` :5359 [write-or-literal] | - `src/scene3d.js` `createKettleModule` :5391 [write] | - `src/scene3d.js` `createLedFloodlightModule` :5457 [write] | - `src/scene3d.js` `createEamesChairModule` :5750 [write] | - `src/scene3d.js` `addProceduralGlassTable` :5831 [write] | - `src/scene3d.js` `createGlassTableModule` :5862 [write] | - `src/scene3d.js` `addClassicCoffeeTable` :6138 [write] | - `src/scene3d.js` `createBeigeSofaSetModule` :6268 [write] | - `src/scene3d.js` `createSofaPieceClassicModule` :6346 [write] | - `src/scene3d.js` `createCoffeeTableClassicModule` :6411 [write] | - `src/scene3d.js` `if` :6871 [write] | - `src/scene3d.js` `for` :7592 [write] | - `src/main.js` `resizeContextIlluminatedFoam` :876 [write] | - `src/main.js` `if` :1660 [write] | - `src/modulePlacement.js` `snapUprightToShortUpJoints` :770 [write-or-literal] | - `src/selectionFeedback.js` `if` :116 [write] | - `src/standStandardsCopy.js` `getStandStandardsFacts` :21 [write]
static.dimensions.wallGapCm,Kanonik ölçü: wallGapCm,Kanonik ölçü: wallGapCm. Kanonik wallGapCm. Catalog/factory/collision/BOM ilgili katmanlar bu ölçüyü veya ondan türetilmiş kopyayı okur.,kanonik-kayit,number,cm,Kanonik wallGapCm. Catalog/factory/collision/BOM ilgili katmanlar bu ölçüyü veya ondan türetilmiş kopyayı okur.,kanonik Item kaydı · src/items.js · LEAF_ITEMS / COMPOSITE_ITEMS / … + getItem,src/items.js,Item default: yalnız `src/items.js` dondurulmuş kayıt. Type default yok. Factory bu alanı kopyalamaz (eşdeğer `state.*` ayrı sütun).,"Kaynak yalnız `src/items.js` dondurulmuş kayıt. Override yok. (Zemin persist `stand.itemKey` kimliği seçer, kaydı değiştirmez.)",true,1,1,hayır,yok,Kod kaydı. Project DB'ye yazılmaz.,ITEM_READONLY,Kanonik `src/items.js` kaydı. Runtime kullanıcı bu alanları item tanımı olarak değiştirmez; kopyalar factory/catalog/BOM tarafında okunur.,hayır (salt okunur kimlik/kayıt),hayır — kod kaydı,Factory `Number(...)`; NaN durumları type'a göre null return veya yanlış ölçü. Genel şema yok.,false,Mesh ölçeği / proxy kutu boyutu (type renderer).,"Etkiler: snap, collision, side insert, short-up joint, L rotasyon, overlay mount. Ayrıntı `src/modulePlacement.js` + `getModuleBehavior`.",yok.,- `src/items.js` `isParquetFloorItem` :348 [read] | - `src/items.js` `isGridTileFloorItem` :354 [read] | - `src/items.js` `isCarpetFloorItem` :362 [read] | - `src/items.js` `if` :984 [read] | - `src/designState.js` `if` :824 [read] | - `src/catalog.js` `COUNTER_DIMENSIONS` :19 [read] | - `src/catalog.js` `BASE_DIMENSIONS` :29 [read] | - `src/catalog.js` `createBaseCatalogItem` :40 [read] | - `src/catalog.js` `createCounterCatalogItem` :50 [read] | - `src/catalog.js` `furniture_table_chair_set_eames_DIMENSIONS` :151 [read] | - `src/scene3d.js` `matchesConcreteParquetVisual` :553 [read] | - `src/scene3d.js` `fixedElevationM` :1397 [read] | - `src/scene3d.js` `getPlacementGhostKey` :1882 [read] | - `src/scene3d.js` `if` :1884 [read] | - `src/scene3d.js` `createFallbackPlacementGhost` :1967 [read] | - `src/scene3d.js` `createPlacementGhost` :1994 [read] | - `src/scene3d.js` `addProfile` :6483 [read] | - `src/scene3d.js` `for` :7591 [read] | - `src/main.js` `resizeContextIlluminatedFoam` :877 [read] | - `src/selectionFeedback.js` `if` :143 [read] | - `test/baseItemsContract.test.js` (dosya düzeyi) :51 [test] | - `test/baseRecipes.test.js` (dosya düzeyi) :8 [test] | - `test/baseTopsItemContract.test.js` (dosya düzeyi) :14 [test] | - `test/baseTopsItemContract.test.js` `for` :74 [test] | - `test/commercialItemsContract.test.js` (dosya düzeyi) :20 [test] | - `test/cornerPanelsItemContract.test.js` (dosya düzeyi) :16 [test] | - `test/counterRecipes.test.js` (dosya düzeyi) :8 [test] | - `test/counterTopsItemContract.test.js` (dosya düzeyi) :32 [test] | - `test/counterTopsItemContract.test.js` `for` :62 [test] | - `test/deskBankoItemsContract.test.js` (dosya düzeyi) :82 [test] | - `test/doorCompositeItemContract.test.js` (dosya düzeyi) :39 [test] | - `test/doorLeafItemContract.test.js` (dosya düzeyi) :17 [test] | - `test/floorItemsContract.test.js` `for` :39 [test] | - `test/furnitureItemsContract.test.js` `if` :162 [test] | - `test/glassShelfItemContract.test.js` (dosya düzeyi) :22 [test] | - `test/glassShelfItemContract.test.js` `for` :46 [test] | - `test/glassTableContract.test.js` (dosya düzeyi) :14 [test] | - `test/illuminatedFoamModule.test.js` (dosya düzeyi) :16 [test] | - `test/imageFit.test.js` (dosya düzeyi) :30 [test] | - `test/indoorPlantItemsContract.test.js` (dosya düzeyi) :78 [test] | - `test/lCounter150Contract.test.js` (dosya düzeyi) :42 [test] | - `test/lCounter200Contract.test.js` (dosya düzeyi) :42 [test] | - `test/lightingItemsContract.test.js` (dosya düzeyi) :78 [test] | - `test/miniFridge.test.js` (dosya düzeyi) :8 [test] | - `test/moduleRecipes.test.js` `if` :173 [test] | - … test/e2e ek 33 eşleşme (src listesi tam).,- `src/items.js` `LEAF_ITEMS` :3 [define] | - `src/items.js` `COMMERCIAL_ITEMS` :122 [define] | - `src/items.js` `FURNITURE_ITEMS` :154 [define] | - `src/items.js` (dosya düzeyi) :240 [define] | - `src/items.js` `TOP_LIGHT_ITEMS` :258 [define] | - `src/items.js` `NON_CATALOG_ITEMS` :277 [define] | - `src/items.js` `NON_CATALOG_ITEMS` :281 [write-or-literal] | - `src/items.js` `FLOOR_ITEMS` :292 [define] | - `src/items.js` `getFloorSelectLabel` :339 [write] | - `src/items.js` `INDOOR_PLANT_ITEMS` :384 [define] | - `src/items.js` `WALL_MEDIA_ITEMS` :425 [define] | - `src/items.js` `resolveWallMediaMetrics` :458 [write] | - `src/items.js` `if` :479 [write] | - `src/items.js` `COMPOSITE_ITEMS` :499 [define] | - `src/designState.js` `createFlatPanelModuleState` :98 [write] | - `src/designState.js` `createSeparatorModuleState` :152 [write] | - `src/designState.js` `createShowcaseModuleState` :171 [write] | - `src/designState.js` `createShelfModuleState` :225 [write] | - `src/designState.js` `createDoorModuleState` :244 [write] | - `src/designState.js` `createCounterModuleState` :293 [write] | - `src/designState.js` `createBaseWallModuleState` :337 [write] | - `src/designState.js` `createBaseModuleState` :377 [write] | - `src/designState.js` `createFurnitureModuleState` :401 [write-or-literal] | - `src/designState.js` `createCommercialModuleState` :455 [write-or-literal] | - `src/designState.js` `createUprightModuleState` :480 [write] | - `src/designState.js` `createUprightModuleState` :487 [write-or-literal] | - `src/designState.js` `createProfileModuleState` :496 [write] | - `src/designState.js` `createIndoorPlantModuleState` :558 [write-or-literal] | - `src/designState.js` `createIlluminatedFoamModuleState` :575 [write] | - `src/designState.js` `createIlluminatedFoamModuleState` :584 [write-or-literal] | - `src/designState.js` `createLedFloodlightModuleState` :625 [write-or-literal] | - `src/designState.js` `if` :816 [write] | - `src/catalog.js` `COUNTER_DIMENSIONS` :16 [write-or-literal] | - `src/catalog.js` `BASE_DIMENSIONS` :26 [write-or-literal] | - `src/catalog.js` `createFlatPanelCatalogItem` :62 [write-or-literal] | - `src/catalog.js` `createUprightCatalogItem` :72 [write] | - `src/catalog.js` `createProfileCatalogItem` :86 [write] | - `src/catalog.js` `createBaseWallCatalogItem` :103 [write-or-literal] | - `src/catalog.js` `createSeparatorCatalogItem` :115 [write-or-literal] | - `src/catalog.js` `createShelfCatalogItem` :127 [write-or-literal] | - `src/catalog.js` `furniture_sofa_set_classic_DIMENSIONS` :142 [write] | - `src/catalog.js` `furniture_sofa_single_classic_DIMENSIONS` :144 [write] | - `src/catalog.js` `furniture_sofa_double_classic_DIMENSIONS` :146 [write] | - `src/catalog.js` `furniture_coffee_table_classic_DIMENSIONS` :148 [write] | - `src/catalog.js` `chair_eames_DIMENSIONS` :155 [write] | - `src/catalog.js` `glass_table_DIMENSIONS` :157 [write] | - `src/catalog.js` `furniture_bar_stool_classic_DIMENSIONS` :159 [write] | - `src/catalog.js` `MINI_FRIDGE_DIMENSIONS` :160 [write] | - `src/catalog.js` `COAT_RACK_DIMENSIONS` :162 [write] | - `src/catalog.js` `PLASTIC_TRASH_BIN_DIMENSIONS` :164 [write] | - `src/catalog.js` `LED_FLOODLIGHT_DIMENSIONS` :209 [write-or-literal] | - `src/catalog.js` `createTopLightCatalogItem` :220 [write-or-literal] | - `src/catalog.js` `createCommercialCatalogItem` :228 [write] | - `src/catalog.js` `createCommercialCatalogItem` :229 [write-or-literal] | - `src/catalog.js` `createIndoorPlantCatalogItem` :237 [write-or-literal] | - `src/catalog.js` `createFurnitureCatalogItem` :253 [write-or-literal] | - `src/catalog.js` `MODULE_CATALOG` :282 [write-or-literal] | - `src/moduleBehavior.js` `getModuleCollisionHeightRangeCm` :280 [write] | - `src/scene3d.js` `createFloorPattern` :563 [write] | - `src/scene3d.js` `createFallbackPlacementGhost` :1978 [write] | - `src/scene3d.js` `createFallbackPlacementGhost` :1988 [write-or-literal] | - `src/scene3d.js` `if` :2019 [write-or-literal] | - `src/scene3d.js` `ensurePlacementGhost` :2027 [write] | - `src/scene3d.js` `createIlluminatedFoamModule` :4708 [write] | - `src/scene3d.js` `createMiniFridgeModule` :4995 [write] | - `src/scene3d.js` `createIndoorPlantModule` :5066 [write] | - `src/scene3d.js` `createCoatRackModule` :5226 [write] | - `src/scene3d.js` `createUprightModule` :5293 [write] | - `src/scene3d.js` `createProfileModule` :5343 [write] | - `src/scene3d.js` `createKettleModule` :5391 [write] | - `src/scene3d.js` `createLedFloodlightModule` :5457 [write] | - `src/scene3d.js` `createEamesChairModule` :5750 [write] | - `src/scene3d.js` `addProceduralGlassTable` :5831 [write] | - `src/scene3d.js` `createGlassTableModule` :5862 [write] | - `src/scene3d.js` `addClassicCoffeeTable` :6138 [write] | - `src/scene3d.js` `createBeigeSofaSetModule` :6268 [write] | - `src/scene3d.js` `createSofaPieceClassicModule` :6346 [write] | - `src/scene3d.js` `createCoffeeTableClassicModule` :6411 [write] | - `src/scene3d.js` `if` :6871 [write] | - `src/scene3d.js` `for` :7592 [write] | - `src/main.js` `resizeContextIlluminatedFoam` :876 [write] | - `src/main.js` `if` :1660 [write] | - `src/modulePlacement.js` `snapUprightToShortUpJoints` :770 [write-or-literal] | - `src/selectionFeedback.js` `if` :116 [write] | - `src/standStandardsCopy.js` `getStandStandardsFacts` :21 [write]
static.dimensions.widthCm,Kanonik ölçü: widthCm,Kanonik ölçü: widthCm. Kanonik widthCm. Catalog/factory/collision/BOM ilgili katmanlar bu ölçüyü veya ondan türetilmiş kopyayı okur.,kanonik-kayit,number,cm,Kanonik widthCm. Catalog/factory/collision/BOM ilgili katmanlar bu ölçüyü veya ondan türetilmiş kopyayı okur.,kanonik Item kaydı · src/items.js · LEAF_ITEMS / COMPOSITE_ITEMS / … + getItem,src/items.js,Item default: yalnız `src/items.js` dondurulmuş kayıt. Type default yok. Factory bu alanı kopyalamaz (eşdeğer `state.*` ayrı sütun).,"Kaynak yalnız `src/items.js` dondurulmuş kayıt. Override yok. (Zemin persist `stand.itemKey` kimliği seçer, kaydı değiştirmez.)",true,59,79,hayır,yok,Kod kaydı. Project DB'ye yazılmaz.,ITEM_READONLY,Kanonik `src/items.js` kaydı. Runtime kullanıcı bu alanları item tanımı olarak değiştirmez; kopyalar factory/catalog/BOM tarafında okunur.,hayır (salt okunur kimlik/kayıt),hayır — kod kaydı,Factory `Number(...)`; NaN durumları type'a göre null return veya yanlış ölçü. Genel şema yok.,false,Mesh ölçeği / proxy kutu boyutu (type renderer).,"Etkiler: snap, collision, side insert, short-up joint, L rotasyon, overlay mount. Ayrıntı `src/modulePlacement.js` + `getModuleBehavior`.",yok.,- `src/items.js` `getFloorSelectLabel` :341 [read] | - `src/items.js` `isParquetFloorItem` :348 [read] | - `src/items.js` `isGridTileFloorItem` :354 [read] | - `src/items.js` `isCarpetFloorItem` :362 [read] | - `src/items.js` `INDOOR_PLANT_ITEMS` :420 [read] | - `src/items.js` `if` :984 [read] | - `src/designState.js` `separatorDefaultColor` :20 [read] | - `src/designState.js` `resolveFlatPanelItemKey` :85 [read] | - `src/designState.js` `createFlatPanelModuleState` :94 [read] | - `src/designState.js` `resolveSeparatorItemKey` :121 [read] | - `src/designState.js` `if` :145 [read] | - `src/designState.js` `createSeparatorModuleState` :158 [read] | - `src/designState.js` `createShowcaseModuleState` :172 [read] | - `src/designState.js` `resolveShelfItemKey` :199 [read] | - `src/designState.js` `createShelfModuleState` :232 [read] | - `src/designState.js` `createDoorModuleState` :245 [read] | - `src/designState.js` `resolveCounterItemKey` :274 [read] | - `src/designState.js` `resolveBaseWallItemKey` :324 [read] | - `src/designState.js` `createBaseWallModuleState` :333 [read] | - `src/designState.js` `resolveBaseItemKey` :364 [read] | - `src/designState.js` `createBaseModuleState` :373 [read] | - `src/catalog.js` `COUNTER_DIMENSIONS` :19 [read] | - `src/catalog.js` `BASE_DIMENSIONS` :29 [read] | - `src/catalog.js` `createBaseCatalogItem` :40 [read] | - `src/catalog.js` `createCounterCatalogItem` :50 [read] | - `src/catalog.js` `createProfileCatalogItem` :91 [read] | - `src/catalog.js` `furniture_table_chair_set_eames_DIMENSIONS` :151 [read] | - `src/catalog.js` `resolveItemKey` :511 [read] | - `src/catalog.js` `if` :513 [read] | - `src/catalog.js` `flatPanelKey` :543 [read] | - `src/moduleBehavior.js` `if` :238 [read] | - `src/scene3d.js` `matchesConcreteParquetVisual` :553 [read] | - `src/scene3d.js` `applyPlacementToGroup` :1388 [read] | - `src/scene3d.js` `fixedElevationM` :1397 [read] | - `src/scene3d.js` `if` :1578 [read] | - `src/scene3d.js` `getPlacementGhostKey` :1882 [read] | - `src/scene3d.js` `createFallbackPlacementGhost` :1967 [read] | - `src/scene3d.js` `createPlacementGhost` :1994 [read] | - `src/scene3d.js` `snapTopFixturePlacement` :2123 [read] | - `src/scene3d.js` `rotateSelectedModule` :2247 [read] | - `src/scene3d.js` `snap20` :2827 [read] | - `src/scene3d.js` `createMiniFridgeModule` :5008 [read] | - `src/scene3d.js` `createCoatRackModule` :5237 [read] | - `src/main.js` `deleteContextModule` :350 [read] | - `src/main.js` `if` :479 [read] | - `src/main.js` `resizeContextIlluminatedFoam` :877 [read] | - `src/main.js` `finish` :1634 [read] | - `src/autoDepot.js` `fixture` :23 [read] | - `src/autoDepot.js` `addFront` :30 [read] | - `src/autoDepot.js` `if` :31 [read] | - `src/automaticWall.js` `if` :68 [read] | - `src/automaticWall.js` `for` :108 [read] | - `src/moduleDragSidebar.js` `previewWidthPx` :116 [read] | - `src/moduleMove.js` `if` :31 [read] | - `src/moduleMove.js` `findInsertionTarget` :117 [read] | - `src/modulePlacement.js` `getPlacementCenterCm` :102 [read] | - `src/modulePlacement.js` `getRotatedHalfExtentsCm` :127 [read] | - `src/modulePlacement.js` `getPlacementInterval` :201 [read] | - `src/modulePlacement.js` `createLocalSegment` :298 [read] | - `src/modulePlacement.js` `getWallUsedCm` :327 [read] | - `src/modulePlacement.js` `validateModulePlacement` :342 [read] | - `src/modulePlacement.js` `validatePlacementAgainstModules` :559 [read] | - `src/modulePlacement.js` `getPlacementCenter` :610 [read] | - `src/modulePlacement.js` `createEndpointConnectionPlacement` :686 [read] | - `src/modulePlacement.js` `snapUprightToShortUpJoints` :710 [read] | - `src/modulePlacement.js` `snapPlacementToModules` :811 [read] | - `src/modulePlacement.js` `createFreePlacement` :1257 [read] | - `src/modulePlacement.js` `snapPlacementToStand` :1343 [read] | - `src/rawBomDebug.js` `parseLCounterSelection` :16 [read] | - `src/rawBomDebug.js` `if` :117 [read] | - `src/selectionFeedback.js` `if` :27 [read] | - `src/wallReflow.js` `if` :57 [read] | - `src/wallReflow.js` `createPlacement` :65 [read] | - `src/wallReflow.js` `findNextPlacement` :95 [read] | - `src/wallReflow.js` `findPreviousPlacement` :115 [read] | - `src/wallReflow.js` `for` :124 [read] | - `test/autoDepotOrientation.test.js` `sideWalls` :6 [test] | - `test/barStool2.test.js` (dosya düzeyi) :11 [test] | - `test/baseItemsContract.test.js` (dosya düzeyi) :20 [test] | - `test/baseModule.test.js` (dosya düzeyi) :24 [test] | - `test/baseModule.test.js` `for` :48 [test] | - `test/baseRecipes.test.js` (dosya düzeyi) :8 [test] | - `test/baseRenderStyle.test.js` (dosya düzeyi) :20 [test] | - `test/baseTopsItemContract.test.js` (dosya düzeyi) :14 [test] | - `test/baseTopsItemContract.test.js` `for` :74 [test] | - `test/baseWallRecipes.test.js` `for` :36 [test] | - `test/catalogSingleSource.test.js` (dosya düzeyi) :30 [test] | - `test/chairEamesContract.test.js` (dosya düzeyi) :16 [test] | - `test/coatRackModule.test.js` (dosya düzeyi) :15 [test] | - `test/commercialItemsContract.test.js` (dosya düzeyi) :20 [test] | - `test/cornerPanelsItemContract.test.js` (dosya düzeyi) :16 [test] | - `test/counterModule.test.js` `for` :13 [test] | - `test/counterRecipes.test.js` (dosya düzeyi) :8 [test] | - `test/counterTopsItemContract.test.js` (dosya düzeyi) :8 [test] | - `test/counterTopsItemContract.test.js` `for` :62 [test] | - `test/depotBackWallRecipe.test.js` (dosya düzeyi) :11 [test] | - `test/depotFreeDragSnap.test.js` `for` :9 [test] | - `test/depotFrontRecipe.test.js` `for` :15 [test] | - `test/designState.test.js` (dosya düzeyi) :24 [test] | - `test/deskBankoItemsContract.test.js` (dosya düzeyi) :26 [test] | - `test/deskBankoItemsContract.test.js` `if` :97 [test] | - … test/e2e ek 101 eşleşme (src listesi tam).,- `src/items.js` `LEAF_ITEMS` :3 [define] | - `src/items.js` `COMMERCIAL_ITEMS` :122 [define] | - `src/items.js` `FURNITURE_ITEMS` :154 [define] | - `src/items.js` `FURNITURE_ITEMS` :155 [write-or-literal] | - `src/items.js` (dosya düzeyi) :230 [write-or-literal] | - `src/items.js` (dosya düzeyi) :240 [define] | - `src/items.js` `TOP_LIGHT_ITEMS` :258 [define] | - `src/items.js` `TOP_LIGHT_ITEMS` :259 [write-or-literal] | - `src/items.js` `NON_CATALOG_ITEMS` :277 [define] | - `src/items.js` `NON_CATALOG_ITEMS` :278 [write-or-literal] | - `src/items.js` `FLOOR_ITEMS` :292 [define] | - `src/items.js` `getFloorSelectLabel` :339 [write] | - `src/items.js` `INDOOR_PLANT_ITEMS` :384 [define] | - `src/items.js` `WALL_MEDIA_ITEMS` :425 [define] | - `src/items.js` `WALL_MEDIA_ITEMS` :426 [write-or-literal] | - `src/items.js` `resolveWallMediaMetrics` :458 [write] | - `src/items.js` `if` :468 [write-or-literal] | - `src/items.js` `if` :479 [write] | - `src/items.js` `COMPOSITE_ITEMS` :499 [define] | - `src/designState.js` `resolveFlatPanelItemKey` :87 [write] | - `src/designState.js` `createFlatPanelModuleState` :95 [write] | - `src/designState.js` `resolveSeparatorItemKey` :120 [write] | - `src/designState.js` `resolveSeparatorItemKey` :126 [write-or-literal] | - `src/designState.js` `if` :138 [write-or-literal] | - `src/designState.js` `createSeparatorModuleState` :148 [write] | - `src/designState.js` `createSeparatorModuleState` :162 [write-or-literal] | - `src/designState.js` `createShowcaseModuleState` :167 [write] | - `src/designState.js` `createShowcaseModuleState` :179 [write-or-literal] | - `src/designState.js` `resolveShelfItemKey` :198 [write] | - `src/designState.js` `resolveShelfItemKey` :204 [write-or-literal] | - `src/designState.js` `createShelfModuleState` :221 [write] | - `src/designState.js` `createDoorModuleState` :242 [write] | - `src/designState.js` `createDoorModuleState` :253 [write-or-literal] | - `src/designState.js` `resolveCounterItemKey` :273 [write] | - `src/designState.js` `createCounterModuleState` :288 [write] | - `src/designState.js` `resolveBaseWallItemKey` :326 [write] | - `src/designState.js` `createBaseWallModuleState` :334 [write] | - `src/designState.js` `resolveBaseItemKey` :366 [write] | - `src/designState.js` `createBaseModuleState` :374 [write] | - `src/designState.js` `createFurnitureModuleState` :401 [write-or-literal] | - `src/designState.js` `createCommercialModuleState` :455 [write-or-literal] | - `src/designState.js` `createUprightModuleState` :480 [write] | - `src/designState.js` `createUprightModuleState` :485 [write-or-literal] | - `src/designState.js` `createProfileModuleState` :495 [write] | - `src/catalog.js` `COUNTER_DIMENSIONS` :16 [write-or-literal] | - `src/catalog.js` `BASE_DIMENSIONS` :26 [write-or-literal] | - `src/catalog.js` `createFlatPanelCatalogItem` :62 [write-or-literal] | - `src/catalog.js` `createUprightCatalogItem` :72 [write] | - `src/catalog.js` `createUprightCatalogItem` :77 [write-or-literal] | - `src/catalog.js` `createProfileCatalogItem` :86 [write] | - `src/catalog.js` `createBaseWallCatalogItem` :103 [write-or-literal] | - `src/catalog.js` `createSeparatorCatalogItem` :115 [write-or-literal] | - `src/catalog.js` `createShelfCatalogItem` :127 [write-or-literal] | - `src/catalog.js` `furniture_sofa_set_classic_DIMENSIONS` :142 [write] | - `src/catalog.js` `furniture_sofa_single_classic_DIMENSIONS` :144 [write] | - `src/catalog.js` `furniture_sofa_double_classic_DIMENSIONS` :146 [write] | - `src/catalog.js` `furniture_coffee_table_classic_DIMENSIONS` :148 [write] | - `src/catalog.js` `chair_eames_DIMENSIONS` :155 [write] | - `src/catalog.js` `glass_table_DIMENSIONS` :157 [write] | - `src/catalog.js` `furniture_bar_stool_classic_DIMENSIONS` :159 [write] | - `src/catalog.js` `MINI_FRIDGE_DIMENSIONS` :160 [write] | - `src/catalog.js` `COAT_RACK_DIMENSIONS` :162 [write] | - `src/catalog.js` `PLASTIC_TRASH_BIN_DIMENSIONS` :164 [write] | - `src/catalog.js` `createWallMediaCatalogItem` :178 [write-or-literal] | - `src/catalog.js` `TV_42_DIMENSIONS` :200 [write-or-literal] | - `src/catalog.js` `LED_FLOODLIGHT_DIMENSIONS` :209 [write-or-literal] | - `src/catalog.js` `createTopLightCatalogItem` :220 [write-or-literal] | - `src/catalog.js` `createCommercialCatalogItem` :228 [write] | - `src/catalog.js` `createCommercialCatalogItem` :229 [write-or-literal] | - `src/catalog.js` `createIndoorPlantCatalogItem` :237 [write-or-literal] | - `src/catalog.js` `createFurnitureCatalogItem` :253 [write-or-literal] | - `src/catalog.js` `MODULE_CATALOG` :282 [write-or-literal] | - `src/catalog.js` `normalizeCatalogDescriptor` :487 [write-or-literal] | - `src/moduleBehavior.js` `getModuleCollisionHeightRangeCm` :280 [write] | - `src/scene3d.js` `createFloorPattern` :563 [write] | - `src/scene3d.js` `createStage` :770 [write] | - `src/scene3d.js` `createStage` :809 [write-or-literal] | - `src/scene3d.js` `ensureModuleSelectionFrame` :976 [write] | - `src/scene3d.js` `getSurfaceSelectionPlaneMeta` :1124 [write] | - `src/scene3d.js` `getSurfaceSelectionPlaneMeta` :1133 [write-or-literal] | - `src/scene3d.js` `applyPlacementToGroup` :1390 [write] | - `src/scene3d.js` `buildWall` :1541 [write] | - `src/scene3d.js` `if` :1556 [write] | - `src/scene3d.js` `if` :1735 [write-or-literal] | - `src/scene3d.js` `pickModuleContext` :1808 [write-or-literal] | - `src/scene3d.js` `createFallbackPlacementGhost` :1978 [write] | - `src/scene3d.js` `createFallbackPlacementGhost` :1988 [write-or-literal] | - `src/scene3d.js` `ensurePlacementGhost` :2027 [write] | - `src/scene3d.js` `snapTopFixturePlacement` :2131 [write] | - `src/scene3d.js` `inferWallIdForRotation` :2173 [write] | - `src/scene3d.js` `rotateSelectedModule` :2261 [write-or-literal] | - `src/scene3d.js` `getFreeTvPlacement` :2301 [write-or-literal] | - `src/scene3d.js` `snap20` :2813 [write] | - `src/scene3d.js` `createIlluminatedFoamModule` :4705 [write] | - `src/scene3d.js` `createTvModule` :4845 [write] | - `src/scene3d.js` `createMiniFridgeModule` :4995 [write] | - `src/scene3d.js` `createIndoorPlantModule` :5066 [write] | - `src/scene3d.js` `createCoatRackModule` :5226 [write] | - `src/scene3d.js` `createUprightModule` :5293 [write] | - `src/scene3d.js` `createUprightModule` :5308 [write-or-literal] | - `src/scene3d.js` `createProfileModule` :5342 [write] | - `src/scene3d.js` `createProfileModule` :5358 [write-or-literal] | - `src/main.js` `duplicateContextModule` :475 [write] | - `src/main.js` `getContinuousModulePathStartCm` :541 [write] | - `src/main.js` `if` :549 [write] | - `src/main.js` `for` :675 [write-or-literal] | - `src/main.js` `for` :691 [write] | - `src/main.js` `resizeContextIlluminatedFoam` :876 [write] | - `src/main.js` `rebuildSceneFromSetup` :1045 [write-or-literal] | - `src/main.js` `if` :1089 [write-or-literal] | - `src/main.js` `finish` :1631 [write] | - `src/main.js` `onKeyDown` :1710 [write] | - `src/autoDepot.js` `AUTO_DEPOT_SIZES` :5 [write-or-literal] | - `src/autoDepot.js` `wall` :14 [write] | - `src/autoDepot.js` `wall` :15 [write-or-literal] | - `src/autoDepot.js` `door` :18 [write-or-literal] | - `src/autoDepot.js` `fixture` :20 [write] | - `src/autoDepot.js` `planAutomaticDepot` :54 [write-or-literal] | - `src/autoDepot.js` `if` :61 [write] | - `src/autoDepot.js` `if` :127 [write-or-literal] | - `src/automaticWall.js` `if` :66 [write] | - `src/automaticWall.js` `if` :102 [write-or-literal] | - `src/automaticWall.js` `for` :109 [write-or-literal] | - `src/automaticWall.js` `for` :110 [write] | - `src/moduleDragSidebar.js` `previewWidthPx` :117 [write] | - `src/moduleDragSidebar.js` `if` :130 [write] | - `src/moduleMove.js` `placementToPathStart` :11 [write] | - `src/moduleMove.js` `if` :19 [write] | - `src/moduleMove.js` `findInsertionTarget` :108 [write] | - `src/moduleMove.js` `if` :181 [write-or-literal] | - `src/modulePlacement.js` `rotateModulePlacementAroundCenter` :76 [write] | - `src/modulePlacement.js` `rotateModulePlacementAroundCenter` :87 [write-or-literal] | - `src/modulePlacement.js` `getPlacementCenterCm` :104 [write] | - `src/modulePlacement.js` `placementFromCenterCm` :115 [write] | - `src/modulePlacement.js` `getRotatedHalfExtentsCm` :128 [write] | - `src/modulePlacement.js` `getPlacementInterval` :209 [write-or-literal] | - `src/modulePlacement.js` `getGroundSegment` :215 [write] | - `src/modulePlacement.js` `getGroundSegment` :228 [write-or-literal] | - `src/modulePlacement.js` `getLCounterCollisionSegments` :269 [write] | - `src/modulePlacement.js` `getWallExtentCm` :335 [write] | - `src/modulePlacement.js` `validateModulePlacement` :350 [write] | - `src/modulePlacement.js` `getOrientedFootprint` :490 [write] | - `src/modulePlacement.js` `validatePlacementAgainstModules` :571 [write] | - `src/modulePlacement.js` `getPlacementCenter` :611 [write] | - `src/modulePlacement.js` `createEndpointConnectionPlacement` :692 [write] | - `src/modulePlacement.js` `snapUprightToShortUpJoints` :720 [write] | - `src/modulePlacement.js` `snapUprightToShortUpJoints` :748 [write-or-literal] | - `src/modulePlacement.js` `snapPlacementToModules` :822 [write] | - `src/modulePlacement.js` `snapPlacementToModules` :861 [write-or-literal] | - `src/modulePlacement.js` `addCandidate` :892 [write-or-literal] | - `src/modulePlacement.js` `if` :931 [write-or-literal] | - `src/modulePlacement.js` `faceGapCm` :1073 [write] | - `src/modulePlacement.js` `touchesTargetFace` :1181 [write] | - `src/modulePlacement.js` `createFreePlacement` :1266 [write] | - `src/modulePlacement.js` `createFreePlacement` :1283 [write-or-literal] | - `src/modulePlacement.js` `snapPlacementToStand` :1353 [write] | - `src/modulePlacement.js` `snapPlacementToStand` :1371 [write-or-literal] | - `src/rawBomDebug.js` `parseLCounterSelection` :14 [write] | - `src/rawBomDebug.js` `parseLCounterSelection` :21 [write-or-literal] | - `src/rawBomDebug.js` `renderRecipe` :55 [write] | - `src/rawBomDebug.js` `if` :115 [write] | - `src/selectionFeedback.js` `if` :18 [write] | - `src/selectionFeedback.js` `if` :56 [write-or-literal] | - `src/standStandardsCopy.js` `getStandStandardsFacts` :21 [write] | - `src/wallReflow.js` `placementToPathStart` :37 [write] | - `src/wallReflow.js` `if` :45 [write] | - `src/wallReflow.js` `if` :69 [write-or-literal] | - `src/wallReflow.js` `for` :126 [write]
static.eyeCount,Vitrin göz sayısı,Vitrin göz sayısı. Audit özelliği. Aşağıdaki kanıt satırlarına bak.,kanonik-kayit,number,yok / birimsiz,Audit özelliği. Aşağıdaki kanıt satırlarına bak.,kanonik Item kaydı · src/items.js · LEAF_ITEMS / COMPOSITE_ITEMS / … + getItem,src/items.js,Item default: yalnız `src/items.js` dondurulmuş kayıt. Type default yok. Factory bu alanı kopyalamaz (eşdeğer `state.*` ayrı sütun).,"Kaynak yalnız `src/items.js` dondurulmuş kayıt. Override yok. (Zemin persist `stand.itemKey` kimliği seçer, kaydı değiştirmez.)",true,2,2,hayır,yok,Kod kaydı. Project DB'ye yazılmaz.,ITEM_READONLY,Kanonik `src/items.js` kaydı. Runtime kullanıcı bu alanları item tanımı olarak değiştirmez; kopyalar factory/catalog/BOM tarafında okunur.,hayır (salt okunur kimlik/kayıt),hayır — kod kaydı,validation yok (genel proje şeması yok).,true,doğrudan yok veya dolaylı (kanıt bölümü).,yok veya dolaylı değil.,yok.,- `src/scene3d.js` `if` :7453 [read] | - `src/rawBomDebug.js` `if` :125 [read] | - `src/selectionFeedback.js` `if` :60 [read] | - `test/showcaseBodyColorRegression.test.js` (dosya düzeyi) :13 [test] | - `test/showcaseBodyColorRegression.test.js` `for` :22 [test] | - `test/wallShowcaseItemContract.test.js` (dosya düzeyi) :11 [test] | - `test/wallShowcaseItemContract.test.js` `for` :24 [test] | - `e2e/wall-showcase-item-contract.spec.mjs` `for` :80 [test],- `src/items.js` (dosya düzeyi) :935 [write-or-literal] | - `src/designState.js` `createShowcaseModuleState` :180 [write-or-literal] | - `src/designState.js` `if` :846 [write] | - `src/catalog.js` `MODULE_CATALOG` :283 [write-or-literal] | - `src/scene3d.js` `if` :7452 [write] | - `src/scene3d.js` `for` :7599 [write] | - `src/rawBomDebug.js` `if` :123 [write]
static.material,Kanonik malzeme etiketi,Kanonik malzeme etiketi. Audit özelliği. Aşağıdaki kanıt satırlarına bak.,kanonik-kayit,string,yok / birimsiz,Audit özelliği. Aşağıdaki kanıt satırlarına bak.,kanonik Item kaydı · src/items.js · LEAF_ITEMS / COMPOSITE_ITEMS / … + getItem,src/items.js,Item default: yalnız `src/items.js` dondurulmuş kayıt. Type default yok. Factory bu alanı kopyalamaz (eşdeğer `state.*` ayrı sütun).,"Kaynak yalnız `src/items.js` dondurulmuş kayıt. Override yok. (Zemin persist `stand.itemKey` kimliği seçer, kaydı değiştirmez.)",true,5,34,hayır,yok,Kod kaydı. Project DB'ye yazılmaz.,ITEM_READONLY,Kanonik `src/items.js` kaydı. Runtime kullanıcı bu alanları item tanımı olarak değiştirmez; kopyalar factory/catalog/BOM tarafında okunur.,hayır (salt okunur kimlik/kayıt),hayır — kod kaydı,validation yok (genel proje şeması yok).,true,doğrudan yok veya dolaylı (kanıt bölümü).,yok veya dolaylı değil.,yok.,- `src/items.js` `if` :987 [read] | - `src/scene3d.js` `setFloorType` :617 [read] | - `src/scene3d.js` `if` :636 [read] | - `src/scene3d.js` `setFloorColor` :671 [read] | - `src/scene3d.js` `retainWallTexturesForRebuild` :889 [read] | - `src/scene3d.js` `disposeObject` :1363 [read] | - `src/scene3d.js` `destroyPlacementGhost` :1862 [read] | - `src/scene3d.js` `createFallbackPlacementGhost` :1976 [read] | - `src/scene3d.js` `showPlacementGhost` :2040 [read] | - `src/scene3d.js` `applyColor` :3094 [read] | - `src/scene3d.js` `clearFabricOverlays` :3128 [read] | - `src/scene3d.js` `suspendFabricSurface` :3144 [read] | - `src/scene3d.js` `restoreFabricSurface` :3156 [read] | - `src/scene3d.js` `applyFabricOverlayLighting` :3297 [read] | - `src/scene3d.js` `loadFabricOverlayImage` :3337 [read] | - `src/scene3d.js` `loadSingleImageOnSurface` :3806 [read] | - `src/scene3d.js` `loadGroupedImageOnSurface` :3844 [read] | - `src/scene3d.js` `applyImageAsset` :3931 [read] | - `src/scene3d.js` `clearImage` :4090 [read] | - `src/scene3d.js` `resize` :4563 [read] | - `src/scene3d.js` `createBarStoolModule` :5721 [read] | - `src/scene3d.js` `makeBeigeSofaBodyWhite` :6051 [read] | - `src/scene3d.js` `centerZ` :6099 [read] | - `src/scene3d.js` `applyBeigeSofaBodyColor` :6121 [read] | - `src/theme.js` `getMaterialAppearance` :37 [read] | - `src/viewCube.js` `switch` :194 [read] | - `src/viewCube.js` `dispose` :308 [read] | - `test/baseTopsItemContract.test.js` (dosya düzeyi) :39 [test] | - `test/baseTopsItemContract.test.js` `for` :75 [test] | - `test/boardMaterialItemContract.test.js` (dosya düzeyi) :32 [test] | - `test/boardMaterialItemContract.test.js` `for` :37 [test] | - `test/coverModeExclusivity.test.js` (dosya düzeyi) :19 [test] | - `test/doorLeafItemContract.test.js` (dosya düzeyi) :18 [test] | - `test/glassShelfItemContract.test.js` (dosya düzeyi) :23 [test] | - `test/glassShelfItemContract.test.js` `for` :47 [test] | - `test/globalSilhouetteGhost.test.js` (dosya düzeyi) :15 [test] | - `test/lightboxFabric.test.js` (dosya düzeyi) :33 [test] | - `test/lightboxFabricLighting.test.js` (dosya düzeyi) :15 [test] | - `test/lightboxFabricPerformance.test.js` (dosya düzeyi) :8 [test] | - `test/materialAppearance.test.js` (dosya düzeyi) :27 [test] | - `test/profileIntrinsicProperties.test.js` (dosya düzeyi) :13 [test] | - `test/profileIntrinsicProperties.test.js` `for` :19 [test] | - `test/separatorPanelsItemContract.test.js` (dosya düzeyi) :12 [test] | - `test/separatorPanelsItemContract.test.js` `for` :68 [test] | - `test/shelfItemsItemContract.test.js` (dosya düzeyi) :25 [test] | - `test/shelfItemsItemContract.test.js` `for` :62 [test] | - `test/showcaseBodyBoardsItemContract.test.js` (dosya düzeyi) :22 [test] | - `test/showcaseBodyBoardsItemContract.test.js` `for` :34 [test] | - `test/uprightIntrinsicProperties.test.js` (dosya düzeyi) :8 [test] | - `test/uprightIntrinsicProperties.test.js` `for` :13 [test] | - `test/wallShowcaseItemContract.test.js` `for` :80 [test] | - `e2e/plastic-trash-bin-module.spec.mjs` `if` :131 [test],- `src/items.js` `LEAF_ITEMS` :3 [define] | - `src/scene3d.js` `disposeGroundObject` :528 [write] | - `src/scene3d.js` `for` :594 [write] | - `src/scene3d.js` `setFloorType` :615 [write] | - `src/scene3d.js` `if` :633 [write] | - `src/scene3d.js` `setFloorColor` :672 [write] | - `src/scene3d.js` `retainWallTexturesForRebuild` :885 [write] | - `src/scene3d.js` `disposeObject` :1361 [write] | - `src/scene3d.js` `createFallbackPlacementGhost` :1969 [write] | - `src/scene3d.js` `applyColor` :3116 [write] | - `src/scene3d.js` `clearFabricOverlays` :3129 [write] | - `src/scene3d.js` `suspendFabricSurface` :3146 [write] | - `src/scene3d.js` `restoreFabricSurface` :3158 [write] | - `src/scene3d.js` `applyFabricOverlayLighting` :3296 [write] | - `src/scene3d.js` `if` :5161 [write-or-literal] | - `src/scene3d.js` `createBarStoolModule` :5726 [write] | - `src/scene3d.js` `createEamesChairModule` :5799 [write] | - `src/scene3d.js` `makeBeigeSofaBodyWhite` :6055 [write] | - `src/viewCube.js` `createViewCube` :58 [write] | - `src/viewCube.js` `dispose` :305 [write]
static.modelFile,GLB dosya adı,GLB dosya adı. GLB yolu. Katalog resolve ve indoor-plant ayırımı.,kanonik-kayit,string,yok / birimsiz,GLB yolu. Katalog resolve ve indoor-plant ayırımı.,kanonik Item kaydı · src/items.js · LEAF_ITEMS / COMPOSITE_ITEMS / … + getItem,src/items.js,Item default: yalnız `src/items.js` dondurulmuş kayıt. Type default yok. Factory bu alanı kopyalamaz (eşdeğer `state.*` ayrı sütun).,"Kaynak yalnız `src/items.js` dondurulmuş kayıt. Override yok. (Zemin persist `stand.itemKey` kimliği seçer, kaydı değiştirmez.)",true,9,9,hayır,yok,Kod kaydı. Project DB'ye yazılmaz.,ITEM_READONLY,Kanonik `src/items.js` kaydı. Runtime kullanıcı bu alanları item tanımı olarak değiştirmez; kopyalar factory/catalog/BOM tarafında okunur.,hayır (salt okunur kimlik/kayıt),hayır — kod kaydı,validation yok (genel proje şeması yok).,true,GLB yükleme yolu.,yok veya dolaylı değil.,yok.,- `src/items.js` `getFurnitureClusterQuantity` :377 [read] | - `src/items.js` `INDOOR_PLANT_ITEMS` :385 [read] | - `src/designState.js` `if` :135 [read] | - `src/designState.js` `resolveIndoorPlantItemKey` :519 [read] | - `src/designState.js` `modelFile` :521 [read] | - `src/designState.js` `createIndoorPlantModuleState` :541 [read] | - `src/catalog.js` `if` :519 [read] | - `src/scene3d.js` `loadMiniFridgeModel` :124 [read] | - `src/scene3d.js` `loadCoatRackModel` :128 [read] | - `src/scene3d.js` `loadKettleModel` :132 [read] | - `src/scene3d.js` `loadIndoorPlantModel` :135 [read] | - `src/scene3d.js` `if` :5219 [read] | - `src/moduleDragSidebar.js` `if` :224 [read] | - `test/catalogSingleSource.test.js` (dosya düzeyi) :29 [test] | - `test/coatRackModule.test.js` (dosya düzeyi) :12 [test] | - `test/commercialItemsContract.test.js` (dosya düzeyi) :16 [test] | - `test/furnitureItemsContract.test.js` (dosya düzeyi) :156 [test] | - `test/indoorPlantItemsContract.test.js` (dosya düzeyi) :26 [test] | - `test/moduleStateConstructionRegistry.test.js` `for` :60 [test] | - `test/plasticTrashBinModule.test.js` `overlaps` :50 [test] | - `test/plasticTrashBinModule.test.js` (dosya düzeyi) :138 [test] | - `test/wallSeparatorItemsContract.test.js` (dosya düzeyi) :25 [test] | - `test/wallSeparatorItemsContract.test.js` `if` :101 [test] | - `test/wallSeparatorItemsContract.test.js` `for` :141 [test] | - `e2e/indoor-plant-items-contract.spec.mjs` `saveAndReadProject` :41 [test] | - `e2e/plastic-trash-bin-module.spec.mjs` `if` :119 [test] | - `e2e/wall-separator-items-contract.spec.mjs` `for` :51 [test],- `src/items.js` `COMMERCIAL_ITEMS` :123 [write-or-literal] | - `src/items.js` `INDOOR_PLANT_ITEMS` :395 [write-or-literal] | - `src/items.js` (dosya düzeyi) :829 [write-or-literal] | - `src/designState.js` `resolveSeparatorItemKey` :127 [write-or-literal] | - `src/designState.js` `resolveSeparatorItemKey` :134 [write] | - `src/designState.js` `createSeparatorModuleState` :159 [write-or-literal] | - `src/designState.js` `createCommercialModuleState` :458 [write] | - `src/designState.js` `resolveIndoorPlantItemKey` :520 [write] | - `src/designState.js` `createIndoorPlantModuleState` :552 [write] | - `src/catalog.js` `createSeparatorCatalogItem` :118 [write] | - `src/catalog.js` `createIndoorPlantCatalogItem` :244 [write] | - `src/catalog.js` `normalizeCatalogDescriptor` :491 [write-or-literal] | - `src/scene3d.js` `createIndoorPlantModule` :5065 [write] | - `src/scene3d.js` `if` :5125 [write] | - `src/scene3d.js` `if` :5216 [write-or-literal] | - `src/autoDepot.js` `if` :121 [write-or-literal]
static.modelRotationYDeg,static.modelRotationYDeg,static.modelRotationYDeg. Audit özelliği. Aşağıdaki kanıt satırlarına bak.,kanonik-kayit,number (derece),derece,Audit özelliği. Aşağıdaki kanıt satırlarına bak.,kanonik Item kaydı · src/items.js · LEAF_ITEMS / COMPOSITE_ITEMS / … + getItem,src/items.js,Item default: yalnız `src/items.js` dondurulmuş kayıt. Type default yok. Factory bu alanı kopyalamaz (eşdeğer `state.*` ayrı sütun).,"Kaynak yalnız `src/items.js` dondurulmuş kayıt. Override yok. (Zemin persist `stand.itemKey` kimliği seçer, kaydı değiştirmez.)",true,5,5,hayır,yok,Kod kaydı. Project DB'ye yazılmaz.,ITEM_READONLY,Kanonik `src/items.js` kaydı. Runtime kullanıcı bu alanları item tanımı olarak değiştirmez; kopyalar factory/catalog/BOM tarafında okunur.,hayır (salt okunur kimlik/kayıt),hayır — kod kaydı,validation yok (genel proje şeması yok).,true,doğrudan yok veya dolaylı (kanıt bölümü).,yok veya dolaylı değil.,yok.,- `test/commercialItemsContract.test.js` (dosya düzeyi) :64 [test] | - `test/indoorPlantItemsContract.test.js` (dosya düzeyi) :28 [test] | - `test/indoorPlants.test.js` (dosya düzeyi) :16 [test],- `src/items.js` `COMMERCIAL_ITEMS` :139 [write-or-literal] | - `src/items.js` `INDOOR_PLANT_ITEMS` :387 [write-or-literal] | - `src/designState.js` `createCommercialModuleState` :459 [write] | - `src/designState.js` `createIndoorPlantModuleState` :562 [write-or-literal] | - `src/catalog.js` `createIndoorPlantCatalogItem` :241 [write-or-literal] | - `src/scene3d.js` `if` :5191 [write]
static.nominalModuleWidthCm,static.nominalModuleWidthCm,static.nominalModuleWidthCm. Audit özelliği. Aşağıdaki kanıt satırlarına bak.,kanonik-kayit,number,cm,Audit özelliği. Aşağıdaki kanıt satırlarına bak.,kanonik Item kaydı · src/items.js · LEAF_ITEMS / COMPOSITE_ITEMS / … + getItem,src/items.js,Item default: yalnız `src/items.js` dondurulmuş kayıt. Type default yok. Factory bu alanı kopyalamaz (eşdeğer `state.*` ayrı sütun).,"Kaynak yalnız `src/items.js` dondurulmuş kayıt. Override yok. (Zemin persist `stand.itemKey` kimliği seçer, kaydı değiştirmez.)",false,0,23,hayır,yok,Kod kaydı. Project DB'ye yazılmaz.,ITEM_READONLY,Kanonik `src/items.js` kaydı. Runtime kullanıcı bu alanları item tanımı olarak değiştirmez; kopyalar factory/catalog/BOM tarafında okunur.,hayır (salt okunur kimlik/kayıt),hayır — kod kaydı,validation yok (genel proje şeması yok).,true,doğrudan yok veya dolaylı (kanıt bölümü).,yok veya dolaylı değil.,yok.,- `src/items.js` `getShelfLeafItem` :54 [read] | - `src/items.js` `getDoorLeafItem` :66 [read] | - `src/moduleRecipes.js` `if` :250 [read] | - `test/baseTopsItemContract.test.js` (dosya düzeyi) :15 [test] | - `test/baseTopsItemContract.test.js` `for` :50 [test] | - `test/cornerPanelsItemContract.test.js` (dosya düzeyi) :17 [test] | - `test/counterTopsItemContract.test.js` (dosya düzeyi) :8 [test] | - `test/doorLeafItemContract.test.js` (dosya düzeyi) :20 [test] | - `test/panel197ItemContract.test.js` (dosya düzeyi) :27 [test] | - `test/panelCorner192ItemContract.test.js` (dosya düzeyi) :29 [test] | - `test/separatorPanelsItemContract.test.js` (dosya düzeyi) :14 [test] | - `test/shelfItemsItemContract.test.js` (dosya düzeyi) :27 [test] | - `test/straightPanelsItemContract.test.js` (dosya düzeyi) :9 [test],- `src/items.js` `LEAF_ITEMS` :12 [define] | - `src/items.js` `getShelfLeafItem` :55 [write] | - `src/items.js` `getDoorLeafItem` :67 [write]
static.paintable,Zemin boyanabilir mi,Zemin boyanabilir mi. Zemin boya UI: `applyActiveColorToSelection` parke için false ise boyamaz.,kanonik-kayit,boolean,yok / birimsiz,Zemin boya UI: `applyActiveColorToSelection` parke için false ise boyamaz.,kanonik Item kaydı · src/items.js · LEAF_ITEMS / COMPOSITE_ITEMS / … + getItem,src/items.js,Item default: yalnız `FLOOR_ITEMS`. `karolaj`/`hali` true; parke false. Global default yok.,"Kaynak yalnız `src/items.js` dondurulmuş kayıt. Override yok. (Zemin persist `stand.itemKey` kimliği seçer, kaydı değiştirmez.)",true,5,5,hayır,yok (bayrak kodda). Boya UI bayrağı okur.,Kod kaydı. Project DB'ye yazılmaz.,ITEM_READONLY,Kanonik `src/items.js` kaydı. Runtime kullanıcı bu alanları item tanımı olarak değiştirmez; kopyalar factory/catalog/BOM tarafında okunur.,hayır (salt okunur kimlik/kayıt),hayır — kod kaydı,validation yok (genel proje şeması yok).,true,Zemin material boyası / parke texture yolu `scene3d.setFloorType`.,yok veya dolaylı değil.,yok.,- `src/items.js` `getFloorSelectLabel` :341 [read] | - `src/items.js` `isGridTileFloorItem` :351 [read] | - `src/items.js` `isCarpetFloorItem` :359 [read] | - `src/scene3d.js` (dosya düzeyi) :14 [read] | - `src/scene3d.js` `createFloorPattern` :562 [read] | - `src/scene3d.js` `setFloorType` :616 [read] | - `src/scene3d.js` `setFloorColor` :665 [read] | - `src/main.js` `if` :1238 [read] | - `src/selectionFeedback.js` `describeFloorSelection` :176 [read] | - `test/floorItemsContract.test.js` (dosya düzeyi) :9 [test] | - `test/floorItemsContract.test.js` `for` :42 [test] | - `test/selectionFeedback.test.js` `surface` :81 [test],- `src/items.js` `FLOOR_ITEMS` :294 [write-or-literal] | - `src/scene3d.js` `fine` :519 [write] | - `src/scene3d.js` `notifyFloorSelection` :1045 [write-or-literal] | - `src/selectionFeedback.js` `describeFloorSelection` :173 [write]
static.panelRole,Panel düz / iç köşe rolü,Panel düz / iç köşe rolü. Düz vs iç köşe paneli. Recipe variant `innerCornerPanelItemKey` bu role'e bağlanır.,kanonik-kayit,string,yok / birimsiz,Düz vs iç köşe paneli. Recipe variant `innerCornerPanelItemKey` bu role'e bağlanır.,kanonik Item kaydı · src/items.js · LEAF_ITEMS / COMPOSITE_ITEMS / … + getItem,src/items.js,Item default: yalnız `src/items.js` dondurulmuş kayıt. Type default yok. Factory bu alanı kopyalamaz (eşdeğer `state.*` ayrı sütun).,"Kaynak yalnız `src/items.js` dondurulmuş kayıt. Override yok. (Zemin persist `stand.itemKey` kimliği seçer, kaydı değiştirmez.)",false,0,8,hayır,yok,Kod kaydı. Project DB'ye yazılmaz.,ITEM_READONLY,Kanonik `src/items.js` kaydı. Runtime kullanıcı bu alanları item tanımı olarak değiştirmez; kopyalar factory/catalog/BOM tarafında okunur.,hayır (salt okunur kimlik/kayıt),hayır — kod kaydı,validation yok (genel proje şeması yok).,true,doğrudan yok veya dolaylı (kanıt bölümü).,yok veya dolaylı değil.,yok.,- `src/moduleRecipes.js` `resolveRecipeItemsForPanelVariant` :235 [read] | - `src/moduleRecipes.js` `if` :242 [read] | - `test/cornerPanelsItemContract.test.js` (dosya düzeyi) :57 [test] | - `test/cornerPanelsItemContract.test.js` `for` :91 [test] | - `test/doorCompositeItemContract.test.js` (dosya düzeyi) :70 [test] | - `test/panel197ItemContract.test.js` (dosya düzeyi) :26 [test] | - `test/panel197ItemContract.test.js` `for` :56 [test] | - `test/panelCorner192ItemContract.test.js` (dosya düzeyi) :28 [test] | - `test/panelCorner192ItemContract.test.js` `for` :47 [test] | - `test/showcaseRecipes.test.js` (dosya düzeyi) :44 [test] | - `test/straightPanelsItemContract.test.js` (dosya düzeyi) :64 [test] | - `test/straightPanelsItemContract.test.js` `for` :101 [test] | - `test/wallShowcaseItemContract.test.js` `for` :58 [test],- `src/items.js` `LEAF_ITEMS` :12 [define] | - `src/moduleRecipes.js` `if` :243 [write-or-literal]
static.preserveModelScale,static.preserveModelScale,static.preserveModelScale. Audit özelliği. Aşağıdaki kanıt satırlarına bak.,kanonik-kayit,boolean,yok / birimsiz,Audit özelliği. Aşağıdaki kanıt satırlarına bak.,kanonik Item kaydı · src/items.js · LEAF_ITEMS / COMPOSITE_ITEMS / … + getItem,src/items.js,Item default: yalnız `src/items.js` dondurulmuş kayıt. Type default yok. Factory bu alanı kopyalamaz (eşdeğer `state.*` ayrı sütun).,"Kaynak yalnız `src/items.js` dondurulmuş kayıt. Override yok. (Zemin persist `stand.itemKey` kimliği seçer, kaydı değiştirmez.)",true,5,5,hayır,yok,Kod kaydı. Project DB'ye yazılmaz.,ITEM_READONLY,Kanonik `src/items.js` kaydı. Runtime kullanıcı bu alanları item tanımı olarak değiştirmez; kopyalar factory/catalog/BOM tarafında okunur.,hayır (salt okunur kimlik/kayıt),hayır — kod kaydı,validation yok (genel proje şeması yok).,true,doğrudan yok veya dolaylı (kanıt bölümü).,yok veya dolaylı değil.,yok.,- `src/designState.js` `createCommercialModuleState` :457 [read] | - `src/scene3d.js` `if` :5197 [read] | - `test/commercialItemsContract.test.js` (dosya düzeyi) :66 [test] | - `test/indoorPlantItemsContract.test.js` (dosya düzeyi) :29 [test] | - `test/indoorPlants.test.js` (dosya düzeyi) :17 [test] | - `test/plasticTrashBinModule.test.js` `overlaps` :51 [test],- `src/items.js` `COMMERCIAL_ITEMS` :138 [write-or-literal] | - `src/items.js` `INDOOR_PLANT_ITEMS` :388 [write-or-literal] | - `src/designState.js` `createCommercialModuleState` :461 [write] | - `src/designState.js` `createIndoorPlantModuleState` :563 [write-or-literal] | - `src/catalog.js` `createIndoorPlantCatalogItem` :242 [write-or-literal] | - `src/autoDepot.js` `if` :122 [write-or-literal]
static.shape,Banko L şekli (item kaydı),Banko L şekli (item kaydı). Item kaydında yalnız L banko. Factory `shape: 'straight'|'L'`. `getModuleBehavior` L için defaultRotation 270.,kanonik-kayit,string,yok / birimsiz,Item kaydında yalnız L banko. Factory `shape: 'straight'|'L'`. `getModuleBehavior` L için defaultRotation 270.,kanonik Item kaydı · src/items.js · LEAF_ITEMS / COMPOSITE_ITEMS / … + getItem,src/items.js,Item default: yalnız `src/items.js` dondurulmuş kayıt. Type default yok. Factory bu alanı kopyalamaz (eşdeğer `state.*` ayrı sütun).,"Kaynak yalnız `src/items.js` dondurulmuş kayıt. Override yok. (Zemin persist `stand.itemKey` kimliği seçer, kaydı değiştirmez.)",true,3,3,hayır,yok,Kod kaydı. Project DB'ye yazılmaz.,ITEM_READONLY,Kanonik `src/items.js` kaydı. Runtime kullanıcı bu alanları item tanımı olarak değiştirmez; kopyalar factory/catalog/BOM tarafında okunur.,hayır (salt okunur kimlik/kayıt),hayır — kod kaydı,validation yok (genel proje şeması yok).,true,doğrudan yok veya dolaylı (kanıt bölümü).,"Etkiler: snap, collision, side insert, short-up joint, L rotasyon, overlay mount. Ayrıntı `src/modulePlacement.js` + `getModuleBehavior`.",yok.,- `src/designState.js` `resolveCounterItemKey` :278 [read] | - `src/designState.js` `createCounterModuleState` :292 [read] | - `src/designState.js` `if` :302 [read] | - `src/catalog.js` `createCounterCatalogItem` :53 [read] | - `src/moduleBehavior.js` `if` :230 [read] | - `src/moduleRecipes.js` `getModuleRecipe` :197 [read] | - `src/scene3d.js` `createCounterModule` :6602 [read] | - `src/modulePlacement.js` `isLCounterModule` :241 [read] | - `test/counterTopsItemContract.test.js` (dosya düzeyi) :17 [test] | - `test/counterTopsItemContract.test.js` `for` :56 [test] | - `test/deskBankoItemsContract.test.js` (dosya düzeyi) :47 [test] | - `test/deskBankoItemsContract.test.js` `if` :111 [test] | - `test/lCounter100Contract.test.js` (dosya düzeyi) :11 [test] | - `test/lCounter150Contract.test.js` (dosya düzeyi) :12 [test] | - `test/lCounter200Contract.test.js` (dosya düzeyi) :12 [test] | - `test/lCounterDefaultOrientation.test.js` (dosya düzeyi) :8 [test] | - `test/lCounterPlacement.test.js` (dosya düzeyi) :10 [test] | - `test/moduleRecipes.test.js` (dosya düzeyi) :87 [test] | - `test/moduleRotationPolicy.test.js` (dosya düzeyi) :12 [test] | - `test/panel197ItemContract.test.js` (dosya düzeyi) :11 [test] | - `test/profile190ItemContract.test.js` (dosya düzeyi) :17 [test] | - `test/profile190ItemContract.test.js` `for` :55 [test] | - `test/profilesItemContract.test.js` (dosya düzeyi) :18 [test] | - `test/rawBomSelectionParser.test.js` `for` :34 [test] | - `test/straightPanelsItemContract.test.js` (dosya düzeyi) :12 [test] | - `test/upright3465ItemContract.test.js` `listAllVerifiedRecipes` :27 [test] | - `test/upright99And495ItemContract.test.js` (dosya düzeyi) :16 [test],- `src/items.js` (dosya düzeyi) :581 [write-or-literal] | - `src/items.js` (dosya düzeyi) :587 [define] | - `src/designState.js` `resolveCounterItemKey` :279 [write-or-literal] | - `src/moduleRecipes.js` (dosya düzeyi) :142 [write-or-literal] | - `src/rawBomDebug.js` `parseLCounterSelection` :22 [write-or-literal]
static.shelfCount,Raf adedi (item kaydı),Raf adedi (item kaydı). Audit özelliği. Aşağıdaki kanıt satırlarına bak.,kanonik-kayit,number,adet,Audit özelliği. Aşağıdaki kanıt satırlarına bak.,kanonik Item kaydı · src/items.js · LEAF_ITEMS / COMPOSITE_ITEMS / … + getItem,src/items.js,Item default: yalnız `src/items.js` dondurulmuş kayıt. Type default yok. Factory bu alanı kopyalamaz (eşdeğer `state.*` ayrı sütun).,"Kaynak yalnız `src/items.js` dondurulmuş kayıt. Override yok. (Zemin persist `stand.itemKey` kimliği seçer, kaydı değiştirmez.)",true,6,6,hayır,yok,Kod kaydı. Project DB'ye yazılmaz.,ITEM_READONLY,Kanonik `src/items.js` kaydı. Runtime kullanıcı bu alanları item tanımı olarak değiştirmez; kopyalar factory/catalog/BOM tarafında okunur.,hayır (salt okunur kimlik/kayıt),hayır — kod kaydı,validation yok (genel proje şeması yok).,true,doğrudan yok veya dolaylı (kanıt bölümü).,yok veya dolaylı değil.,yok.,- `src/items.js` (dosya düzeyi) :850 [read] | - `src/catalog.js` `if` :518 [read] | - `src/moduleRecipes.js` `getModuleRecipe` :196 [read] | - `src/scene3d.js` `if` :1894 [read] | - `src/scene3d.js` `createShelfModule` :6866 [read] | - `src/moduleDragSidebar.js` `if` :132 [read] | - `src/rawBomDebug.js` `if` :117 [read] | - `src/selectionFeedback.js` `if` :69 [read] | - `test/cornerPanelsItemContract.test.js` (dosya düzeyi) :34 [test] | - `test/moduleRecipes.test.js` (dosya düzeyi) :77 [test] | - `test/panel197ItemContract.test.js` (dosya düzeyi) :9 [test] | - `test/panelCorner192ItemContract.test.js` (dosya düzeyi) :14 [test] | - `test/profile190ItemContract.test.js` (dosya düzeyi) :15 [test] | - `test/profilesItemContract.test.js` (dosya düzeyi) :38 [test] | - `test/shelfItemsItemContract.test.js` `for` :39 [test] | - `test/shelfLegItemContract.test.js` (dosya düzeyi) :7 [test] | - `test/shelfLegItemContract.test.js` `for` :22 [test] | - `test/shelfModule.test.js` (dosya düzeyi) :14 [test] | - `test/straightPanelsItemContract.test.js` (dosya düzeyi) :31 [test] | - `test/straightPanelsItemContract.test.js` `for` :91 [test] | - `test/systemDevelopmentContract.test.js` `for` :70 [test] | - `test/upright3465ItemContract.test.js` `listAllVerifiedRecipes` :17 [test] | - `test/wallShelfItemsContract.test.js` (dosya düzeyi) :27 [test] | - `e2e/shelf-board-appearance.spec.mjs` `saveAndReadProject` :77 [test] | - `e2e/wall-shelf-items-contract.spec.mjs` `for` :51 [test],- `src/items.js` (dosya düzeyi) :855 [write-or-literal] | - `src/items.js` (dosya düzeyi) :861 [define] | - `src/designState.js` `resolveShelfItemKey` :198 [write] | - `src/designState.js` `resolveShelfItemKey` :205 [write-or-literal] | - `src/designState.js` `createShelfModuleState` :221 [write] | - `src/designState.js` `createShelfModuleState` :233 [write-or-literal] | - `src/catalog.js` `createShelfCatalogItem` :128 [write-or-literal] | - `src/catalog.js` `normalizeCatalogDescriptor` :490 [write-or-literal] | - `src/moduleRecipes.js` (dosya düzeyi) :34 [write-or-literal] | - `src/scene3d.js` `pickModuleContext` :1811 [write-or-literal] | - `src/scene3d.js` `if` :2090 [write] | - `src/rawBomDebug.js` `if` :116 [write] | - `src/selectionFeedback.js` `if` :68 [write]
static.sizeInch,Ekran inç,Ekran inç. Audit özelliği. Aşağıdaki kanıt satırlarına bak.,kanonik-kayit,number,inç,Audit özelliği. Aşağıdaki kanıt satırlarına bak.,kanonik Item kaydı · src/items.js · LEAF_ITEMS / COMPOSITE_ITEMS / … + getItem,src/items.js,Item default: yalnız `src/items.js` dondurulmuş kayıt. Type default yok. Factory bu alanı kopyalamaz (eşdeğer `state.*` ayrı sütun).,"Kaynak yalnız `src/items.js` dondurulmuş kayıt. Override yok. (Zemin persist `stand.itemKey` kimliği seçer, kaydı değiştirmez.)",true,5,5,hayır,yok,Kod kaydı. Project DB'ye yazılmaz.,ITEM_READONLY,Kanonik `src/items.js` kaydı. Runtime kullanıcı bu alanları item tanımı olarak değiştirmez; kopyalar factory/catalog/BOM tarafında okunur.,hayır (salt okunur kimlik/kayıt),hayır — kod kaydı,validation yok (genel proje şeması yok).,true,doğrudan yok veya dolaylı (kanıt bölümü).,yok veya dolaylı değil.,yok.,- `src/designState.js` `resolveWallMediaItemKey` :592 [read] | - `src/catalog.js` `if` :520 [read] | - `src/scene3d.js` `if` :1895 [read] | - `src/selectionFeedback.js` `if` :138 [read] | - `test/tv42Module.test.js` `for` :30 [test] | - `test/wallMediaItemsContract.test.js` (dosya düzeyi) :19 [test] | - `e2e/wall-media-items-contract.spec.mjs` `saveAndReadProject` :43 [test],- `src/items.js` `WALL_MEDIA_ITEMS` :424 [write-or-literal] | - `src/items.js` `resolveWallMediaMetrics` :460 [write-or-literal] | - `src/designState.js` `createIlluminatedFoamModuleState` :590 [define] | - `src/designState.js` `createTvModuleState` :598 [write] | - `src/designState.js` `createTvModuleState` :609 [write-or-literal] | - `src/designState.js` `createLedFloodlightModuleState` :657 [write] | - `src/catalog.js` `createWallMediaCatalogItem` :183 [write-or-literal] | - `src/catalog.js` `normalizeCatalogDescriptor` :492 [write-or-literal] | - `src/scene3d.js` `pickModuleContext` :1812 [write-or-literal] | - `src/scene3d.js` `if` :2090 [write] | - `src/selectionFeedback.js` `if` :135 [write]
static.stripOccupancy.align,Kanonik stripOccupancy.align,Kanonik stripOccupancy.align. Audit özelliği. Aşağıdaki kanıt satırlarına bak.,kanonik-kayit,string,yok / birimsiz,Audit özelliği. Aşağıdaki kanıt satırlarına bak.,kanonik Item kaydı · src/items.js · LEAF_ITEMS / COMPOSITE_ITEMS / … + getItem,src/items.js,Item default: yalnız `src/items.js` dondurulmuş kayıt. Type default yok. Factory bu alanı kopyalamaz (eşdeğer `state.*` ayrı sütun).,"Kaynak yalnız `src/items.js` dondurulmuş kayıt. Override yok. (Zemin persist `stand.itemKey` kimliği seçer, kaydı değiştirmez.)",true,8,8,hayır,yok,Kod kaydı. Project DB'ye yazılmaz.,ITEM_READONLY,Kanonik `src/items.js` kaydı. Runtime kullanıcı bu alanları item tanımı olarak değiştirmez; kopyalar factory/catalog/BOM tarafında okunur.,hayır (salt okunur kimlik/kayıt),hayır — kod kaydı,validation yok (genel proje şeması yok).,true,doğrudan yok veya dolaylı (kanıt bölümü).,"Etkiler: snap, collision, side insert, short-up joint, L rotasyon, overlay mount. Ayrıntı `src/modulePlacement.js` + `getModuleBehavior`.",yok.,- `src/designState.js` (dosya düzeyi) :2 [read] | - `src/moduleBehavior.js` (dosya düzeyi) :3 [read] | - `src/scene3d.js` (dosya düzeyi) :19 [read] | - `src/moduleDragSidebar.js` (dosya düzeyi) :2 [read] | - `src/stripOccupancy.js` `resolveModuleStripOccupancy` :25 [read] | - `src/systemChangeContract.js` `SOURCE_FILE_REQUIRED_DOMAINS` :137 [read] | - `test/stripOccupancy.test.js` (dosya düzeyi) :11 [test] | - `test/wallFlatPanelItemsContract.test.js` (dosya düzeyi) :153 [test],- `src/items.js` (dosya düzeyi) :667 [define] | - `src/designState.js` `createFlatPanelModuleState` :99 [write] | - `src/designState.js` `createFlatPanelModuleState` :107 [write-or-literal] | - `src/designState.js` `if` :738 [write] | - `src/catalog.js` `createFlatPanelCatalogItem` :66 [write] | - `src/scene3d.js` `resolveOccupiedStripLayout` :6973 [write-or-literal] | - `src/moduleDragSidebar.js` `if` :354 [write] | - `src/stripOccupancy.js` `resolveModuleStripOccupancy` :23 [write]
static.stripOccupancy.stripCount,Kanonik stripOccupancy.stripCount,Kanonik stripOccupancy.stripCount. Audit özelliği. Aşağıdaki kanıt satırlarına bak.,kanonik-kayit,string,yok / birimsiz,Audit özelliği. Aşağıdaki kanıt satırlarına bak.,kanonik Item kaydı · src/items.js · LEAF_ITEMS / COMPOSITE_ITEMS / … + getItem,src/items.js,Item default: yalnız `src/items.js` dondurulmuş kayıt. Type default yok. Factory bu alanı kopyalamaz (eşdeğer `state.*` ayrı sütun).,"Kaynak yalnız `src/items.js` dondurulmuş kayıt. Override yok. (Zemin persist `stand.itemKey` kimliği seçer, kaydı değiştirmez.)",true,8,8,hayır,yok,Kod kaydı. Project DB'ye yazılmaz.,ITEM_READONLY,Kanonik `src/items.js` kaydı. Runtime kullanıcı bu alanları item tanımı olarak değiştirmez; kopyalar factory/catalog/BOM tarafında okunur.,hayır (salt okunur kimlik/kayıt),hayır — kod kaydı,validation yok (genel proje şeması yok).,true,doğrudan yok veya dolaylı (kanıt bölümü).,yok veya dolaylı değil.,yok.,- `src/designState.js` (dosya düzeyi) :2 [read] | - `src/moduleBehavior.js` (dosya düzeyi) :3 [read] | - `src/scene3d.js` (dosya düzeyi) :19 [read] | - `src/scene3d.js` `if` :1899 [read] | - `src/scene3d.js` `resolveOccupiedStripLayout` :6966 [read] | - `src/scene3d.js` `createFlatPanelModule` :6984 [read] | - `src/scene3d.js` `createShowcaseModule` :7440 [read] | - `src/scene3d.js` `for` :7485 [read] | - `src/moduleDragSidebar.js` (dosya düzeyi) :2 [read] | - `src/standStandardsCopy.js` `getStandStandardsFacts` :28 [read] | - `src/standStandardsCopy.js` `getHelpStandardsTableHtml` :73 [read] | - `src/stripOccupancy.js` `normalizeStripOccupancy` :18 [read] | - `src/stripOccupancy.js` `resolveModuleStripOccupancy` :25 [read] | - `src/systemChangeContract.js` `SOURCE_FILE_REQUIRED_DOMAINS` :137 [read] | - `test/globalSilhouetteGhost.test.js` (dosya düzeyi) :60 [test] | - `test/horizontalPanelRails.test.js` (dosya düzeyi) :8 [test] | - `test/profileFieldPlacement.test.js` (dosya düzeyi) :157 [test] | - `test/stripOccupancy.test.js` (dosya düzeyi) :11 [test] | - `test/visibleUiContract.test.js` (dosya düzeyi) :14 [test] | - `test/wallFlatPanelItemsContract.test.js` (dosya düzeyi) :153 [test],- `src/items.js` (dosya düzeyi) :667 [define] | - `src/designState.js` `createFlatPanelModuleState` :99 [write] | - `src/designState.js` `createFlatPanelModuleState` :107 [write-or-literal] | - `src/designState.js` `if` :738 [write] | - `src/catalog.js` `STAND_DIMENSIONS` :7 [write-or-literal] | - `src/catalog.js` `createFlatPanelCatalogItem` :66 [write] | - `src/scene3d.js` `resolveOccupiedStripLayout` :6968 [write] | - `src/scene3d.js` `resolveOccupiedStripLayout` :6973 [write-or-literal] | - `src/scene3d.js` `createFlatPanelModule` :6990 [write] | - `src/scene3d.js` `for` :7495 [write] | - `src/moduleDragSidebar.js` `if` :354 [write] | - `src/standStandardsCopy.js` `getStandStandardsFacts` :17 [write] | - `src/standStandardsCopy.js` `getStandStandardsListItems` :45 [write-or-literal] | - `src/stripOccupancy.js` `getStandStripMetrics` :6 [write-or-literal] | - `src/stripOccupancy.js` `normalizeStripOccupancy` :15 [write] | - `src/stripOccupancy.js` `resolveModuleStripOccupancy` :23 [write] | - `src/stripOccupancy.js` `getOccupiedStripLayout` :29 [write] | - `src/stripOccupancy.js` `getOccupiedStripLayout` :41 [write-or-literal] | - `src/stripOccupancy.js` `if` :56 [write]
static.unit,BOM birimi,BOM birimi. Leaf BOM satır birimi. Yoksa `resolveItemBom` TypeError.,kanonik-kayit,string,BOM unit etiketi (kodda `adet`),Leaf BOM satır birimi. Yoksa `resolveItemBom` TypeError.,kanonik Item kaydı · src/items.js · LEAF_ITEMS / COMPOSITE_ITEMS / … + getItem,src/items.js,Item default: tanımlı kayıtlarda `adet`. Yoksa `resolveItemBom` TypeError. Furniture/floor/foam unit yok.,"Kaynak yalnız `src/items.js` dondurulmuş kayıt. Override yok. (Zemin persist `stand.itemKey` kimliği seçer, kaydı değiştirmez.)",true,12,46,hayır,yok,Kod kaydı. Project DB'ye yazılmaz.,ITEM_READONLY,Kanonik `src/items.js` kaydı. Runtime kullanıcı bu alanları item tanımı olarak değiştirmez; kopyalar factory/catalog/BOM tarafında okunur.,hayır (salt okunur kimlik/kayıt),hayır — kod kaydı,`resolveItemBom` unit yoksa TypeError (`Missing canonical unit`).,false,doğrudan yok veya dolaylı (kanıt bölümü).,yok veya dolaylı değil.,Etkiler: `resolveItemBom` / recipe items / inner-corner variant. Miktar uydurulmaz; recipe satırı kanoniktir.,- `test/baseTopsItemContract.test.js` (dosya düzeyi) :37 [test] | - `test/coatRackModule.test.js` (dosya düzeyi) :14 [test] | - `test/commercialItemsContract.test.js` (dosya düzeyi) :32 [test] | - `test/connectorBom.test.js` (dosya düzeyi) :22 [test] | - `test/cornerPanelsItemContract.test.js` (dosya düzeyi) :64 [test] | - `test/counterTopsItemContract.test.js` (dosya düzeyi) :31 [test] | - `test/doorCompositeItemContract.test.js` (dosya düzeyi) :38 [test] | - `test/doorLeafItemContract.test.js` (dosya düzeyi) :16 [test] | - `test/glassShelfItemContract.test.js` (dosya düzeyi) :21 [test] | - `test/moduleRecipes.test.js` (dosya düzeyi) :30 [test] | - `test/panel197ItemContract.test.js` (dosya düzeyi) :24 [test] | - `test/panelCorner192ItemContract.test.js` (dosya düzeyi) :26 [test] | - `test/profile190ItemContract.test.js` (dosya düzeyi) :30 [test] | - `test/profilesItemContract.test.js` (dosya düzeyi) :73 [test] | - `test/separatorPanelsItemContract.test.js` (dosya düzeyi) :37 [test] | - `test/shelfItemsItemContract.test.js` (dosya düzeyi) :23 [test] | - `test/shelfLegItemContract.test.js` (dosya düzeyi) :17 [test] | - `test/showcaseBodyBoardsItemContract.test.js` `for` :28 [test] | - `test/straightPanelsItemContract.test.js` (dosya düzeyi) :62 [test] | - `test/upright3465ItemContract.test.js` `listAllVerifiedRecipes` :49 [test] | - `test/upright3465ItemContract.test.js` `for` :74 [test] | - `test/upright99And495ItemContract.test.js` (dosya düzeyi) :43 [test] | - `test/wallShowcaseItemContract.test.js` `for` :22 [test],- `src/items.js` `LEAF_ITEMS` :3 [define] | - `src/items.js` `if` :114 [define] | - `src/items.js` `COMMERCIAL_ITEMS` :121 [write-or-literal] | - `src/items.js` `COMPOSITE_ITEMS` :498 [write-or-literal] | - `src/items.js` (dosya düzeyi) :933 [write-or-literal] | - `src/itemBom.js` `if` :39 [write-or-literal]
static.variant,Short-up varyant kimliği,Short-up varyant kimliği. `isShortUpFamilyDescriptor`; short-up joint snap hedefi.,kanonik-kayit,string,yok / birimsiz,`isShortUpFamilyDescriptor`; short-up joint snap hedefi.,kanonik Item kaydı · src/items.js · LEAF_ITEMS / COMPOSITE_ITEMS / … + getItem,src/items.js,Item default: yalnız `src/items.js` dondurulmuş kayıt. Type default yok. Factory bu alanı kopyalamaz (eşdeğer `state.*` ayrı sütun).,"Kaynak yalnız `src/items.js` dondurulmuş kayıt. Override yok. (Zemin persist `stand.itemKey` kimliği seçer, kaydı değiştirmez.)",true,8,8,hayır,yok,Kod kaydı. Project DB'ye yazılmaz.,ITEM_READONLY,Kanonik `src/items.js` kaydı. Runtime kullanıcı bu alanları item tanımı olarak değiştirmez; kopyalar factory/catalog/BOM tarafında okunur.,hayır (salt okunur kimlik/kayıt),hayır — kod kaydı,validation yok (genel proje şeması yok).,true,doğrudan yok veya dolaylı (kanıt bölümü).,"Etkiler: snap, collision, side insert, short-up joint, L rotasyon, overlay mount. Ayrıntı `src/modulePlacement.js` + `getModuleBehavior`.",yok.,- `src/items.js` `isShortUpFamilyDescriptor` :1016 [read] | - `src/catalog.js` `if` :523 [read] | - `src/moduleBehavior.js` (dosya düzeyi) :2 [read] | - `src/moduleBehavior.js` `isUprightJointSnapTarget` :299 [read] | - `src/moduleRecipes.js` `getRecipeInnerCornerPanelKey` :203 [read] | - `src/moduleRecipes.js` `for` :213 [read] | - `src/moduleRecipes.js` `if` :220 [read] | - `test/cornerPanelsItemContract.test.js` (dosya düzeyi) :71 [test] | - `test/cornerPanelsItemContract.test.js` `for` :79 [test] | - `test/doorCompositeItemContract.test.js` (dosya düzeyi) :90 [test] | - `test/globalSilhouetteGhost.test.js` (dosya düzeyi) :52 [test] | - `test/panel197ItemContract.test.js` `for` :64 [test] | - `test/panelCorner192ItemContract.test.js` (dosya düzeyi) :32 [test] | - `test/panelCorner192ItemContract.test.js` `for` :38 [test] | - `test/shelfModule.test.js` (dosya düzeyi) :8 [test] | - `test/showcaseRecipes.test.js` (dosya düzeyi) :26 [test] | - `test/straightPanelsItemContract.test.js` `for` :105 [test] | - `test/uprightFieldPlacement.test.js` (dosya düzeyi) :7 [test] | - `test/uprightFieldPlacement.test.js` `for` :64 [test] | - `test/wallBaseItemsContract.test.js` (dosya düzeyi) :119 [test] | - `test/wallFlatPanelItemsContract.test.js` (dosya düzeyi) :97 [test] | - `test/wallShelfItemsContract.test.js` (dosya düzeyi) :123 [test],- `src/items.js` (dosya düzeyi) :666 [write-or-literal] | - `src/items.js` `isShortUpFamilyDescriptor` :1017 [write] | - `src/catalog.js` `createFlatPanelCatalogItem` :65 [write] | - `src/catalog.js` `normalizeCatalogDescriptor` :494 [write-or-literal] | - `src/moduleRecipes.js` (dosya düzeyi) :6 [write-or-literal] | - `src/moduleRecipes.js` `resolveRecipeItemsForPanelVariant` :238 [write]
static.videoWall.cols,Video wall kanonik: cols,Video wall kanonik: cols. Audit özelliği. Aşağıdaki kanıt satırlarına bak.,kanonik-kayit,string,yok / birimsiz,Audit özelliği. Aşağıdaki kanıt satırlarına bak.,kanonik Item kaydı · src/items.js · LEAF_ITEMS / COMPOSITE_ITEMS / … + getItem,src/items.js,Item default: yalnız `src/items.js` dondurulmuş kayıt. Type default yok. Factory bu alanı kopyalamaz (eşdeğer `state.*` ayrı sütun).,"Kaynak yalnız `src/items.js` dondurulmuş kayıt. Override yok. (Zemin persist `stand.itemKey` kimliği seçer, kaydı değiştirmez.)",true,2,2,hayır,yok,Kod kaydı. Project DB'ye yazılmaz.,ITEM_READONLY,Kanonik `src/items.js` kaydı. Runtime kullanıcı bu alanları item tanımı olarak değiştirmez; kopyalar factory/catalog/BOM tarafında okunur.,hayır (salt okunur kimlik/kayıt),hayır — kod kaydı,validation yok (genel proje şeması yok).,true,doğrudan yok veya dolaylı (kanıt bölümü).,yok veya dolaylı değil.,yok.,- `src/items.js` `if` :462 [read] | - `src/catalog.js` `if` :186 [read] | - `src/moduleDragSidebar.js` `if` :272 [read] | - `test/wallMediaItemsContract.test.js` (dosya düzeyi) :13 [test] | - `test/wallMediaItemsContract.test.js` `for` :75 [test] | - `e2e/wall-media-items-contract.spec.mjs` `saveAndReadProject` :43 [test],- `src/items.js` `WALL_MEDIA_ITEMS` :444 [define] | - `src/items.js` `if` :463 [write] | - `src/items.js` `if` :472 [write-or-literal] | - `src/designState.js` `createTvModuleState` :612 [write-or-literal] | - `src/catalog.js` `if` :191 [write-or-literal] | - `src/scene3d.js` `createTvModule` :4827 [write]
static.videoWall.panelScreenHeightCm,Video wall kanonik: panelScreenHeightCm,Video wall kanonik: panelScreenHeightCm. Audit özelliği. Aşağıdaki kanıt satırlarına bak.,kanonik-kayit,number,cm,Audit özelliği. Aşağıdaki kanıt satırlarına bak.,kanonik Item kaydı · src/items.js · LEAF_ITEMS / COMPOSITE_ITEMS / … + getItem,src/items.js,Item default: yalnız `src/items.js` dondurulmuş kayıt. Type default yok. Factory bu alanı kopyalamaz (eşdeğer `state.*` ayrı sütun).,"Kaynak yalnız `src/items.js` dondurulmuş kayıt. Override yok. (Zemin persist `stand.itemKey` kimliği seçer, kaydı değiştirmez.)",true,2,2,hayır,yok,Kod kaydı. Project DB'ye yazılmaz.,ITEM_READONLY,Kanonik `src/items.js` kaydı. Runtime kullanıcı bu alanları item tanımı olarak değiştirmez; kopyalar factory/catalog/BOM tarafında okunur.,hayır (salt okunur kimlik/kayıt),hayır — kod kaydı,validation yok (genel proje şeması yok).,true,doğrudan yok veya dolaylı (kanıt bölümü).,yok veya dolaylı değil.,yok.,- `src/items.js` `if` :475 [read] | - `test/wallMediaItemsContract.test.js` (dosya düzeyi) :43 [test] | - `test/wallMediaItemsContract.test.js` `for` :77 [test],- `src/items.js` `WALL_MEDIA_ITEMS` :444 [define] | - `src/items.js` `if` :463 [write] | - `src/items.js` `if` :489 [write-or-literal] | - `src/designState.js` `createTvModuleState` :615 [write-or-literal] | - `src/catalog.js` `if` :190 [write-or-literal] | - `src/scene3d.js` `createTvModule` :4832 [write]
static.videoWall.panelScreenWidthCm,Video wall kanonik: panelScreenWidthCm,Video wall kanonik: panelScreenWidthCm. Audit özelliği. Aşağıdaki kanıt satırlarına bak.,kanonik-kayit,number,cm,Audit özelliği. Aşağıdaki kanıt satırlarına bak.,kanonik Item kaydı · src/items.js · LEAF_ITEMS / COMPOSITE_ITEMS / … + getItem,src/items.js,Item default: yalnız `src/items.js` dondurulmuş kayıt. Type default yok. Factory bu alanı kopyalamaz (eşdeğer `state.*` ayrı sütun).,"Kaynak yalnız `src/items.js` dondurulmuş kayıt. Override yok. (Zemin persist `stand.itemKey` kimliği seçer, kaydı değiştirmez.)",true,2,2,hayır,yok,Kod kaydı. Project DB'ye yazılmaz.,ITEM_READONLY,Kanonik `src/items.js` kaydı. Runtime kullanıcı bu alanları item tanımı olarak değiştirmez; kopyalar factory/catalog/BOM tarafında okunur.,hayır (salt okunur kimlik/kayıt),hayır — kod kaydı,validation yok (genel proje şeması yok).,true,doğrudan yok veya dolaylı (kanıt bölümü).,yok veya dolaylı değil.,yok.,- `src/items.js` `if` :474 [read] | - `test/wallMediaItemsContract.test.js` (dosya düzeyi) :27 [test] | - `test/wallMediaItemsContract.test.js` `for` :76 [test],- `src/items.js` `WALL_MEDIA_ITEMS` :444 [define] | - `src/items.js` `if` :463 [write] | - `src/items.js` `if` :488 [write-or-literal] | - `src/designState.js` `createTvModuleState` :614 [write-or-literal] | - `src/catalog.js` `if` :189 [write-or-literal] | - `src/scene3d.js` `createTvModule` :4831 [write]
static.videoWall.rows,Video wall kanonik: rows,Video wall kanonik: rows. Audit özelliği. Aşağıdaki kanıt satırlarına bak.,kanonik-kayit,string,yok / birimsiz,Audit özelliği. Aşağıdaki kanıt satırlarına bak.,kanonik Item kaydı · src/items.js · LEAF_ITEMS / COMPOSITE_ITEMS / … + getItem,src/items.js,Item default: yalnız `src/items.js` dondurulmuş kayıt. Type default yok. Factory bu alanı kopyalamaz (eşdeğer `state.*` ayrı sütun).,"Kaynak yalnız `src/items.js` dondurulmuş kayıt. Override yok. (Zemin persist `stand.itemKey` kimliği seçer, kaydı değiştirmez.)",true,2,2,hayır,yok,Kod kaydı. Project DB'ye yazılmaz.,ITEM_READONLY,Kanonik `src/items.js` kaydı. Runtime kullanıcı bu alanları item tanımı olarak değiştirmez; kopyalar factory/catalog/BOM tarafında okunur.,hayır (salt okunur kimlik/kayıt),hayır — kod kaydı,validation yok (genel proje şeması yok).,true,doğrudan yok veya dolaylı (kanıt bölümü).,yok veya dolaylı değil.,yok.,- `src/items.js` `if` :462 [read] | - `src/catalog.js` `if` :186 [read] | - `src/moduleDragSidebar.js` `if` :272 [read] | - `test/rectImageLayout.test.js` `for` :23 [test] | - `test/wallMediaItemsContract.test.js` (dosya düzeyi) :13 [test] | - `test/wallMediaItemsContract.test.js` `for` :75 [test] | - `e2e/wall-media-items-contract.spec.mjs` `saveAndReadProject` :43 [test],- `src/items.js` `WALL_MEDIA_ITEMS` :444 [define] | - `src/items.js` `if` :463 [write] | - `src/items.js` `if` :472 [write-or-literal] | - `src/designState.js` `createTvModuleState` :612 [write-or-literal] | - `src/catalog.js` `if` :191 [write-or-literal] | - `src/scene3d.js` `createTvModule` :4827 [write]
static.visualRotationYDeg,static.visualRotationYDeg,static.visualRotationYDeg. Audit özelliği. Aşağıdaki kanıt satırlarına bak.,kanonik-kayit,number (derece),derece,Audit özelliği. Aşağıdaki kanıt satırlarına bak.,kanonik Item kaydı · src/items.js · LEAF_ITEMS / COMPOSITE_ITEMS / … + getItem,src/items.js,Item default: yalnız `src/items.js` dondurulmuş kayıt. Type default yok. Factory bu alanı kopyalamaz (eşdeğer `state.*` ayrı sütun).,"Kaynak yalnız `src/items.js` dondurulmuş kayıt. Override yok. (Zemin persist `stand.itemKey` kimliği seçer, kaydı değiştirmez.)",true,3,3,hayır,yok,Kod kaydı. Project DB'ye yazılmaz.,ITEM_READONLY,Kanonik `src/items.js` kaydı. Runtime kullanıcı bu alanları item tanımı olarak değiştirmez; kopyalar factory/catalog/BOM tarafında okunur.,hayır (salt okunur kimlik/kayıt),hayır — kod kaydı,validation yok (genel proje şeması yok).,true,"Model Y rotasyonu (çöp kutusu, koltuk).",yok veya dolaylı değil.,yok.,- `src/designState.js` `if` :411 [read] | - `test/commercialItemsContract.test.js` (dosya düzeyi) :65 [test] | - `test/furnitureItemsContract.test.js` (dosya düzeyi) :53 [test] | - `test/furnitureItemsContract.test.js` `if` :181 [test] | - `test/plasticTrashBinTopLabel.test.js` (dosya düzeyi) :17 [test] | - `test/sofaClassicPiecesContract.test.js` (dosya düzeyi) :30 [test],- `src/items.js` `COMMERCIAL_ITEMS` :139 [write-or-literal] | - `src/items.js` `FURNITURE_ITEMS` :176 [write-or-literal] | - `src/designState.js` `if` :412 [write] | - `src/designState.js` `createCommercialModuleState` :460 [write] | - `src/scene3d.js` `if` :5080 [write] | - `src/scene3d.js` `createSofaPieceClassicModule` :6379 [write-or-literal]
catalog.present,MODULE_CATALOG üyeliği,MODULE_CATALOG üyeliği. Katalog descriptor alanı. Kaynak Item + `create*CatalogItem` eşlemesi (profilde width remap). Sidebar/drag bu nesneyi taşır.,katalog,boolean,yok / birimsiz,Katalog descriptor alanı. Kaynak Item + `create*CatalogItem` eşlemesi (profilde width remap). Sidebar/drag bu nesneyi taşır.,katalog descriptor (Item türevi) · src/catalog.js · MODULE_CATALOG / create*CatalogItem,src/catalog.js,Catalog default: `create*CatalogItem` Item alanından kopya. Profil `widthCm` `getStraightWallNominalWidthForProfileItem` ile remap. Kullanıcı ezemaz.,Item kaydı → create*CatalogItem eşlemesi → MODULE_CATALOG. Kullanıcı katalog alanını ezemaz.,true,70,104,hayır,yok,Kod tablosu. Persist yok (her load'da type/itemKey ile yeniden çözülür).,DERIVED,Bu sütun runtime Item alanı değil; audit/çözümleyici görünümüdür veya başka alandan türetilir. Kullanıcı bu id ile form alanı görmez.,hayır,hayır — türetilmiş / audit sütunu,validation yok (tablo/audit).,true,doğrudan yok veya dolaylı (kanıt bölümü).,yok veya dolaylı değil.,yok.,- `src/items.js` `getTopLightItemForType` :271 [read] | - `src/catalog.js` `resolveItemKey` :500 [read] | - `src/catalog.js` `getModuleCatalogItem` :534 [read] | - `src/moduleContracts.js` (dosya düzeyi) :1 [read] | - `src/moduleContracts.js` `resolveModuleContract` :210 [read] | - `src/autoDepot.js` (dosya düzeyi) :1 [read] | - `src/moduleContextMenu.js` (dosya düzeyi) :1 [read] | - `src/moduleContextMenu.js` `addModuleToSelection` :240 [read] | - `src/moduleDragSidebar.js` (dosya düzeyi) :1 [read] | - `test/barStool2.test.js` (dosya düzeyi) :3 [test] | - `test/baseItemsContract.test.js` (dosya düzeyi) :4 [test] | - `test/baseItemsContract.test.js` `for` :114 [test] | - `test/baseModule.test.js` (dosya düzeyi) :3 [test] | - `test/baseWallCatalog.test.js` (dosya düzeyi) :3 [test] | - `test/baseWallCatalog.test.js` `for` :9 [test] | - `test/baseWallRecipes.test.js` (dosya düzeyi) :4 [test] | - `test/baseWallRecipes.test.js` `for` :34 [test] | - `test/catalogSingleSource.test.js` (dosya düzeyi) :7 [test] | - `test/chairEamesContract.test.js` (dosya düzeyi) :4 [test] | - `test/coatRackModule.test.js` (dosya düzeyi) :4 [test] | - `test/commercialItemsContract.test.js` (dosya düzeyi) :5 [test] | - `test/deskBankoItemsContract.test.js` (dosya düzeyi) :3 [test] | - `test/doorCompositeItemContract.test.js` (dosya düzeyi) :5 [test] | - `test/eamesTableChairSetContract.test.js` (dosya düzeyi) :4 [test] | - `test/floorItemsContract.test.js` (dosya düzeyi) :3 [test] | - `test/floorItemsContract.test.js` `for` :35 [test] | - `test/furnitureItemsContract.test.js` (dosya düzeyi) :3 [test] | - `test/glassTableContract.test.js` (dosya düzeyi) :4 [test] | - `test/globalSilhouetteGhost.test.js` (dosya düzeyi) :4 [test] | - `test/indoorPlantItemsContract.test.js` (dosya düzeyi) :3 [test] | - `test/indoorPlants.test.js` (dosya düzeyi) :4 [test] | - `test/kettle.test.js` (dosya düzeyi) :4 [test] | - `test/lCounter100Contract.test.js` (dosya düzeyi) :4 [test] | - `test/lCounter150Contract.test.js` (dosya düzeyi) :4 [test] | - … test/e2e ek 30 eşleşme (src listesi tam).,- `src/catalog.js` `MODULE_CATALOG` :260 [define] | - `src/catalog.js` `MODULE_CATALOG_KEYS` :346 [define] | - `src/catalog.js` `MODULE_CATALOG_GROUPS` :423 [define] | - `src/catalog.js` `resolveItemKey` :503 [write] | - `src/moduleContracts.js` `resolveModuleContract` :215 [write] | - `src/autoDepot.js` `AUTO_DEPOT_SIZES` :12 [write] | - `src/autoDepot.js` `if` :76 [write] | - `src/moduleContextMenu.js` `renderSelectionQueue` :144 [write] | - `src/moduleContextMenu.js` `submitPickerSelection` :249 [write] | - `src/moduleContextMenu.js` `renderPickerCatalog` :318 [write] | - `src/moduleDragSidebar.js` `createModuleDragSidebar` :394 [write] | - `src/moduleDragSidebar.js` `resetDragState` :431 [write]
catalog.inKeysList,MODULE_CATALOG_KEYS sırası,MODULE_CATALOG_KEYS sırası. Katalog descriptor alanı. Kaynak Item + `create*CatalogItem` eşlemesi (profilde width remap). Sidebar/drag bu nesneyi taşır.,katalog,boolean,yok / birimsiz,Katalog descriptor alanı. Kaynak Item + `create*CatalogItem` eşlemesi (profilde width remap). Sidebar/drag bu nesneyi taşır.,katalog descriptor (Item türevi) · src/catalog.js · MODULE_CATALOG / create*CatalogItem,src/catalog.js,Catalog default: `create*CatalogItem` Item alanından kopya. Profil `widthCm` `getStraightWallNominalWidthForProfileItem` ile remap. Kullanıcı ezemaz.,Item kaydı → create*CatalogItem eşlemesi → MODULE_CATALOG. Kullanıcı katalog alanını ezemaz.,true,70,104,hayır,yok,Kod tablosu. Persist yok (her load'da type/itemKey ile yeniden çözülür).,DERIVED,Bu sütun runtime Item alanı değil; audit/çözümleyici görünümüdür veya başka alandan türetilir. Kullanıcı bu id ile form alanı görmez.,hayır,hayır — türetilmiş / audit sütunu,validation yok (tablo/audit).,true,doğrudan yok veya dolaylı (kanıt bölümü).,yok veya dolaylı değil.,yok.,- `src/moduleDragSidebar.js` (dosya düzeyi) :1 [read] | - `test/barStool2.test.js` (dosya düzeyi) :3 [test] | - `test/baseWallCatalog.test.js` (dosya düzeyi) :3 [test] | - `test/baseWallCatalog.test.js` `for` :10 [test] | - `test/catalogSingleSource.test.js` (dosya düzeyi) :9 [test] | - `test/chairEamesContract.test.js` (dosya düzeyi) :4 [test] | - `test/doorCompositeItemContract.test.js` (dosya düzeyi) :5 [test] | - `test/eamesTableChairSetContract.test.js` (dosya düzeyi) :4 [test] | - `test/floorItemsContract.test.js` (dosya düzeyi) :3 [test] | - `test/floorItemsContract.test.js` `for` :36 [test] | - `test/glassTableContract.test.js` (dosya düzeyi) :4 [test] | - `test/lCounter100Contract.test.js` (dosya düzeyi) :4 [test] | - `test/lCounter150Contract.test.js` (dosya düzeyi) :4 [test] | - `test/lCounter200Contract.test.js` (dosya düzeyi) :4 [test] | - `test/lightingItemsContract.test.js` (dosya düzeyi) :3 [test] | - `test/moduleBehaviorContract.test.js` (dosya düzeyi) :4 [test] | - `test/moduleBehaviorContract.test.js` `for` :72 [test] | - `test/moduleStateConstructionRegistry.test.js` (dosya düzeyi) :5 [test] | - `test/moduleStateConstructionRegistry.test.js` `for` :11 [test] | - `test/profileFieldPlacement.test.js` (dosya düzeyi) :4 [test] | - `test/profileFieldPlacement.test.js` `for` :20 [test] | - `test/sofaClassicPiecesContract.test.js` (dosya düzeyi) :4 [test] | - `test/systemDevelopmentContract.test.js` (dosya düzeyi) :4 [test] | - `test/systemDevelopmentContract.test.js` `for` :37 [test] | - `test/systemModuleCatalogDoc.test.js` (dosya düzeyi) :5 [test] | - `test/systemModuleCatalogDoc.test.js` `readCatalogKeySnapshot` :25 [test] | - … test/e2e ek 4 eşleşme (src listesi tam).,- `src/catalog.js` `MODULE_CATALOG_KEYS` :346 [define] | - `src/catalog.js` `resolveItemKey` :503 [write] | - `src/moduleDragSidebar.js` `resetDragState` :431 [write]
catalog.groups,Sidebar katalog grubu,Sidebar katalog grubu. Katalog descriptor alanı. Kaynak Item + `create*CatalogItem` eşlemesi (profilde width remap). Sidebar/drag bu nesneyi taşır.,katalog,string,yok / birimsiz,Katalog descriptor alanı. Kaynak Item + `create*CatalogItem` eşlemesi (profilde width remap). Sidebar/drag bu nesneyi taşır.,katalog descriptor (Item türevi) · src/catalog.js · MODULE_CATALOG / create*CatalogItem,src/catalog.js,Catalog default: `create*CatalogItem` Item alanından kopya. Profil `widthCm` `getStraightWallNominalWidthForProfileItem` ile remap. Kullanıcı ezemaz.,Item kaydı → create*CatalogItem eşlemesi → MODULE_CATALOG. Kullanıcı katalog alanını ezemaz.,true,64,64,hayır,yok,Kod tablosu. Persist yok (her load'da type/itemKey ile yeniden çözülür).,DERIVED,Bu sütun runtime Item alanı değil; audit/çözümleyici görünümüdür veya başka alandan türetilir. Kullanıcı bu id ile form alanı görmez.,hayır,hayır — türetilmiş / audit sütunu,validation yok (tablo/audit).,true,doğrudan yok veya dolaylı (kanıt bölümü).,yok veya dolaylı değil.,yok.,- `src/moduleContextMenu.js` (dosya düzeyi) :1 [read] | - `src/moduleDragSidebar.js` (dosya düzeyi) :1 [read] | - `test/catalogSingleSource.test.js` (dosya düzeyi) :8 [test] | - `test/coatRackModule.test.js` (dosya düzeyi) :4 [test] | - `test/indoorPlants.test.js` (dosya düzeyi) :4 [test] | - `test/plasticTrashBinModule.test.js` (dosya düzeyi) :6 [test] | - `test/plasticTrashBinModule.test.js` `overlaps` :54 [test] | - `test/profileFieldPlacement.test.js` (dosya düzeyi) :4 [test] | - `test/uprightFieldPlacement.test.js` (dosya düzeyi) :4 [test],- `src/catalog.js` `MODULE_CATALOG_GROUPS` :423 [define] | - `src/moduleContextMenu.js` `renderPickerCatalog` :318 [write] | - `src/moduleDragSidebar.js` `createModuleDragSidebar` :394 [write]
catalog.depthCm,Katalog yerleşim derinliği,Katalog yerleşim derinliği. Katalog descriptor alanı. Kaynak Item + `create*CatalogItem` eşlemesi (profilde width remap). Sidebar/drag bu nesneyi taşır.,katalog,number,cm,Katalog descriptor alanı. Kaynak Item + `create*CatalogItem` eşlemesi (profilde width remap). Sidebar/drag bu nesneyi taşır.,katalog descriptor (Item türevi) · src/catalog.js · MODULE_CATALOG / create*CatalogItem,src/catalog.js,Catalog default: `create*CatalogItem` Item alanından kopya. Profil `widthCm` `getStraightWallNominalWidthForProfileItem` ile remap. Kullanıcı ezemaz.,Item kaydı → create*CatalogItem eşlemesi → MODULE_CATALOG. Kullanıcı katalog alanını ezemaz.,true,39,39,hayır,yok,Kod tablosu. Persist yok (her load'da type/itemKey ile yeniden çözülür).,DERIVED,`MODULE_CATALOG` satırı `src/catalog.js` create*CatalogItem ile Item kaydından kopyalanır; ayrı yazılmaz.,hayır,hayır — türetilmiş / audit sütunu,validation yok (tablo/audit).,true,doğrudan yok veya dolaylı (kanıt bölümü).,yok veya dolaylı değil.,yok.,- `src/items.js` `getTopLightItemForType` :271 [read] | - `src/items.js` `getFloorSelectLabel` :341 [read] | - `src/items.js` `isGridTileFloorItem` :355 [read] | - `src/items.js` `if` :990 [read] | - `src/designState.js` `if` :312 [read] | - `src/designState.js` `createBaseWallModuleState` :344 [read] | - `src/designState.js` `createBaseModuleState` :384 [read] | - `src/catalog.js` `resolveItemKey` :500 [read] | - `src/catalog.js` `if` :515 [read] | - `src/catalog.js` `getModuleCatalogItem` :534 [read] | - `src/moduleContracts.js` (dosya düzeyi) :1 [read] | - `src/moduleContracts.js` `resolveModuleContract` :210 [read] | - `src/scene3d.js` `matchesConcreteParquetVisual` :554 [read] | - `src/scene3d.js` `if` :2143 [read] | - `src/scene3d.js` `rotateSelectedModule` :2249 [read] | - `src/scene3d.js` `createMiniFridgeModule` :5009 [read] | - `src/scene3d.js` `createCoatRackModule` :5238 [read] | - `src/scene3d.js` `createUprightModule` :5309 [read] | - `src/scene3d.js` `createKettleModule` :5403 [read] | - `src/scene3d.js` `createLedFloodlightModule` :5467 [read] | - `src/scene3d.js` `createBarStoolModule` :5679 [read] | - `src/scene3d.js` `createEamesChairModule` :5760 [read] | - `src/scene3d.js` `createGlassTableModule` :5872 [read] | - `src/scene3d.js` `createEamesTableChairSetModule` :5920 [read] | - `src/scene3d.js` `createBeigeSofaFurnitureProxy` :6229 [read] | - `src/autoDepot.js` (dosya düzeyi) :1 [read] | - `src/autoDepot.js` `fixture` :24 [read] | - `src/autoDepot.js` `if` :64 [read] | - `src/moduleContextMenu.js` (dosya düzeyi) :1 [read] | - `src/moduleContextMenu.js` `addModuleToSelection` :240 [read] | - `src/moduleDragSidebar.js` (dosya düzeyi) :1 [read] | - `src/modulePlacement.js` `hasStrictDepthBounds` :52 [read] | - `src/modulePlacement.js` `getRotatedHalfExtentsCm` :127 [read] | - `src/modulePlacement.js` `createLocalSegment` :299 [read] | - `src/modulePlacement.js` `validatePlacementAgainstModules` :574 [read] | - `src/modulePlacement.js` `snapUprightToShortUpJoints` :766 [read] | - `src/modulePlacement.js` `snapPlacementToModules` :828 [read] | - `src/modulePlacement.js` `addCandidate` :893 [read] | - `src/modulePlacement.js` `createFreePlacement` :1298 [read] | - `src/modulePlacement.js` `snapPlacementToStand` :1372 [read] | - `src/rawBomDebug.js` `parseLCounterSelection` :16 [read] | - `src/selectionFeedback.js` `if` :27 [read] | - `src/standStandardsCopy.js` `getStandStandardsFacts` :27 [read] | - `src/standStandardsCopy.js` `getHelpStandardsTableHtml` :72 [read] | - `test/barStool2.test.js` (dosya düzeyi) :3 [test] | - `test/baseItemsContract.test.js` (dosya düzeyi) :4 [test] | - `test/baseItemsContract.test.js` `for` :114 [test] | - `test/baseModule.test.js` (dosya düzeyi) :3 [test] | - `test/baseModule.test.js` `for` :49 [test] | - `test/baseRecipes.test.js` (dosya düzeyi) :9 [test] | - `test/baseRenderStyle.test.js` (dosya düzeyi) :21 [test] | - `test/baseTopsItemContract.test.js` (dosya düzeyi) :14 [test] | - `test/baseWallCatalog.test.js` (dosya düzeyi) :3 [test] | - `test/baseWallCatalog.test.js` `for` :9 [test] | - `test/baseWallRecipes.test.js` (dosya düzeyi) :4 [test] | - `test/baseWallRecipes.test.js` `for` :34 [test] | - `test/catalogSingleSource.test.js` (dosya düzeyi) :7 [test] | - `test/chairEamesContract.test.js` (dosya düzeyi) :4 [test] | - `test/coatRackModule.test.js` (dosya düzeyi) :4 [test] | - `test/commercialItemsContract.test.js` (dosya düzeyi) :5 [test] | - `test/counterModule.test.js` `for` :17 [test] | - `test/counterRecipes.test.js` (dosya düzeyi) :9 [test] | - `test/counterTopsItemContract.test.js` (dosya düzeyi) :8 [test] | - `test/depotFreeDragSnap.test.js` `for` :10 [test] | - `test/depotFrontRecipe.test.js` `front` :6 [test] | - `test/deskBankoItemsContract.test.js` (dosya düzeyi) :3 [test] | - `test/deskBankoItemsContract.test.js` `if` :98 [test] | - `test/doorCompositeItemContract.test.js` (dosya düzeyi) :5 [test] | - `test/eamesTableChairSetContract.test.js` (dosya düzeyi) :4 [test] | - … test/e2e ek 70 eşleşme (src listesi tam).,- `src/items.js` `LEAF_ITEMS` :32 [define] | - `src/items.js` `COMMERCIAL_ITEMS` :122 [define] | - `src/items.js` `FURNITURE_ITEMS` :156 [write-or-literal] | - `src/items.js` (dosya düzeyi) :231 [write-or-literal] | - `src/items.js` `TOP_LIGHT_ITEMS` :260 [write-or-literal] | - `src/items.js` `NON_CATALOG_ITEMS` :280 [write-or-literal] | - `src/items.js` `FLOOR_ITEMS` :292 [define] | - `src/items.js` `getFloorSelectLabel` :340 [write] | - `src/items.js` `INDOOR_PLANT_ITEMS` :384 [define] | - `src/items.js` `WALL_MEDIA_ITEMS` :426 [write-or-literal] | - `src/items.js` `WALL_MEDIA_ITEMS` :443 [define] | - `src/items.js` `resolveWallMediaMetrics` :458 [write] | - `src/items.js` `resolveWallMediaMetrics` :460 [write-or-literal] | - `src/items.js` `COMPOSITE_ITEMS` :513 [define] | - `src/items.js` (dosya düzeyi) :582 [define] | - `src/designState.js` `createCounterModuleState` :293 [write] | - `src/designState.js` `createBaseWallModuleState` :337 [write] | - `src/designState.js` `createBaseModuleState` :377 [write] | - `src/designState.js` `createFurnitureModuleState` :402 [write-or-literal] | - `src/designState.js` `createUprightModuleState` :486 [write-or-literal] | - `src/designState.js` `createProfileModuleState` :502 [write-or-literal] | - `src/designState.js` `modelFile` :525 [write-or-literal] | - `src/designState.js` `createIndoorPlantModuleState` :543 [write] | - `src/designState.js` `createIndoorPlantModuleState` :559 [write-or-literal] | - `src/designState.js` `createIlluminatedFoamModuleState` :584 [write-or-literal] | - `src/designState.js` `createTvModuleState` :607 [write-or-literal] | - `src/designState.js` `createLedFloodlightModuleState` :626 [write-or-literal] | - `src/designState.js` `if` :711 [write] | - `src/catalog.js` `COUNTER_DIMENSIONS` :16 [write-or-literal] | - `src/catalog.js` `BASE_DIMENSIONS` :26 [write-or-literal] | - `src/catalog.js` `createUprightCatalogItem` :78 [write-or-literal] | - `src/catalog.js` `createProfileCatalogItem` :92 [write-or-literal] | - `src/catalog.js` `createBaseWallCatalogItem` :104 [write-or-literal] | - `src/catalog.js` `createWallMediaCatalogItem` :179 [write-or-literal] | - `src/catalog.js` `LED_FLOODLIGHT_DIMENSIONS` :210 [write-or-literal] | - `src/catalog.js` `createTopLightCatalogItem` :221 [write-or-literal] | - `src/catalog.js` `createIndoorPlantCatalogItem` :238 [write-or-literal] | - `src/catalog.js` `createFurnitureCatalogItem` :254 [write-or-literal] | - `src/catalog.js` `MODULE_CATALOG` :260 [define] | - `src/catalog.js` `MODULE_CATALOG_KEYS` :346 [define] | - `src/catalog.js` `MODULE_CATALOG_GROUPS` :423 [define] | - `src/catalog.js` `normalizeCatalogDescriptor` :488 [write-or-literal] | - `src/catalog.js` `resolveItemKey` :503 [write] | - `src/moduleContracts.js` `resolveModuleContract` :215 [write] | - `src/scene3d.js` `createFloorPattern` :572 [write] | - `src/scene3d.js` `createStage` :770 [write] | - `src/scene3d.js` `createStage` :810 [write-or-literal] | - `src/scene3d.js` `ensureModuleSelectionFrame` :977 [write] | - `src/scene3d.js` `createBaseWallModule` :1422 [write-or-literal] | - `src/scene3d.js` `if` :1723 [write] | - `src/scene3d.js` `pickModuleContext` :1809 [write-or-literal] | - `src/scene3d.js` `if` :1871 [write-or-literal] | - `src/scene3d.js` `rotateSelectedModule` :2262 [write-or-literal] | - `src/scene3d.js` `getFreeTvPlacement` :2302 [write-or-literal] | - `src/scene3d.js` `snap20` :2814 [write] | - `src/scene3d.js` `createIlluminatedFoamModule` :4707 [write] | - `src/scene3d.js` `createTvModule` :4833 [write] | - `src/scene3d.js` `createMiniFridgeModule` :4997 [write] | - `src/scene3d.js` `createIndoorPlantModule` :5067 [write] | - `src/scene3d.js` `createCoatRackModule` :5228 [write] | - `src/scene3d.js` `createUprightModule` :5294 [write] | - `src/scene3d.js` `createProfileModule` :5343 [write] | - `src/scene3d.js` `createProfileModule` :5359 [write-or-literal] | - `src/scene3d.js` `createKettleModule` :5393 [write] | - `src/scene3d.js` `createLedFloodlightModule` :5458 [write] | - `src/scene3d.js` `createBarStoolModule` :5670 [write] | - `src/scene3d.js` `createEamesChairModule` :5751 [write] | - `src/scene3d.js` `createGlassTableModule` :5863 [write] | - `src/scene3d.js` `createEamesTableChairSetModule` :5911 [write] | - `src/scene3d.js` `addClassicCoffeeTable` :6139 [write] | - `src/scene3d.js` `createBeigeSofaSetModule` :6269 [write] | - `src/main.js` `for` :676 [write-or-literal] | - `src/main.js` `resizeContextIlluminatedFoam` :881 [write] | - `src/main.js` `rebuildSceneFromSetup` :1046 [write-or-literal] | - `src/main.js` `if` :1410 [write-or-literal] | - `src/main.js` `onKeyDown` :1710 [write] | - `src/autoDepot.js` `AUTO_DEPOT_SIZES` :5 [write-or-literal] | - `src/autoDepot.js` `AUTO_DEPOT_SIZES` :12 [write] | - `src/autoDepot.js` `fixture` :20 [write] | - `src/autoDepot.js` `planAutomaticDepot` :54 [write-or-literal] | - `src/autoDepot.js` `if` :76 [write] | - `src/autoDepot.js` `if` :127 [write-or-literal] | - `src/moduleContextMenu.js` `renderSelectionQueue` :144 [write] | - `src/moduleContextMenu.js` `submitPickerSelection` :249 [write] | - `src/moduleContextMenu.js` `renderPickerCatalog` :318 [write] | - `src/moduleDragSidebar.js` `createModuleDragSidebar` :394 [write] | - `src/moduleDragSidebar.js` `resetDragState` :431 [write] | - `src/moduleMove.js` `if` :187 [write-or-literal] | - `src/modulePlacement.js` `hasStrictDepthBounds` :53 [write] | - `src/modulePlacement.js` `snapDepthCenterCm` :57 [write] | - `src/modulePlacement.js` `rotateModulePlacementAroundCenter` :76 [write] | - `src/modulePlacement.js` `getRotatedHalfExtentsCm` :129 [write] | - `src/modulePlacement.js` `getLCounterCollisionSegments` :270 [write] | - `src/modulePlacement.js` `createLocalSegment` :295 [write] | - `src/modulePlacement.js` `validateModulePlacement` :343 [write] | - `src/modulePlacement.js` `if` :380 [write] | - `src/modulePlacement.js` `getModuleCollisionDepthCm` :409 [write] | - `src/modulePlacement.js` `validatePlacementAgainstModules` :560 [write] | - `src/modulePlacement.js` `validatePlacementAgainstModules` :578 [write-or-literal] | - `src/modulePlacement.js` `snapUprightToShortUpJoints` :711 [write] | - `src/modulePlacement.js` `snapPlacementToModules` :812 [write] | - `src/modulePlacement.js` `faceGapCm` :1073 [write] | - `src/modulePlacement.js` `touchesTargetFace` :1181 [write] | - `src/modulePlacement.js` `createFreePlacement` :1258 [write] | - `src/modulePlacement.js` `snapPlacementToStand` :1344 [write] | - `src/modulePlacement.js` `createFreeSideFixturePlacement` :1468 [write] | - `src/modulePlacement.js` `for` :1556 [write] | - `src/modulePlacement.js` `if` :1577 [write-or-literal] | - `src/rawBomDebug.js` `parseLCounterSelection` :15 [write] | - `src/rawBomDebug.js` `parseLCounterSelection` :21 [write-or-literal] | - `src/standStandardsCopy.js` `getStandStandardsFacts` :16 [write] | - `src/standStandardsCopy.js` `getStandStandardsListItems` :44 [write-or-literal]
catalog.eyeCount,Katalog descriptor: eyeCount,Katalog descriptor: eyeCount. Katalog descriptor alanı. Kaynak Item + `create*CatalogItem` eşlemesi (profilde width remap). Sidebar/drag bu nesneyi taşır.,katalog,string,yok / birimsiz,Katalog descriptor alanı. Kaynak Item + `create*CatalogItem` eşlemesi (profilde width remap). Sidebar/drag bu nesneyi taşır.,katalog descriptor (Item türevi) · src/catalog.js · MODULE_CATALOG / create*CatalogItem,src/catalog.js,Catalog default: `create*CatalogItem` Item alanından kopya. Profil `widthCm` `getStraightWallNominalWidthForProfileItem` ile remap. Kullanıcı ezemaz.,Item kaydı → create*CatalogItem eşlemesi → MODULE_CATALOG. Kullanıcı katalog alanını ezemaz.,true,2,2,hayır,yok,Kod tablosu. Persist yok (her load'da type/itemKey ile yeniden çözülür).,DERIVED,`MODULE_CATALOG` satırı `src/catalog.js` create*CatalogItem ile Item kaydından kopyalanır; ayrı yazılmaz.,hayır,hayır — türetilmiş / audit sütunu,validation yok (tablo/audit).,true,doğrudan yok veya dolaylı (kanıt bölümü).,yok veya dolaylı değil.,yok.,- `src/items.js` `getTopLightItemForType` :271 [read] | - `src/catalog.js` `resolveItemKey` :500 [read] | - `src/catalog.js` `getModuleCatalogItem` :534 [read] | - `src/moduleContracts.js` (dosya düzeyi) :1 [read] | - `src/moduleContracts.js` `resolveModuleContract` :210 [read] | - `src/scene3d.js` `if` :7453 [read] | - `src/autoDepot.js` (dosya düzeyi) :1 [read] | - `src/moduleContextMenu.js` (dosya düzeyi) :1 [read] | - `src/moduleContextMenu.js` `addModuleToSelection` :240 [read] | - `src/moduleDragSidebar.js` (dosya düzeyi) :1 [read] | - `src/rawBomDebug.js` `if` :125 [read] | - `src/selectionFeedback.js` `if` :60 [read] | - `test/barStool2.test.js` (dosya düzeyi) :3 [test] | - `test/baseItemsContract.test.js` (dosya düzeyi) :4 [test] | - `test/baseItemsContract.test.js` `for` :114 [test] | - `test/baseModule.test.js` (dosya düzeyi) :3 [test] | - `test/baseWallCatalog.test.js` (dosya düzeyi) :3 [test] | - `test/baseWallCatalog.test.js` `for` :9 [test] | - `test/baseWallRecipes.test.js` (dosya düzeyi) :4 [test] | - `test/baseWallRecipes.test.js` `for` :34 [test] | - `test/catalogSingleSource.test.js` (dosya düzeyi) :7 [test] | - `test/chairEamesContract.test.js` (dosya düzeyi) :4 [test] | - `test/coatRackModule.test.js` (dosya düzeyi) :4 [test] | - `test/commercialItemsContract.test.js` (dosya düzeyi) :5 [test] | - `test/deskBankoItemsContract.test.js` (dosya düzeyi) :3 [test] | - `test/doorCompositeItemContract.test.js` (dosya düzeyi) :5 [test] | - `test/eamesTableChairSetContract.test.js` (dosya düzeyi) :4 [test] | - `test/floorItemsContract.test.js` (dosya düzeyi) :3 [test] | - `test/floorItemsContract.test.js` `for` :35 [test] | - `test/furnitureItemsContract.test.js` (dosya düzeyi) :3 [test] | - `test/glassTableContract.test.js` (dosya düzeyi) :4 [test] | - `test/globalSilhouetteGhost.test.js` (dosya düzeyi) :4 [test] | - `test/indoorPlantItemsContract.test.js` (dosya düzeyi) :3 [test] | - `test/indoorPlants.test.js` (dosya düzeyi) :4 [test] | - `test/kettle.test.js` (dosya düzeyi) :4 [test] | - `test/lCounter100Contract.test.js` (dosya düzeyi) :4 [test] | - `test/lCounter150Contract.test.js` (dosya düzeyi) :4 [test] | - … test/e2e ek 33 eşleşme (src listesi tam).,- `src/items.js` (dosya düzeyi) :935 [write-or-literal] | - `src/designState.js` `createShowcaseModuleState` :180 [write-or-literal] | - `src/designState.js` `if` :846 [write] | - `src/catalog.js` `MODULE_CATALOG` :260 [define] | - `src/catalog.js` `MODULE_CATALOG` :283 [write-or-literal] | - `src/catalog.js` `MODULE_CATALOG_KEYS` :346 [define] | - `src/catalog.js` `MODULE_CATALOG_GROUPS` :423 [define] | - `src/catalog.js` `resolveItemKey` :503 [write] | - `src/moduleContracts.js` `resolveModuleContract` :215 [write] | - `src/scene3d.js` `if` :7452 [write] | - `src/scene3d.js` `for` :7599 [write] | - `src/autoDepot.js` `AUTO_DEPOT_SIZES` :12 [write] | - `src/autoDepot.js` `if` :76 [write] | - `src/moduleContextMenu.js` `renderSelectionQueue` :144 [write] | - `src/moduleContextMenu.js` `submitPickerSelection` :249 [write] | - `src/moduleContextMenu.js` `renderPickerCatalog` :318 [write] | - `src/moduleDragSidebar.js` `createModuleDragSidebar` :394 [write] | - `src/moduleDragSidebar.js` `resetDragState` :431 [write] | - `src/rawBomDebug.js` `if` :123 [write]
catalog.heightCm,Katalog yerleşim yüksekliği,Katalog yerleşim yüksekliği. Katalog descriptor alanı. Kaynak Item + `create*CatalogItem` eşlemesi (profilde width remap). Sidebar/drag bu nesneyi taşır.,katalog,number,cm,Katalog descriptor alanı. Kaynak Item + `create*CatalogItem` eşlemesi (profilde width remap). Sidebar/drag bu nesneyi taşır.,katalog descriptor (Item türevi) · src/catalog.js · MODULE_CATALOG / create*CatalogItem,src/catalog.js,Catalog default: `create*CatalogItem` Item alanından kopya. Profil `widthCm` `getStraightWallNominalWidthForProfileItem` ile remap. Kullanıcı ezemaz.,Item kaydı → create*CatalogItem eşlemesi → MODULE_CATALOG. Kullanıcı katalog alanını ezemaz.,true,39,39,hayır,yok,Kod tablosu. Persist yok (her load'da type/itemKey ile yeniden çözülür).,DERIVED,`MODULE_CATALOG` satırı `src/catalog.js` create*CatalogItem ile Item kaydından kopyalanır; ayrı yazılmaz.,hayır,hayır — türetilmiş / audit sütunu,validation yok (tablo/audit).,true,doğrudan yok veya dolaylı (kanıt bölümü).,yok veya dolaylı değil.,yok.,- `src/items.js` `getTopLightItemForType` :271 [read] | - `src/designState.js` `if` :313 [read] | - `src/designState.js` `createBaseWallModuleState` :345 [read] | - `src/designState.js` `createBaseModuleState` :385 [read] | - `src/designState.js` `createIlluminatedFoamModuleState` :583 [read] | - `src/catalog.js` `resolveItemKey` :500 [read] | - `src/catalog.js` `getModuleCatalogItem` :534 [read] | - `src/moduleContracts.js` (dosya düzeyi) :1 [read] | - `src/moduleContracts.js` `resolveModuleContract` :210 [read] | - `src/scene3d.js` `fixedElevationM` :1397 [read] | - `src/scene3d.js` `createMiniFridgeTopLabel` :4905 [read] | - `src/scene3d.js` `createPlasticTrashBinTopLabel` :4950 [read] | - `src/scene3d.js` `createMiniFridgeModule` :5010 [read] | - `src/scene3d.js` `if` :5094 [read] | - `src/scene3d.js` `createCoatRackModule` :5239 [read] | - `src/scene3d.js` `createUprightModule` :5310 [read] | - `src/scene3d.js` `createProfileModule` :5360 [read] | - `src/scene3d.js` `createKettleModule` :5404 [read] | - `src/scene3d.js` `createLedFloodlightModule` :5468 [read] | - `src/scene3d.js` `createBarStoolModule` :5680 [read] | - `src/scene3d.js` `createEamesChairModule` :5761 [read] | - `src/scene3d.js` `createGlassTableModule` :5873 [read] | - `src/scene3d.js` `createEamesTableChairSetModule` :5921 [read] | - `src/scene3d.js` `createBeigeSofaFurnitureProxy` :6230 [read] | - `src/scene3d.js` `createBeigeSofaSetModule` :6280 [read] | - `src/main.js` `finish` :1634 [read] | - `src/autoDepot.js` (dosya düzeyi) :1 [read] | - `src/moduleContextMenu.js` (dosya düzeyi) :1 [read] | - `src/moduleContextMenu.js` `addModuleToSelection` :240 [read] | - `src/moduleDragSidebar.js` (dosya düzeyi) :1 [read] | - `src/modulePlacement.js` `clampWallOverlayZCm` :162 [read] | - `src/modulePlacement.js` `validatePlacementAgainstModules` :589 [read] | - `src/modulePlacement.js` `addCandidate` :897 [read] | - `src/selectionFeedback.js` `if` :117 [read] | - `src/standStandardsCopy.js` `getStandStandardsFacts` :26 [read] | - `src/standStandardsCopy.js` `getHelpStandardsTableHtml` :71 [read] | - `test/barStool2.test.js` (dosya düzeyi) :3 [test] | - `test/baseItemsContract.test.js` (dosya düzeyi) :4 [test] | - `test/baseItemsContract.test.js` `for` :114 [test] | - `test/baseModule.test.js` (dosya düzeyi) :3 [test] | - `test/baseRenderStyle.test.js` (dosya düzeyi) :22 [test] | - `test/baseWallCatalog.test.js` (dosya düzeyi) :3 [test] | - `test/baseWallCatalog.test.js` `for` :9 [test] | - `test/baseWallRecipes.test.js` (dosya düzeyi) :4 [test] | - `test/baseWallRecipes.test.js` `for` :34 [test] | - `test/catalogSingleSource.test.js` (dosya düzeyi) :7 [test] | - `test/chairEamesContract.test.js` (dosya düzeyi) :4 [test] | - `test/coatRackModule.test.js` (dosya düzeyi) :4 [test] | - `test/commercialItemsContract.test.js` (dosya düzeyi) :5 [test] | - `test/cornerPanelsItemContract.test.js` (dosya düzeyi) :16 [test] | - `test/counterModule.test.js` `for` :18 [test] | - `test/deskBankoItemsContract.test.js` (dosya düzeyi) :3 [test] | - `test/deskBankoItemsContract.test.js` `if` :99 [test] | - `test/doorCompositeItemContract.test.js` (dosya düzeyi) :5 [test] | - `test/doorLeafItemContract.test.js` (dosya düzeyi) :17 [test] | - `test/eamesTableChairSetContract.test.js` (dosya düzeyi) :4 [test] | - `test/floorItemsContract.test.js` (dosya düzeyi) :3 [test] | - `test/floorItemsContract.test.js` `for` :35 [test] | - `test/furnitureItemsContract.test.js` (dosya düzeyi) :3 [test] | - `test/furnitureItemsContract.test.js` `if` :164 [test] | - `test/glassTableContract.test.js` (dosya düzeyi) :4 [test] | - … test/e2e ek 54 eşleşme (src listesi tam).,- `src/items.js` `LEAF_ITEMS` :12 [define] | - `src/items.js` `COMMERCIAL_ITEMS` :122 [define] | - `src/items.js` `FURNITURE_ITEMS` :157 [write-or-literal] | - `src/items.js` (dosya düzeyi) :232 [write-or-literal] | - `src/items.js` `TOP_LIGHT_ITEMS` :261 [write-or-literal] | - `src/items.js` `NON_CATALOG_ITEMS` :279 [write-or-literal] | - `src/items.js` `INDOOR_PLANT_ITEMS` :384 [define] | - `src/items.js` `COMPOSITE_ITEMS` :513 [define] | - `src/items.js` (dosya düzeyi) :582 [define] | - `src/designState.js` `createCounterModuleState` :293 [write] | - `src/designState.js` `createBaseWallModuleState` :337 [write] | - `src/designState.js` `createBaseModuleState` :377 [write] | - `src/designState.js` `createFurnitureModuleState` :403 [write-or-literal] | - `src/designState.js` `createUprightModuleState` :487 [write-or-literal] | - `src/designState.js` `createProfileModuleState` :503 [write-or-literal] | - `src/designState.js` `modelFile` :526 [write-or-literal] | - `src/designState.js` `createIndoorPlantModuleState` :544 [write] | - `src/designState.js` `createIndoorPlantModuleState` :560 [write-or-literal] | - `src/designState.js` `createIlluminatedFoamModuleState` :576 [write] | - `src/designState.js` `createTvModuleState` :608 [write-or-literal] | - `src/designState.js` `createLedFloodlightModuleState` :627 [write-or-literal] | - `src/designState.js` `if` :710 [write] | - `src/catalog.js` `COUNTER_DIMENSIONS` :17 [write-or-literal] | - `src/catalog.js` `BASE_DIMENSIONS` :27 [write-or-literal] | - `src/catalog.js` `createUprightCatalogItem` :79 [write-or-literal] | - `src/catalog.js` `createProfileCatalogItem` :93 [write-or-literal] | - `src/catalog.js` `createBaseWallCatalogItem` :105 [write-or-literal] | - `src/catalog.js` `createWallMediaCatalogItem` :180 [write-or-literal] | - `src/catalog.js` `TV_42_DIMENSIONS` :203 [write-or-literal] | - `src/catalog.js` `LED_FLOODLIGHT_DIMENSIONS` :211 [write-or-literal] | - `src/catalog.js` `createTopLightCatalogItem` :222 [write-or-literal] | - `src/catalog.js` `createIndoorPlantCatalogItem` :239 [write-or-literal] | - `src/catalog.js` `createFurnitureCatalogItem` :255 [write-or-literal] | - `src/catalog.js` `MODULE_CATALOG` :260 [define] | - `src/catalog.js` `MODULE_CATALOG_KEYS` :346 [define] | - `src/catalog.js` `MODULE_CATALOG_GROUPS` :423 [define] | - `src/catalog.js` `resolveItemKey` :503 [write] | - `src/moduleBehavior.js` `getModuleCollisionHeightRangeCm` :275 [write] | - `src/moduleContracts.js` `resolveModuleContract` :215 [write] | - `src/scene3d.js` `ensureModuleSelectionFrame` :978 [write] | - `src/scene3d.js` `createBaseWallModule` :1423 [write-or-literal] | - `src/scene3d.js` `if` :1872 [write-or-literal] | - `src/scene3d.js` `rotateSelectedModule` :2266 [write-or-literal] | - `src/scene3d.js` `getWallOverlayDragPoint` :2346 [write] | - `src/scene3d.js` `rawOffsetCm` :2349 [write] | - `src/scene3d.js` `if` :2407 [write] | - `src/scene3d.js` `createIlluminatedFoamModule` :4706 [write] | - `src/scene3d.js` `createTvModule` :4847 [write] | - `src/scene3d.js` `createMiniFridgeModule` :4998 [write] | - `src/scene3d.js` `createIndoorPlantModule` :5068 [write] | - `src/scene3d.js` `createCoatRackModule` :5229 [write] | - `src/scene3d.js` `createUprightModule` :5295 [write] | - `src/scene3d.js` `createProfileModule` :5344 [write] | - `src/scene3d.js` `createKettleModule` :5394 [write] | - `src/scene3d.js` `createLedFloodlightModule` :5459 [write] | - `src/scene3d.js` `createBarStoolModule` :5671 [write] | - `src/scene3d.js` `createEamesChairModule` :5752 [write] | - `src/scene3d.js` `addProceduralGlassTable` :5832 [write] | - `src/scene3d.js` `createGlassTableModule` :5864 [write] | - `src/scene3d.js` `createEamesTableChairSetModule` :5912 [write] | - `src/scene3d.js` `addClassicCoffeeTable` :6140 [write] | - `src/scene3d.js` `createBeigeSofaFurnitureProxy` :6241 [write] | - `src/scene3d.js` `createBeigeSofaSetModule` :6270 [write] | - `src/main.js` `for` :680 [write-or-literal] | - `src/main.js` `resizeContextIlluminatedFoam` :876 [write] | - `src/main.js` `finish` :1632 [write] | - `src/main.js` `if` :1662 [write] | - `src/main.js` `onKeyDown` :1710 [write] | - `src/autoDepot.js` `AUTO_DEPOT_SIZES` :12 [write] | - `src/autoDepot.js` `if` :76 [write] | - `src/autoDepot.js` `if` :120 [write-or-literal] | - `src/moduleContextMenu.js` `renderSelectionQueue` :144 [write] | - `src/moduleContextMenu.js` `submitPickerSelection` :249 [write] | - `src/moduleContextMenu.js` `renderPickerCatalog` :318 [write] | - `src/moduleDragSidebar.js` `createModuleDragSidebar` :394 [write] | - `src/moduleDragSidebar.js` `resetDragState` :431 [write] | - `src/moduleMove.js` `if` :185 [write-or-literal] | - `src/modulePlacement.js` `getWallOverlayZBoundsCm` :151 [write] | - `src/modulePlacement.js` `clampWallOverlayZCm` :166 [write] | - `src/modulePlacement.js` `validatePlacementAgainstModules` :564 [write] | - `src/modulePlacement.js` `snapUprightToShortUpJoints` :770 [write-or-literal] | - `src/modulePlacement.js` `snapPlacementToModules` :809 [write] | - `src/modulePlacement.js` `if` :1581 [write-or-literal] | - `src/standStandardsCopy.js` `getStandStandardsFacts` :15 [write] | - `src/standStandardsCopy.js` `getStandStandardsListItems` :43 [write-or-literal] | - `src/stripOccupancy.js` `getStandStripMetrics` :9 [write-or-literal] | - `src/stripOccupancy.js` `if` :53 [write-or-literal]
catalog.itemKey,Katalog descriptor itemKey,Katalog descriptor itemKey. Katalog descriptor alanı. Kaynak Item + `create*CatalogItem` eşlemesi (profilde width remap). Sidebar/drag bu nesneyi taşır.,katalog,string,yok / birimsiz,Katalog descriptor alanı. Kaynak Item + `create*CatalogItem` eşlemesi (profilde width remap). Sidebar/drag bu nesneyi taşır.,katalog descriptor (Item türevi) · src/catalog.js · MODULE_CATALOG / create*CatalogItem,src/catalog.js,Catalog default: `create*CatalogItem` Item alanından kopya. Profil `widthCm` `getStraightWallNominalWidthForProfileItem` ile remap. Kullanıcı ezemaz.,Item kaydı → create*CatalogItem eşlemesi → MODULE_CATALOG. Kullanıcı katalog alanını ezemaz.,true,64,64,hayır,yok,Kod tablosu. Persist yok (her load'da type/itemKey ile yeniden çözülür).,DERIVED,`MODULE_CATALOG` satırı `src/catalog.js` create*CatalogItem ile Item kaydından kopyalanır; ayrı yazılmaz.,hayır,hayır — türetilmiş / audit sütunu,validation yok (tablo/audit).,true,doğrudan yok veya dolaylı (kanıt bölümü).,yok veya dolaylı değil.,yok.,- `src/items.js` `getDoorLeafItem` :68 [read] | - `src/items.js` `if` :106 [read] | - `src/items.js` `getTopLightItemForType` :271 [read] | - `src/items.js` `NON_CATALOG_ITEMS` :286 [read] | - `src/items.js` `resolveStandFloorItemKey` :368 [read] | - `src/items.js` `getFurnitureClusterQuantity` :373 [read] | - `src/items.js` `COMPOSITE_ITEMS` :543 [read] | - `src/items.js` `getShowcaseBodyDefinition` :979 [read] | - `src/items.js` `getItem` :1003 [read] | - `src/designState.js` `separatorDefaultColor` :21 [read] | - `src/designState.js` `itemDefaultColorHex` :49 [read] | - `src/designState.js` `if` :57 [read] | - `src/designState.js` `createShowcaseModuleState` :169 [read] | - `src/designState.js` `isIndoorPlantItem` :512 [read] | - `src/designState.js` `createIndoorPlantModuleState` :540 [read] | - `src/catalog.js` `createBaseCatalogItem` :35 [read] | - `src/catalog.js` `createCounterCatalogItem` :45 [read] | - `src/catalog.js` `createFlatPanelCatalogItem` :57 [read] | - `src/catalog.js` `createUprightCatalogItem` :70 [read] | - `src/catalog.js` `createProfileCatalogItem` :84 [read] | - `src/catalog.js` `createBaseWallCatalogItem` :98 [read] | - `src/catalog.js` `createSeparatorCatalogItem` :110 [read] | - `src/catalog.js` `createShelfCatalogItem` :122 [read] | - `src/catalog.js` `createWallMediaCatalogItem` :173 [read] | - `src/catalog.js` `createTopLightCatalogItem` :215 [read] | - `src/catalog.js` `createCommercialCatalogItem` :227 [read] | - `src/catalog.js` `createIndoorPlantCatalogItem` :232 [read] | - `src/catalog.js` `createFurnitureCatalogItem` :248 [read] | - `src/moduleContracts.js` (dosya düzeyi) :1 [read] | - `src/moduleContracts.js` `resolveModuleContract` :210 [read] | - `src/itemBom.js` `positiveQuantity` :4 [read] | - `src/itemBom.js` `if` :27 [read] | - `src/moduleRecipes.js` `getStraightWallNominalWidthForProfileItem` :185 [read] | - `src/moduleRecipes.js` `getRecipeItemKey` :200 [read] | - `src/scene3d.js` `if` :1888 [read] | - `src/scene3d.js` `createSofaPieceClassicModule` :6344 [read] | - `src/main.js` `assignStandFloorItem` :521 [read] | - `src/main.js` `if` :1415 [read] | - `src/autoDepot.js` (dosya düzeyi) :1 [read] | - `src/moduleContextMenu.js` (dosya düzeyi) :1 [read] | - `src/moduleContextMenu.js` `addModuleToSelection` :240 [read] | - `src/moduleDragSidebar.js` (dosya düzeyi) :1 [read] | - `src/modulePlacement.js` `validatePlacementAgainstModules` :588 [read] | - `src/modulePlacement.js` `addCandidate` :896 [read] | - `src/rawBomDebug.js` `renderItemBom` :78 [read] | - `test/barStool2.test.js` (dosya düzeyi) :3 [test] | - `test/baseItemsContract.test.js` (dosya düzeyi) :4 [test] | - `test/baseItemsContract.test.js` `for` :114 [test] | - `test/baseModule.test.js` (dosya düzeyi) :3 [test] | - `test/baseRecipes.test.js` (dosya düzeyi) :35 [test] | - `test/baseTopsItemContract.test.js` (dosya düzeyi) :30 [test] | - `test/baseTopsItemContract.test.js` `for` :52 [test] | - `test/baseWallCatalog.test.js` (dosya düzeyi) :3 [test] | - `test/baseWallCatalog.test.js` `for` :9 [test] | - `test/baseWallRecipes.test.js` (dosya düzeyi) :4 [test] | - `test/baseWallRecipes.test.js` `for` :34 [test] | - `test/boardMaterialItemContract.test.js` `for` :34 [test] | - `test/catalogSingleSource.test.js` (dosya düzeyi) :7 [test] | - `test/chairEamesContract.test.js` (dosya düzeyi) :4 [test] | - `test/coatRackModule.test.js` (dosya düzeyi) :4 [test] | - `test/commercialItemsContract.test.js` (dosya düzeyi) :5 [test] | - `test/connectorBom.test.js` (dosya düzeyi) :18 [test] | - `test/cornerPanelsItemContract.test.js` (dosya düzeyi) :58 [test] | - `test/cornerPanelsItemContract.test.js` `for` :79 [test] | - `test/counterRecipes.test.js` (dosya düzeyi) :20 [test] | - `test/counterTopDefaultColor.test.js` `for` :16 [test] | - `test/counterTopsItemContract.test.js` (dosya düzeyi) :26 [test] | - `test/counterTopsItemContract.test.js` `for` :44 [test] | - `test/designState.test.js` (dosya düzeyi) :183 [test] | - `test/deskBankoItemsContract.test.js` (dosya düzeyi) :3 [test] | - … test/e2e ek 115 eşleşme (src listesi tam).,- `src/items.js` `LEAF_ITEMS` :3 [define] | - `src/items.js` `getDoorLeafItem` :67 [write] | - `src/items.js` `for` :98 [write] | - `src/items.js` `if` :101 [write-or-literal] | - `src/items.js` `if` :112 [write] | - `src/items.js` `if` :114 [define] | - `src/items.js` `COMMERCIAL_ITEMS` :121 [write-or-literal] | - `src/items.js` `FURNITURE_ITEMS` :151 [write-or-literal] | - `src/items.js` `FURNITURE_ITEMS` :161 [define] | - `src/items.js` (dosya düzeyi) :237 [write-or-literal] | - `src/items.js` `TOP_LIGHT_ITEMS` :255 [write-or-literal] | - `src/items.js` `NON_CATALOG_ITEMS` :274 [write-or-literal] | - `src/items.js` `FLOOR_ITEMS` :289 [write-or-literal] | - `src/items.js` `INDOOR_PLANT_ITEMS` :381 [write-or-literal] | - `src/items.js` `WALL_MEDIA_ITEMS` :424 [write-or-literal] | - `src/items.js` `resolveWallMediaMetrics` :460 [write-or-literal] | - `src/items.js` `COMPOSITE_ITEMS` :495 [write-or-literal] | - `src/items.js` `isShortUpFamilyDescriptor` :1017 [write] | - `src/designState.js` `separatorDefaultColor` :22 [write] | - `src/designState.js` `if` :61 [write-or-literal] | - `src/designState.js` `resolveFlatPanelItemKey` :87 [write] | - `src/designState.js` `createFlatPanelModuleState` :95 [write] | - `src/designState.js` `createFlatPanelModuleState` :104 [write-or-literal] | - `src/designState.js` `resolveSeparatorItemKey` :122 [write] | - `src/designState.js` `resolveSeparatorItemKey` :128 [write-or-literal] | - `src/designState.js` `createSeparatorModuleState` :149 [write] | - `src/designState.js` `createSeparatorModuleState` :156 [write-or-literal] | - `src/designState.js` `createShowcaseModuleState` :168 [write] | - `src/designState.js` `createShowcaseModuleState` :177 [write-or-literal] | - `src/designState.js` `resolveShelfItemKey` :200 [write] | - `src/designState.js` `resolveShelfItemKey` :206 [write-or-literal] | - `src/designState.js` `createShelfModuleState` :222 [write] | - `src/designState.js` `createShelfModuleState` :230 [write-or-literal] | - `src/designState.js` `createDoorModuleState` :251 [write-or-literal] | - `src/designState.js` `resolveCounterItemKey` :275 [write] | - `src/designState.js` `createCounterModuleState` :289 [write] | - `src/designState.js` `resolveBaseWallItemKey` :326 [write] | - `src/designState.js` `createBaseWallModuleState` :334 [write] | - `src/designState.js` `createBaseWallModuleState` :341 [write-or-literal] | - `src/designState.js` `resolveBaseItemKey` :366 [write] | - `src/designState.js` `createBaseModuleState` :374 [write] | - `src/designState.js` `createBaseModuleState` :381 [write-or-literal] | - `src/designState.js` `createFurnitureModuleState` :399 [write-or-literal] | - `src/designState.js` `createCommercialModuleState` :454 [write-or-literal] | - `src/designState.js` `createUprightModuleState` :483 [write-or-literal] | - `src/designState.js` `createProfileModuleState` :492 [write] | - `src/designState.js` `createProfileModuleState` :499 [write-or-literal] | - `src/designState.js` `resolveIndoorPlantItemKey` :517 [write] | - `src/designState.js` `modelFile` :528 [write-or-literal] | - `src/designState.js` `createIndoorPlantModuleState` :546 [write] | - `src/designState.js` `createIndoorPlantModuleState` :556 [write-or-literal] | - `src/designState.js` `createIlluminatedFoamModuleState` :579 [write-or-literal] | - `src/catalog.js` `createBaseCatalogItem` :36 [write] | - `src/catalog.js` `createBaseCatalogItem` :38 [write-or-literal] | - `src/catalog.js` `createCounterCatalogItem` :46 [write] | - `src/catalog.js` `createCounterCatalogItem` :48 [write-or-literal] | - `src/catalog.js` `createFlatPanelCatalogItem` :58 [write] | - `src/catalog.js` `createFlatPanelCatalogItem` :60 [write-or-literal] | - `src/catalog.js` `createUprightCatalogItem` :71 [write] | - `src/catalog.js` `createUprightCatalogItem` :75 [write-or-literal] | - `src/catalog.js` `createProfileCatalogItem` :85 [write] | - `src/catalog.js` `createProfileCatalogItem` :89 [write-or-literal] | - `src/catalog.js` `createBaseWallCatalogItem` :99 [write] | - `src/catalog.js` `createBaseWallCatalogItem` :101 [write-or-literal] | - `src/catalog.js` `createSeparatorCatalogItem` :111 [write] | - `src/catalog.js` `createSeparatorCatalogItem` :113 [write-or-literal] | - `src/catalog.js` `createShelfCatalogItem` :123 [write] | - `src/catalog.js` `createShelfCatalogItem` :125 [write-or-literal] | - `src/catalog.js` `createWallMediaCatalogItem` :174 [write] | - `src/catalog.js` `createWallMediaCatalogItem` :176 [write-or-literal] | - `src/catalog.js` `createTopLightCatalogItem` :216 [write] | - `src/catalog.js` `createTopLightCatalogItem` :218 [write-or-literal] | - `src/catalog.js` `createCommercialCatalogItem` :228 [write] | - `src/catalog.js` `createIndoorPlantCatalogItem` :233 [write] | - `src/catalog.js` `createIndoorPlantCatalogItem` :235 [write-or-literal] | - `src/catalog.js` `createFurnitureCatalogItem` :249 [write] | - `src/catalog.js` `createFurnitureCatalogItem` :251 [write-or-literal] | - `src/catalog.js` `MODULE_CATALOG` :260 [define] | - `src/catalog.js` `MODULE_CATALOG` :280 [write-or-literal] | - `src/moduleBehavior.js` `getModuleCollisionHeightRangeCm` :280 [write] | - `src/moduleContracts.js` `resolveModuleContract` :202 [write-or-literal] | - `src/moduleContracts.js` `resolveModuleContract` :215 [write] | - `src/itemBom.js` `positiveQuantity` :7 [write-or-literal] | - `src/itemBom.js` `resolveLines` :32 [write] | - `src/itemBom.js` `resolveLines` :34 [write-or-literal] | - `src/itemBom.js` `if` :39 [write-or-literal] | - `src/itemBom.js` `if` :47 [write] | - `src/itemBom.js` `resolveItemBom` :61 [write] | - `src/itemBom.js` `for` :66 [write] | - `src/moduleRecipes.js` (dosya düzeyi) :5 [write-or-literal] | - `src/moduleRecipes.js` `for` :210 [write] | - `src/moduleRecipes.js` `if` :259 [write-or-literal] | - `src/scene3d.js` (dosya düzeyi) :73 [define] | - `src/scene3d.js` `fine` :516 [write] | - `src/scene3d.js` `setFloorType` :610 [write] | - `src/scene3d.js` `pickModuleContext` :1806 [write-or-literal] | - `src/scene3d.js` `if` :2090 [write] | - `src/scene3d.js` `rotateSelectedModule` :2265 [write-or-literal] | - `src/scene3d.js` `if` :2576 [write-or-literal] | - `src/scene3d.js` `createProfileModule` :5341 [write] | - `src/scene3d.js` `createSofaPieceClassicModule` :6345 [write] | - `src/scene3d.js` `for` :7173 [write] | - `src/scene3d.js` `createShowcaseModule` :7445 [write] | - `src/main.js` `syncFloorTypeSelect` :89 [write] | - `src/main.js` `assignStandFloorItem` :522 [write] | - `src/main.js` `createCatalogModuleState` :527 [write] | - `src/main.js` `createCatalogModuleState` :530 [write-or-literal] | - `src/main.js` `for` :679 [write-or-literal] | - `src/main.js` `resizeContextIlluminatedFoam` :901 [write] | - `src/autoDepot.js` `AUTO_DEPOT_SIZES` :12 [write] | - `src/autoDepot.js` `if` :76 [write] | - `src/autoDepot.js` `if` :119 [write-or-literal] | - `src/moduleContextMenu.js` `renderSelectionQueue` :144 [write] | - `src/moduleContextMenu.js` `submitPickerSelection` :249 [write] | - `src/moduleContextMenu.js` `renderPickerCatalog` :318 [write] | - `src/moduleDragSidebar.js` `createModuleDragSidebar` :394 [write] | - `src/moduleDragSidebar.js` `resetDragState` :431 [write] | - `src/moduleMove.js` `if` :184 [write-or-literal] | - `src/modulePlacement.js` `validatePlacementAgainstModules` :563 [write] | - `src/modulePlacement.js` `snapUprightToShortUpJoints` :769 [write-or-literal] | - `src/modulePlacement.js` `snapPlacementToModules` :808 [write] | - `src/modulePlacement.js` `if` :1580 [write-or-literal] | - `src/rawBomDebug.js` `if` :72 [write] | - `src/rawBomDebug.js` `renderItemBom` :83 [write] | - `src/selectionFeedback.js` `if` :76 [write] | - `src/stripOccupancy.js` `resolveModuleStripOccupancy` :23 [write]
catalog.label,Katalog kart etiketi,Katalog kart etiketi. Katalog descriptor alanı. Kaynak Item + `create*CatalogItem` eşlemesi (profilde width remap). Sidebar/drag bu nesneyi taşır.,katalog,string,yok / birimsiz,Katalog descriptor alanı. Kaynak Item + `create*CatalogItem` eşlemesi (profilde width remap). Sidebar/drag bu nesneyi taşır.,katalog descriptor (Item türevi) · src/catalog.js · MODULE_CATALOG / create*CatalogItem,src/catalog.js,Catalog default: `create*CatalogItem` Item alanından kopya. Profil `widthCm` `getStraightWallNominalWidthForProfileItem` ile remap. Kullanıcı ezemaz.,Item kaydı → create*CatalogItem eşlemesi → MODULE_CATALOG. Kullanıcı katalog alanını ezemaz.,true,64,64,hayır,yok,Kod tablosu. Persist yok (her load'da type/itemKey ile yeniden çözülür).,DERIVED,`MODULE_CATALOG` satırı `src/catalog.js` create*CatalogItem ile Item kaydından kopyalanır; ayrı yazılmaz.,hayır,hayır — türetilmiş / audit sütunu,validation yok (tablo/audit).,true,doğrudan yok veya dolaylı (kanıt bölümü).,yok veya dolaylı değil.,yok.,- `src/items.js` `getTopLightItemForType` :271 [read] | - `src/catalog.js` `resolveItemKey` :500 [read] | - `src/catalog.js` `getModuleCatalogItem` :534 [read] | - `src/catalog.js` `getModuleCatalogLabel` :538 [read] | - `src/moduleContracts.js` (dosya düzeyi) :1 [read] | - `src/moduleContracts.js` `resolveModuleContract` :210 [read] | - `src/scene3d.js` `getViewCubeFit` :272 [read] | - `src/scene3d.js` `if` :2079 [read] | - `src/scene3d.js` `createMiniFridgeTopLabel` :4942 [read] | - `src/scene3d.js` `createPlasticTrashBinTopLabel` :4988 [read] | - `src/main.js` (dosya düzeyi) :194 [read] | - `src/main.js` `if` :1117 [read] | - `src/main.js` `requestIlluminatedFoamDimensions` :1609 [read] | - `src/autoDepot.js` (dosya düzeyi) :1 [read] | - `src/helpGuide.js` `initHelpGuide` :251 [read] | - `src/moduleContextMenu.js` (dosya düzeyi) :1 [read] | - `src/moduleContextMenu.js` `createModuleContextMenu` :43 [read] | - `src/moduleContextMenu.js` `addModuleToSelection` :240 [read] | - `src/moduleDragSidebar.js` (dosya düzeyi) :1 [read] | - `src/moduleDragSidebar.js` `resetDragState` :445 [read] | - `src/projectNaming.js` `updatePreview` :77 [read] | - `src/rawBomDebug.js` `renderItemBom` :78 [read] | - `src/rawBomDebug.js` `if` :141 [read] | - `src/selectionFeedback.js` `if` :34 [read] | - `src/selectionFeedback.js` `describeFloorSelection` :177 [read] | - `src/sidebarController.js` `if` :13 [read] | - `src/viewCube.js` `createViewCube` :25 [read] | - `src/viewCube.js` `createFaceTexture` :327 [read] | - `test/barStool2.test.js` (dosya düzeyi) :3 [test] | - `test/baseItemsContract.test.js` (dosya düzeyi) :4 [test] | - `test/baseItemsContract.test.js` `for` :114 [test] | - `test/baseModule.test.js` (dosya düzeyi) :3 [test] | - `test/baseWallCatalog.test.js` (dosya düzeyi) :3 [test] | - `test/baseWallCatalog.test.js` `for` :9 [test] | - `test/baseWallRecipes.test.js` (dosya düzeyi) :4 [test] | - `test/baseWallRecipes.test.js` `for` :34 [test] | - `test/catalogSingleSource.test.js` (dosya düzeyi) :7 [test] | - `test/chairEamesContract.test.js` (dosya düzeyi) :4 [test] | - `test/coatRackModule.test.js` (dosya düzeyi) :4 [test] | - `test/commercialItemsContract.test.js` (dosya düzeyi) :5 [test] | - `test/deskBankoItemsContract.test.js` (dosya düzeyi) :3 [test] | - `test/deskBankoItemsContract.test.js` `if` :95 [test] | - `test/doorCompositeItemContract.test.js` (dosya düzeyi) :5 [test] | - `test/eamesTableChairSetContract.test.js` (dosya düzeyi) :4 [test] | - `test/floorItemsContract.test.js` (dosya düzeyi) :3 [test] | - `test/floorItemsContract.test.js` `for` :35 [test] | - `test/furnitureItemsContract.test.js` (dosya düzeyi) :3 [test] | - `test/furnitureItemsContract.test.js` `if` :167 [test] | - `test/glassTableContract.test.js` (dosya düzeyi) :4 [test] | - `test/globalSilhouetteGhost.test.js` (dosya düzeyi) :4 [test] | - `test/indoorPlantItemsContract.test.js` (dosya düzeyi) :3 [test] | - `test/indoorPlants.test.js` (dosya düzeyi) :4 [test] | - `test/kettle.test.js` (dosya düzeyi) :4 [test] | - … test/e2e ek 44 eşleşme (src listesi tam).,- `src/items.js` `resolveWallMediaMetrics` :460 [write-or-literal] | - `src/catalog.js` `createBaseCatalogItem` :41 [write-or-literal] | - `src/catalog.js` `createCounterCatalogItem` :51 [write-or-literal] | - `src/catalog.js` `createFlatPanelCatalogItem` :63 [write-or-literal] | - `src/catalog.js` `createUprightCatalogItem` :80 [write-or-literal] | - `src/catalog.js` `createProfileCatalogItem` :94 [write-or-literal] | - `src/catalog.js` `createBaseWallCatalogItem` :106 [write-or-literal] | - `src/catalog.js` `createSeparatorCatalogItem` :116 [write-or-literal] | - `src/catalog.js` `createShelfCatalogItem` :129 [write-or-literal] | - `src/catalog.js` `createWallMediaCatalogItem` :184 [write-or-literal] | - `src/catalog.js` `createTopLightCatalogItem` :223 [write-or-literal] | - `src/catalog.js` `createCommercialCatalogItem` :229 [write-or-literal] | - `src/catalog.js` `createIndoorPlantCatalogItem` :240 [write-or-literal] | - `src/catalog.js` `createFurnitureCatalogItem` :256 [write-or-literal] | - `src/catalog.js` `MODULE_CATALOG` :260 [define] | - `src/catalog.js` `MODULE_CATALOG` :284 [write-or-literal] | - `src/catalog.js` `MODULE_CATALOG_KEYS` :346 [define] | - `src/catalog.js` `MODULE_CATALOG_GROUPS` :423 [define] | - `src/catalog.js` `MODULE_CATALOG_GROUPS` :425 [write-or-literal] | - `src/catalog.js` `resolveItemKey` :503 [write] | - `src/moduleContracts.js` `resolveModuleContract` :215 [write] | - `src/scene3d.js` (dosya düzeyi) :289 [write] | - `src/scene3d.js` `if` :2077 [write] | - `src/scene3d.js` `createMiniFridgeTopLabel` :4931 [write] | - `src/scene3d.js` `createPlasticTrashBinTopLabel` :4976 [write] | - `src/main.js` `if` :1115 [write] | - `src/main.js` `requestIlluminatedFoamDimensions` :1611 [write] | - `src/autoDepot.js` `AUTO_DEPOT_SIZES` :5 [write-or-literal] | - `src/autoDepot.js` `AUTO_DEPOT_SIZES` :12 [write] | - `src/autoDepot.js` `if` :76 [write] | - `src/helpGuide.js` `initHelpGuide` :259 [write] | - `src/moduleContextMenu.js` `createModuleContextMenu` :65 [write] | - `src/moduleContextMenu.js` `renderSelectionQueue` :144 [write] | - `src/moduleContextMenu.js` `submitPickerSelection` :249 [write] | - `src/moduleContextMenu.js` `createPickerCard` :290 [write] | - `src/moduleContextMenu.js` `renderPickerCatalog` :318 [write] | - `src/moduleDragSidebar.js` `createModuleDragSidebar` :394 [write] | - `src/moduleDragSidebar.js` `resetDragState` :431 [write] | - `src/projectNaming.js` `if` :57 [write] | - `src/rawBomDebug.js` `parseLCounterSelection` :21 [write-or-literal] | - `src/rawBomDebug.js` `renderRecipe` :55 [write] | - `src/rawBomDebug.js` `if` :65 [write] | - `src/rawBomDebug.js` `renderItemBom` :90 [write] | - `src/selectionFeedback.js` `describeFloorSelection` :175 [write] | - `src/viewCube.js` (dosya düzeyi) :14 [write-or-literal] | - `src/viewCube.js` `createViewCube` :57 [write] | - `index.html` (dosya düzeyi) :53 [write]
catalog.modelFile,Katalog descriptor: modelFile,Katalog descriptor: modelFile. Katalog descriptor alanı. Kaynak Item + `create*CatalogItem` eşlemesi (profilde width remap). Sidebar/drag bu nesneyi taşır.,katalog,string,yok / birimsiz,Katalog descriptor alanı. Kaynak Item + `create*CatalogItem` eşlemesi (profilde width remap). Sidebar/drag bu nesneyi taşır.,katalog descriptor (Item türevi) · src/catalog.js · MODULE_CATALOG / create*CatalogItem,src/catalog.js,Catalog default: `create*CatalogItem` Item alanından kopya. Profil `widthCm` `getStraightWallNominalWidthForProfileItem` ile remap. Kullanıcı ezemaz.,Item kaydı → create*CatalogItem eşlemesi → MODULE_CATALOG. Kullanıcı katalog alanını ezemaz.,true,9,9,hayır,yok,Kod tablosu. Persist yok (her load'da type/itemKey ile yeniden çözülür).,DERIVED,`MODULE_CATALOG` satırı `src/catalog.js` create*CatalogItem ile Item kaydından kopyalanır; ayrı yazılmaz.,hayır,hayır — türetilmiş / audit sütunu,validation yok (tablo/audit).,true,doğrudan yok veya dolaylı (kanıt bölümü).,yok veya dolaylı değil.,yok.,- `src/items.js` `getTopLightItemForType` :271 [read] | - `src/items.js` `getFurnitureClusterQuantity` :377 [read] | - `src/items.js` `INDOOR_PLANT_ITEMS` :385 [read] | - `src/designState.js` `if` :135 [read] | - `src/designState.js` `resolveIndoorPlantItemKey` :519 [read] | - `src/designState.js` `modelFile` :521 [read] | - `src/designState.js` `createIndoorPlantModuleState` :541 [read] | - `src/catalog.js` `resolveItemKey` :500 [read] | - `src/catalog.js` `if` :519 [read] | - `src/catalog.js` `getModuleCatalogItem` :534 [read] | - `src/moduleContracts.js` (dosya düzeyi) :1 [read] | - `src/moduleContracts.js` `resolveModuleContract` :210 [read] | - `src/scene3d.js` `loadMiniFridgeModel` :124 [read] | - `src/scene3d.js` `loadCoatRackModel` :128 [read] | - `src/scene3d.js` `loadKettleModel` :132 [read] | - `src/scene3d.js` `loadIndoorPlantModel` :135 [read] | - `src/scene3d.js` `if` :5219 [read] | - `src/autoDepot.js` (dosya düzeyi) :1 [read] | - `src/moduleContextMenu.js` (dosya düzeyi) :1 [read] | - `src/moduleContextMenu.js` `addModuleToSelection` :240 [read] | - `src/moduleDragSidebar.js` (dosya düzeyi) :1 [read] | - `src/moduleDragSidebar.js` `if` :224 [read] | - `test/barStool2.test.js` (dosya düzeyi) :3 [test] | - `test/baseItemsContract.test.js` (dosya düzeyi) :4 [test] | - `test/baseItemsContract.test.js` `for` :114 [test] | - `test/baseModule.test.js` (dosya düzeyi) :3 [test] | - `test/baseWallCatalog.test.js` (dosya düzeyi) :3 [test] | - `test/baseWallCatalog.test.js` `for` :9 [test] | - `test/baseWallRecipes.test.js` (dosya düzeyi) :4 [test] | - `test/baseWallRecipes.test.js` `for` :34 [test] | - `test/catalogSingleSource.test.js` (dosya düzeyi) :7 [test] | - `test/chairEamesContract.test.js` (dosya düzeyi) :4 [test] | - `test/coatRackModule.test.js` (dosya düzeyi) :4 [test] | - `test/commercialItemsContract.test.js` (dosya düzeyi) :5 [test] | - `test/deskBankoItemsContract.test.js` (dosya düzeyi) :3 [test] | - `test/doorCompositeItemContract.test.js` (dosya düzeyi) :5 [test] | - `test/eamesTableChairSetContract.test.js` (dosya düzeyi) :4 [test] | - `test/floorItemsContract.test.js` (dosya düzeyi) :3 [test] | - `test/floorItemsContract.test.js` `for` :35 [test] | - `test/furnitureItemsContract.test.js` (dosya düzeyi) :3 [test] | - `test/glassTableContract.test.js` (dosya düzeyi) :4 [test] | - `test/globalSilhouetteGhost.test.js` (dosya düzeyi) :4 [test] | - `test/indoorPlantItemsContract.test.js` (dosya düzeyi) :3 [test] | - `test/indoorPlants.test.js` (dosya düzeyi) :4 [test] | - `test/kettle.test.js` (dosya düzeyi) :4 [test] | - `test/lCounter100Contract.test.js` (dosya düzeyi) :4 [test] | - `test/lCounter150Contract.test.js` (dosya düzeyi) :4 [test] | - … test/e2e ek 35 eşleşme (src listesi tam).,- `src/items.js` `COMMERCIAL_ITEMS` :123 [write-or-literal] | - `src/items.js` `INDOOR_PLANT_ITEMS` :395 [write-or-literal] | - `src/items.js` (dosya düzeyi) :829 [write-or-literal] | - `src/designState.js` `resolveSeparatorItemKey` :127 [write-or-literal] | - `src/designState.js` `resolveSeparatorItemKey` :134 [write] | - `src/designState.js` `createSeparatorModuleState` :159 [write-or-literal] | - `src/designState.js` `createCommercialModuleState` :458 [write] | - `src/designState.js` `resolveIndoorPlantItemKey` :520 [write] | - `src/designState.js` `createIndoorPlantModuleState` :552 [write] | - `src/catalog.js` `createSeparatorCatalogItem` :118 [write] | - `src/catalog.js` `createIndoorPlantCatalogItem` :244 [write] | - `src/catalog.js` `MODULE_CATALOG` :260 [define] | - `src/catalog.js` `MODULE_CATALOG_KEYS` :346 [define] | - `src/catalog.js` `MODULE_CATALOG_GROUPS` :423 [define] | - `src/catalog.js` `normalizeCatalogDescriptor` :491 [write-or-literal] | - `src/catalog.js` `resolveItemKey` :503 [write] | - `src/moduleContracts.js` `resolveModuleContract` :215 [write] | - `src/scene3d.js` `createIndoorPlantModule` :5065 [write] | - `src/scene3d.js` `if` :5125 [write] | - `src/scene3d.js` `if` :5216 [write-or-literal] | - `src/autoDepot.js` `AUTO_DEPOT_SIZES` :12 [write] | - `src/autoDepot.js` `if` :76 [write] | - `src/autoDepot.js` `if` :121 [write-or-literal] | - `src/moduleContextMenu.js` `renderSelectionQueue` :144 [write] | - `src/moduleContextMenu.js` `submitPickerSelection` :249 [write] | - `src/moduleContextMenu.js` `renderPickerCatalog` :318 [write] | - `src/moduleDragSidebar.js` `createModuleDragSidebar` :394 [write] | - `src/moduleDragSidebar.js` `resetDragState` :431 [write]
catalog.modelRotationYDeg,Katalog descriptor: modelRotationYDeg,Katalog descriptor: modelRotationYDeg. Katalog descriptor alanı. Kaynak Item + `create*CatalogItem` eşlemesi (profilde width remap). Sidebar/drag bu nesneyi taşır.,katalog,number (derece),derece,Katalog descriptor alanı. Kaynak Item + `create*CatalogItem` eşlemesi (profilde width remap). Sidebar/drag bu nesneyi taşır.,katalog descriptor (Item türevi) · src/catalog.js · MODULE_CATALOG / create*CatalogItem,src/catalog.js,Catalog default: `create*CatalogItem` Item alanından kopya. Profil `widthCm` `getStraightWallNominalWidthForProfileItem` ile remap. Kullanıcı ezemaz.,Item kaydı → create*CatalogItem eşlemesi → MODULE_CATALOG. Kullanıcı katalog alanını ezemaz.,true,5,5,hayır,yok,Kod tablosu. Persist yok (her load'da type/itemKey ile yeniden çözülür).,DERIVED,`MODULE_CATALOG` satırı `src/catalog.js` create*CatalogItem ile Item kaydından kopyalanır; ayrı yazılmaz.,hayır,hayır — türetilmiş / audit sütunu,validation yok (tablo/audit).,true,doğrudan yok veya dolaylı (kanıt bölümü).,yok veya dolaylı değil.,yok.,- `src/items.js` `getTopLightItemForType` :271 [read] | - `src/catalog.js` `resolveItemKey` :500 [read] | - `src/catalog.js` `getModuleCatalogItem` :534 [read] | - `src/moduleContracts.js` (dosya düzeyi) :1 [read] | - `src/moduleContracts.js` `resolveModuleContract` :210 [read] | - `src/autoDepot.js` (dosya düzeyi) :1 [read] | - `src/moduleContextMenu.js` (dosya düzeyi) :1 [read] | - `src/moduleContextMenu.js` `addModuleToSelection` :240 [read] | - `src/moduleDragSidebar.js` (dosya düzeyi) :1 [read] | - `test/barStool2.test.js` (dosya düzeyi) :3 [test] | - `test/baseItemsContract.test.js` (dosya düzeyi) :4 [test] | - `test/baseItemsContract.test.js` `for` :114 [test] | - `test/baseModule.test.js` (dosya düzeyi) :3 [test] | - `test/baseWallCatalog.test.js` (dosya düzeyi) :3 [test] | - `test/baseWallCatalog.test.js` `for` :9 [test] | - `test/baseWallRecipes.test.js` (dosya düzeyi) :4 [test] | - `test/baseWallRecipes.test.js` `for` :34 [test] | - `test/catalogSingleSource.test.js` (dosya düzeyi) :7 [test] | - `test/chairEamesContract.test.js` (dosya düzeyi) :4 [test] | - `test/coatRackModule.test.js` (dosya düzeyi) :4 [test] | - `test/commercialItemsContract.test.js` (dosya düzeyi) :5 [test] | - `test/deskBankoItemsContract.test.js` (dosya düzeyi) :3 [test] | - `test/doorCompositeItemContract.test.js` (dosya düzeyi) :5 [test] | - `test/eamesTableChairSetContract.test.js` (dosya düzeyi) :4 [test] | - `test/floorItemsContract.test.js` (dosya düzeyi) :3 [test] | - `test/floorItemsContract.test.js` `for` :35 [test] | - `test/furnitureItemsContract.test.js` (dosya düzeyi) :3 [test] | - `test/glassTableContract.test.js` (dosya düzeyi) :4 [test] | - `test/globalSilhouetteGhost.test.js` (dosya düzeyi) :4 [test] | - `test/indoorPlantItemsContract.test.js` (dosya düzeyi) :3 [test] | - `test/indoorPlants.test.js` (dosya düzeyi) :4 [test] | - `test/kettle.test.js` (dosya düzeyi) :4 [test] | - `test/lCounter100Contract.test.js` (dosya düzeyi) :4 [test] | - `test/lCounter150Contract.test.js` (dosya düzeyi) :4 [test] | - … test/e2e ek 30 eşleşme (src listesi tam).,- `src/items.js` `COMMERCIAL_ITEMS` :139 [write-or-literal] | - `src/items.js` `INDOOR_PLANT_ITEMS` :387 [write-or-literal] | - `src/designState.js` `createCommercialModuleState` :459 [write] | - `src/designState.js` `createIndoorPlantModuleState` :562 [write-or-literal] | - `src/catalog.js` `createIndoorPlantCatalogItem` :241 [write-or-literal] | - `src/catalog.js` `MODULE_CATALOG` :260 [define] | - `src/catalog.js` `MODULE_CATALOG_KEYS` :346 [define] | - `src/catalog.js` `MODULE_CATALOG_GROUPS` :423 [define] | - `src/catalog.js` `resolveItemKey` :503 [write] | - `src/moduleContracts.js` `resolveModuleContract` :215 [write] | - `src/scene3d.js` `if` :5191 [write] | - `src/autoDepot.js` `AUTO_DEPOT_SIZES` :12 [write] | - `src/autoDepot.js` `if` :76 [write] | - `src/moduleContextMenu.js` `renderSelectionQueue` :144 [write] | - `src/moduleContextMenu.js` `submitPickerSelection` :249 [write] | - `src/moduleContextMenu.js` `renderPickerCatalog` :318 [write] | - `src/moduleDragSidebar.js` `createModuleDragSidebar` :394 [write] | - `src/moduleDragSidebar.js` `resetDragState` :431 [write]
catalog.panelScreenHeightCm,Katalog descriptor: panelScreenHeightCm,Katalog descriptor: panelScreenHeightCm. Katalog descriptor alanı. Kaynak Item + `create*CatalogItem` eşlemesi (profilde width remap). Sidebar/drag bu nesneyi taşır.,katalog,number,cm,Katalog descriptor alanı. Kaynak Item + `create*CatalogItem` eşlemesi (profilde width remap). Sidebar/drag bu nesneyi taşır.,katalog descriptor (Item türevi) · src/catalog.js · MODULE_CATALOG / create*CatalogItem,src/catalog.js,Catalog default: `create*CatalogItem` Item alanından kopya. Profil `widthCm` `getStraightWallNominalWidthForProfileItem` ile remap. Kullanıcı ezemaz.,Item kaydı → create*CatalogItem eşlemesi → MODULE_CATALOG. Kullanıcı katalog alanını ezemaz.,true,2,2,hayır,yok,Kod tablosu. Persist yok (her load'da type/itemKey ile yeniden çözülür).,DERIVED,`MODULE_CATALOG` satırı `src/catalog.js` create*CatalogItem ile Item kaydından kopyalanır; ayrı yazılmaz.,hayır,hayır — türetilmiş / audit sütunu,validation yok (tablo/audit).,true,doğrudan yok veya dolaylı (kanıt bölümü).,yok veya dolaylı değil.,yok.,- `src/items.js` `getTopLightItemForType` :271 [read] | - `src/items.js` `if` :475 [read] | - `src/catalog.js` `resolveItemKey` :500 [read] | - `src/catalog.js` `getModuleCatalogItem` :534 [read] | - `src/moduleContracts.js` (dosya düzeyi) :1 [read] | - `src/moduleContracts.js` `resolveModuleContract` :210 [read] | - `src/autoDepot.js` (dosya düzeyi) :1 [read] | - `src/moduleContextMenu.js` (dosya düzeyi) :1 [read] | - `src/moduleContextMenu.js` `addModuleToSelection` :240 [read] | - `src/moduleDragSidebar.js` (dosya düzeyi) :1 [read] | - `test/barStool2.test.js` (dosya düzeyi) :3 [test] | - `test/baseItemsContract.test.js` (dosya düzeyi) :4 [test] | - `test/baseItemsContract.test.js` `for` :114 [test] | - `test/baseModule.test.js` (dosya düzeyi) :3 [test] | - `test/baseWallCatalog.test.js` (dosya düzeyi) :3 [test] | - `test/baseWallCatalog.test.js` `for` :9 [test] | - `test/baseWallRecipes.test.js` (dosya düzeyi) :4 [test] | - `test/baseWallRecipes.test.js` `for` :34 [test] | - `test/catalogSingleSource.test.js` (dosya düzeyi) :7 [test] | - `test/chairEamesContract.test.js` (dosya düzeyi) :4 [test] | - `test/coatRackModule.test.js` (dosya düzeyi) :4 [test] | - `test/commercialItemsContract.test.js` (dosya düzeyi) :5 [test] | - `test/deskBankoItemsContract.test.js` (dosya düzeyi) :3 [test] | - `test/doorCompositeItemContract.test.js` (dosya düzeyi) :5 [test] | - `test/eamesTableChairSetContract.test.js` (dosya düzeyi) :4 [test] | - `test/floorItemsContract.test.js` (dosya düzeyi) :3 [test] | - `test/floorItemsContract.test.js` `for` :35 [test] | - `test/furnitureItemsContract.test.js` (dosya düzeyi) :3 [test] | - `test/glassTableContract.test.js` (dosya düzeyi) :4 [test] | - `test/globalSilhouetteGhost.test.js` (dosya düzeyi) :4 [test] | - `test/indoorPlantItemsContract.test.js` (dosya düzeyi) :3 [test] | - `test/indoorPlants.test.js` (dosya düzeyi) :4 [test] | - `test/kettle.test.js` (dosya düzeyi) :4 [test] | - `test/lCounter100Contract.test.js` (dosya düzeyi) :4 [test] | - `test/lCounter150Contract.test.js` (dosya düzeyi) :4 [test] | - … test/e2e ek 30 eşleşme (src listesi tam).,- `src/items.js` `WALL_MEDIA_ITEMS` :444 [define] | - `src/items.js` `if` :463 [write] | - `src/items.js` `if` :489 [write-or-literal] | - `src/designState.js` `createTvModuleState` :615 [write-or-literal] | - `src/catalog.js` `if` :190 [write-or-literal] | - `src/catalog.js` `MODULE_CATALOG` :260 [define] | - `src/catalog.js` `MODULE_CATALOG_KEYS` :346 [define] | - `src/catalog.js` `MODULE_CATALOG_GROUPS` :423 [define] | - `src/catalog.js` `resolveItemKey` :503 [write] | - `src/moduleContracts.js` `resolveModuleContract` :215 [write] | - `src/scene3d.js` `createTvModule` :4832 [write] | - `src/autoDepot.js` `AUTO_DEPOT_SIZES` :12 [write] | - `src/autoDepot.js` `if` :76 [write] | - `src/moduleContextMenu.js` `renderSelectionQueue` :144 [write] | - `src/moduleContextMenu.js` `submitPickerSelection` :249 [write] | - `src/moduleContextMenu.js` `renderPickerCatalog` :318 [write] | - `src/moduleDragSidebar.js` `createModuleDragSidebar` :394 [write] | - `src/moduleDragSidebar.js` `resetDragState` :431 [write]
catalog.panelScreenWidthCm,Katalog descriptor: panelScreenWidthCm,Katalog descriptor: panelScreenWidthCm. Katalog descriptor alanı. Kaynak Item + `create*CatalogItem` eşlemesi (profilde width remap). Sidebar/drag bu nesneyi taşır.,katalog,number,cm,Katalog descriptor alanı. Kaynak Item + `create*CatalogItem` eşlemesi (profilde width remap). Sidebar/drag bu nesneyi taşır.,katalog descriptor (Item türevi) · src/catalog.js · MODULE_CATALOG / create*CatalogItem,src/catalog.js,Catalog default: `create*CatalogItem` Item alanından kopya. Profil `widthCm` `getStraightWallNominalWidthForProfileItem` ile remap. Kullanıcı ezemaz.,Item kaydı → create*CatalogItem eşlemesi → MODULE_CATALOG. Kullanıcı katalog alanını ezemaz.,true,2,2,hayır,yok,Kod tablosu. Persist yok (her load'da type/itemKey ile yeniden çözülür).,DERIVED,`MODULE_CATALOG` satırı `src/catalog.js` create*CatalogItem ile Item kaydından kopyalanır; ayrı yazılmaz.,hayır,hayır — türetilmiş / audit sütunu,validation yok (tablo/audit).,true,doğrudan yok veya dolaylı (kanıt bölümü).,yok veya dolaylı değil.,yok.,- `src/items.js` `getTopLightItemForType` :271 [read] | - `src/items.js` `if` :474 [read] | - `src/catalog.js` `resolveItemKey` :500 [read] | - `src/catalog.js` `getModuleCatalogItem` :534 [read] | - `src/moduleContracts.js` (dosya düzeyi) :1 [read] | - `src/moduleContracts.js` `resolveModuleContract` :210 [read] | - `src/autoDepot.js` (dosya düzeyi) :1 [read] | - `src/moduleContextMenu.js` (dosya düzeyi) :1 [read] | - `src/moduleContextMenu.js` `addModuleToSelection` :240 [read] | - `src/moduleDragSidebar.js` (dosya düzeyi) :1 [read] | - `test/barStool2.test.js` (dosya düzeyi) :3 [test] | - `test/baseItemsContract.test.js` (dosya düzeyi) :4 [test] | - `test/baseItemsContract.test.js` `for` :114 [test] | - `test/baseModule.test.js` (dosya düzeyi) :3 [test] | - `test/baseWallCatalog.test.js` (dosya düzeyi) :3 [test] | - `test/baseWallCatalog.test.js` `for` :9 [test] | - `test/baseWallRecipes.test.js` (dosya düzeyi) :4 [test] | - `test/baseWallRecipes.test.js` `for` :34 [test] | - `test/catalogSingleSource.test.js` (dosya düzeyi) :7 [test] | - `test/chairEamesContract.test.js` (dosya düzeyi) :4 [test] | - `test/coatRackModule.test.js` (dosya düzeyi) :4 [test] | - `test/commercialItemsContract.test.js` (dosya düzeyi) :5 [test] | - `test/deskBankoItemsContract.test.js` (dosya düzeyi) :3 [test] | - `test/doorCompositeItemContract.test.js` (dosya düzeyi) :5 [test] | - `test/eamesTableChairSetContract.test.js` (dosya düzeyi) :4 [test] | - `test/floorItemsContract.test.js` (dosya düzeyi) :3 [test] | - `test/floorItemsContract.test.js` `for` :35 [test] | - `test/furnitureItemsContract.test.js` (dosya düzeyi) :3 [test] | - `test/glassTableContract.test.js` (dosya düzeyi) :4 [test] | - `test/globalSilhouetteGhost.test.js` (dosya düzeyi) :4 [test] | - `test/indoorPlantItemsContract.test.js` (dosya düzeyi) :3 [test] | - `test/indoorPlants.test.js` (dosya düzeyi) :4 [test] | - `test/kettle.test.js` (dosya düzeyi) :4 [test] | - `test/lCounter100Contract.test.js` (dosya düzeyi) :4 [test] | - `test/lCounter150Contract.test.js` (dosya düzeyi) :4 [test] | - … test/e2e ek 30 eşleşme (src listesi tam).,- `src/items.js` `WALL_MEDIA_ITEMS` :444 [define] | - `src/items.js` `if` :463 [write] | - `src/items.js` `if` :488 [write-or-literal] | - `src/designState.js` `createTvModuleState` :614 [write-or-literal] | - `src/catalog.js` `if` :189 [write-or-literal] | - `src/catalog.js` `MODULE_CATALOG` :260 [define] | - `src/catalog.js` `MODULE_CATALOG_KEYS` :346 [define] | - `src/catalog.js` `MODULE_CATALOG_GROUPS` :423 [define] | - `src/catalog.js` `resolveItemKey` :503 [write] | - `src/moduleContracts.js` `resolveModuleContract` :215 [write] | - `src/scene3d.js` `createTvModule` :4831 [write] | - `src/autoDepot.js` `AUTO_DEPOT_SIZES` :12 [write] | - `src/autoDepot.js` `if` :76 [write] | - `src/moduleContextMenu.js` `renderSelectionQueue` :144 [write] | - `src/moduleContextMenu.js` `submitPickerSelection` :249 [write] | - `src/moduleContextMenu.js` `renderPickerCatalog` :318 [write] | - `src/moduleDragSidebar.js` `createModuleDragSidebar` :394 [write] | - `src/moduleDragSidebar.js` `resetDragState` :431 [write]
catalog.preserveModelScale,Katalog descriptor: preserveModelScale,Katalog descriptor: preserveModelScale. Katalog descriptor alanı. Kaynak Item + `create*CatalogItem` eşlemesi (profilde width remap). Sidebar/drag bu nesneyi taşır.,katalog,boolean,yok / birimsiz,Katalog descriptor alanı. Kaynak Item + `create*CatalogItem` eşlemesi (profilde width remap). Sidebar/drag bu nesneyi taşır.,katalog descriptor (Item türevi) · src/catalog.js · MODULE_CATALOG / create*CatalogItem,src/catalog.js,Catalog default: `create*CatalogItem` Item alanından kopya. Profil `widthCm` `getStraightWallNominalWidthForProfileItem` ile remap. Kullanıcı ezemaz.,Item kaydı → create*CatalogItem eşlemesi → MODULE_CATALOG. Kullanıcı katalog alanını ezemaz.,true,5,5,hayır,yok,Kod tablosu. Persist yok (her load'da type/itemKey ile yeniden çözülür).,DERIVED,`MODULE_CATALOG` satırı `src/catalog.js` create*CatalogItem ile Item kaydından kopyalanır; ayrı yazılmaz.,hayır,hayır — türetilmiş / audit sütunu,validation yok (tablo/audit).,true,doğrudan yok veya dolaylı (kanıt bölümü).,yok veya dolaylı değil.,yok.,- `src/items.js` `getTopLightItemForType` :271 [read] | - `src/designState.js` `createCommercialModuleState` :457 [read] | - `src/catalog.js` `resolveItemKey` :500 [read] | - `src/catalog.js` `getModuleCatalogItem` :534 [read] | - `src/moduleContracts.js` (dosya düzeyi) :1 [read] | - `src/moduleContracts.js` `resolveModuleContract` :210 [read] | - `src/scene3d.js` `if` :5197 [read] | - `src/autoDepot.js` (dosya düzeyi) :1 [read] | - `src/moduleContextMenu.js` (dosya düzeyi) :1 [read] | - `src/moduleContextMenu.js` `addModuleToSelection` :240 [read] | - `src/moduleDragSidebar.js` (dosya düzeyi) :1 [read] | - `test/barStool2.test.js` (dosya düzeyi) :3 [test] | - `test/baseItemsContract.test.js` (dosya düzeyi) :4 [test] | - `test/baseItemsContract.test.js` `for` :114 [test] | - `test/baseModule.test.js` (dosya düzeyi) :3 [test] | - `test/baseWallCatalog.test.js` (dosya düzeyi) :3 [test] | - `test/baseWallCatalog.test.js` `for` :9 [test] | - `test/baseWallRecipes.test.js` (dosya düzeyi) :4 [test] | - `test/baseWallRecipes.test.js` `for` :34 [test] | - `test/catalogSingleSource.test.js` (dosya düzeyi) :7 [test] | - `test/chairEamesContract.test.js` (dosya düzeyi) :4 [test] | - `test/coatRackModule.test.js` (dosya düzeyi) :4 [test] | - `test/commercialItemsContract.test.js` (dosya düzeyi) :5 [test] | - `test/deskBankoItemsContract.test.js` (dosya düzeyi) :3 [test] | - `test/doorCompositeItemContract.test.js` (dosya düzeyi) :5 [test] | - `test/eamesTableChairSetContract.test.js` (dosya düzeyi) :4 [test] | - `test/floorItemsContract.test.js` (dosya düzeyi) :3 [test] | - `test/floorItemsContract.test.js` `for` :35 [test] | - `test/furnitureItemsContract.test.js` (dosya düzeyi) :3 [test] | - `test/glassTableContract.test.js` (dosya düzeyi) :4 [test] | - `test/globalSilhouetteGhost.test.js` (dosya düzeyi) :4 [test] | - `test/indoorPlantItemsContract.test.js` (dosya düzeyi) :3 [test] | - `test/indoorPlants.test.js` (dosya düzeyi) :4 [test] | - `test/kettle.test.js` (dosya düzeyi) :4 [test] | - `test/lCounter100Contract.test.js` (dosya düzeyi) :4 [test] | - `test/lCounter150Contract.test.js` (dosya düzeyi) :4 [test] | - … test/e2e ek 30 eşleşme (src listesi tam).,- `src/items.js` `COMMERCIAL_ITEMS` :138 [write-or-literal] | - `src/items.js` `INDOOR_PLANT_ITEMS` :388 [write-or-literal] | - `src/designState.js` `createCommercialModuleState` :461 [write] | - `src/designState.js` `createIndoorPlantModuleState` :563 [write-or-literal] | - `src/catalog.js` `createIndoorPlantCatalogItem` :242 [write-or-literal] | - `src/catalog.js` `MODULE_CATALOG` :260 [define] | - `src/catalog.js` `MODULE_CATALOG_KEYS` :346 [define] | - `src/catalog.js` `MODULE_CATALOG_GROUPS` :423 [define] | - `src/catalog.js` `resolveItemKey` :503 [write] | - `src/moduleContracts.js` `resolveModuleContract` :215 [write] | - `src/autoDepot.js` `AUTO_DEPOT_SIZES` :12 [write] | - `src/autoDepot.js` `if` :76 [write] | - `src/autoDepot.js` `if` :122 [write-or-literal] | - `src/moduleContextMenu.js` `renderSelectionQueue` :144 [write] | - `src/moduleContextMenu.js` `submitPickerSelection` :249 [write] | - `src/moduleContextMenu.js` `renderPickerCatalog` :318 [write] | - `src/moduleDragSidebar.js` `createModuleDragSidebar` :394 [write] | - `src/moduleDragSidebar.js` `resetDragState` :431 [write]
catalog.screenHeightCm,Katalog descriptor: screenHeightCm,Katalog descriptor: screenHeightCm. Katalog descriptor alanı. Kaynak Item + `create*CatalogItem` eşlemesi (profilde width remap). Sidebar/drag bu nesneyi taşır.,katalog,number,cm,Katalog descriptor alanı. Kaynak Item + `create*CatalogItem` eşlemesi (profilde width remap). Sidebar/drag bu nesneyi taşır.,katalog descriptor (Item türevi) · src/catalog.js · MODULE_CATALOG / create*CatalogItem,src/catalog.js,Catalog default: `create*CatalogItem` Item alanından kopya. Profil `widthCm` `getStraightWallNominalWidthForProfileItem` ile remap. Kullanıcı ezemaz.,Item kaydı → create*CatalogItem eşlemesi → MODULE_CATALOG. Kullanıcı katalog alanını ezemaz.,true,5,5,hayır,yok,Kod tablosu. Persist yok (her load'da type/itemKey ile yeniden çözülür).,DERIVED,`MODULE_CATALOG` satırı `src/catalog.js` create*CatalogItem ile Item kaydından kopyalanır; ayrı yazılmaz.,hayır,hayır — türetilmiş / audit sütunu,validation yok (tablo/audit).,true,doğrudan yok veya dolaylı (kanıt bölümü).,yok veya dolaylı değil.,yok.,- `src/items.js` `getTopLightItemForType` :271 [read] | - `src/items.js` `if` :471 [read] | - `src/catalog.js` `resolveItemKey` :500 [read] | - `src/catalog.js` `getModuleCatalogItem` :534 [read] | - `src/moduleContracts.js` (dosya düzeyi) :1 [read] | - `src/moduleContracts.js` `resolveModuleContract` :210 [read] | - `src/scene3d.js` `if` :1897 [read] | - `src/autoDepot.js` (dosya düzeyi) :1 [read] | - `src/moduleContextMenu.js` (dosya düzeyi) :1 [read] | - `src/moduleContextMenu.js` `addModuleToSelection` :240 [read] | - `src/moduleDragSidebar.js` (dosya düzeyi) :1 [read] | - `src/selectionFeedback.js` `if` :138 [read] | - `test/barStool2.test.js` (dosya düzeyi) :3 [test] | - `test/baseItemsContract.test.js` (dosya düzeyi) :4 [test] | - `test/baseItemsContract.test.js` `for` :114 [test] | - `test/baseModule.test.js` (dosya düzeyi) :3 [test] | - `test/baseWallCatalog.test.js` (dosya düzeyi) :3 [test] | - `test/baseWallCatalog.test.js` `for` :9 [test] | - `test/baseWallRecipes.test.js` (dosya düzeyi) :4 [test] | - `test/baseWallRecipes.test.js` `for` :34 [test] | - `test/catalogSingleSource.test.js` (dosya düzeyi) :7 [test] | - `test/chairEamesContract.test.js` (dosya düzeyi) :4 [test] | - `test/coatRackModule.test.js` (dosya düzeyi) :4 [test] | - `test/commercialItemsContract.test.js` (dosya düzeyi) :5 [test] | - `test/deskBankoItemsContract.test.js` (dosya düzeyi) :3 [test] | - `test/doorCompositeItemContract.test.js` (dosya düzeyi) :5 [test] | - `test/eamesTableChairSetContract.test.js` (dosya düzeyi) :4 [test] | - `test/floorItemsContract.test.js` (dosya düzeyi) :3 [test] | - `test/floorItemsContract.test.js` `for` :35 [test] | - `test/furnitureItemsContract.test.js` (dosya düzeyi) :3 [test] | - `test/glassTableContract.test.js` (dosya düzeyi) :4 [test] | - `test/globalSilhouetteGhost.test.js` (dosya düzeyi) :4 [test] | - `test/indoorPlantItemsContract.test.js` (dosya düzeyi) :3 [test] | - `test/indoorPlants.test.js` (dosya düzeyi) :4 [test] | - `test/kettle.test.js` (dosya düzeyi) :4 [test] | - `test/lCounter100Contract.test.js` (dosya düzeyi) :4 [test] | - `test/lCounter150Contract.test.js` (dosya düzeyi) :4 [test] | - … test/e2e ek 30 eşleşme (src listesi tam).,- `src/items.js` `WALL_MEDIA_ITEMS` :426 [write-or-literal] | - `src/items.js` `if` :465 [write] | - `src/items.js` `if` :469 [write-or-literal] | - `src/designState.js` `createTvModuleState` :608 [write-or-literal] | - `src/designState.js` `if` :709 [write] | - `src/catalog.js` `createWallMediaCatalogItem` :182 [write-or-literal] | - `src/catalog.js` `TV_42_DIMENSIONS` :202 [write-or-literal] | - `src/catalog.js` `MODULE_CATALOG` :260 [define] | - `src/catalog.js` `MODULE_CATALOG_KEYS` :346 [define] | - `src/catalog.js` `MODULE_CATALOG_GROUPS` :423 [define] | - `src/catalog.js` `resolveItemKey` :503 [write] | - `src/moduleContracts.js` `resolveModuleContract` :215 [write] | - `src/scene3d.js` `getWallOverlayDragPoint` :2346 [write] | - `src/scene3d.js` `if` :2407 [write] | - `src/scene3d.js` `createTvModule` :4830 [write] | - `src/autoDepot.js` `AUTO_DEPOT_SIZES` :12 [write] | - `src/autoDepot.js` `if` :76 [write] | - `src/moduleContextMenu.js` `renderSelectionQueue` :144 [write] | - `src/moduleContextMenu.js` `submitPickerSelection` :249 [write] | - `src/moduleContextMenu.js` `renderPickerCatalog` :318 [write] | - `src/moduleDragSidebar.js` `createModuleDragSidebar` :394 [write] | - `src/moduleDragSidebar.js` `resetDragState` :431 [write] | - `src/selectionFeedback.js` `if` :137 [write]
catalog.screenWidthCm,Katalog descriptor: screenWidthCm,Katalog descriptor: screenWidthCm. Katalog descriptor alanı. Kaynak Item + `create*CatalogItem` eşlemesi (profilde width remap). Sidebar/drag bu nesneyi taşır.,katalog,number,cm,Katalog descriptor alanı. Kaynak Item + `create*CatalogItem` eşlemesi (profilde width remap). Sidebar/drag bu nesneyi taşır.,katalog descriptor (Item türevi) · src/catalog.js · MODULE_CATALOG / create*CatalogItem,src/catalog.js,Catalog default: `create*CatalogItem` Item alanından kopya. Profil `widthCm` `getStraightWallNominalWidthForProfileItem` ile remap. Kullanıcı ezemaz.,Item kaydı → create*CatalogItem eşlemesi → MODULE_CATALOG. Kullanıcı katalog alanını ezemaz.,true,5,5,hayır,yok,Kod tablosu. Persist yok (her load'da type/itemKey ile yeniden çözülür).,DERIVED,`MODULE_CATALOG` satırı `src/catalog.js` create*CatalogItem ile Item kaydından kopyalanır; ayrı yazılmaz.,hayır,hayır — türetilmiş / audit sütunu,validation yok (tablo/audit).,true,doğrudan yok veya dolaylı (kanıt bölümü).,yok veya dolaylı değil.,yok.,- `src/items.js` `getTopLightItemForType` :271 [read] | - `src/items.js` `if` :470 [read] | - `src/catalog.js` `resolveItemKey` :500 [read] | - `src/catalog.js` `if` :521 [read] | - `src/catalog.js` `getModuleCatalogItem` :534 [read] | - `src/moduleContracts.js` (dosya düzeyi) :1 [read] | - `src/moduleContracts.js` `resolveModuleContract` :210 [read] | - `src/scene3d.js` `if` :1896 [read] | - `src/autoDepot.js` (dosya düzeyi) :1 [read] | - `src/moduleContextMenu.js` (dosya düzeyi) :1 [read] | - `src/moduleContextMenu.js` `addModuleToSelection` :240 [read] | - `src/moduleDragSidebar.js` (dosya düzeyi) :1 [read] | - `src/selectionFeedback.js` `if` :138 [read] | - `test/barStool2.test.js` (dosya düzeyi) :3 [test] | - `test/baseItemsContract.test.js` (dosya düzeyi) :4 [test] | - `test/baseItemsContract.test.js` `for` :114 [test] | - `test/baseModule.test.js` (dosya düzeyi) :3 [test] | - `test/baseWallCatalog.test.js` (dosya düzeyi) :3 [test] | - `test/baseWallCatalog.test.js` `for` :9 [test] | - `test/baseWallRecipes.test.js` (dosya düzeyi) :4 [test] | - `test/baseWallRecipes.test.js` `for` :34 [test] | - `test/catalogSingleSource.test.js` (dosya düzeyi) :7 [test] | - `test/chairEamesContract.test.js` (dosya düzeyi) :4 [test] | - `test/coatRackModule.test.js` (dosya düzeyi) :4 [test] | - `test/commercialItemsContract.test.js` (dosya düzeyi) :5 [test] | - `test/deskBankoItemsContract.test.js` (dosya düzeyi) :3 [test] | - `test/doorCompositeItemContract.test.js` (dosya düzeyi) :5 [test] | - `test/eamesTableChairSetContract.test.js` (dosya düzeyi) :4 [test] | - `test/floorItemsContract.test.js` (dosya düzeyi) :3 [test] | - `test/floorItemsContract.test.js` `for` :35 [test] | - `test/furnitureItemsContract.test.js` (dosya düzeyi) :3 [test] | - `test/glassTableContract.test.js` (dosya düzeyi) :4 [test] | - `test/globalSilhouetteGhost.test.js` (dosya düzeyi) :4 [test] | - `test/indoorPlantItemsContract.test.js` (dosya düzeyi) :3 [test] | - `test/indoorPlants.test.js` (dosya düzeyi) :4 [test] | - `test/kettle.test.js` (dosya düzeyi) :4 [test] | - `test/lCounter100Contract.test.js` (dosya düzeyi) :4 [test] | - `test/lCounter150Contract.test.js` (dosya düzeyi) :4 [test] | - … test/e2e ek 30 eşleşme (src listesi tam).,- `src/items.js` `WALL_MEDIA_ITEMS` :426 [write-or-literal] | - `src/items.js` `if` :464 [write] | - `src/items.js` `if` :468 [write-or-literal] | - `src/designState.js` `createTvModuleState` :610 [write-or-literal] | - `src/designState.js` `if` :708 [write] | - `src/catalog.js` `createWallMediaCatalogItem` :181 [write-or-literal] | - `src/catalog.js` `TV_42_DIMENSIONS` :201 [write-or-literal] | - `src/catalog.js` `MODULE_CATALOG` :260 [define] | - `src/catalog.js` `MODULE_CATALOG_KEYS` :346 [define] | - `src/catalog.js` `MODULE_CATALOG_GROUPS` :423 [define] | - `src/catalog.js` `normalizeCatalogDescriptor` :493 [write-or-literal] | - `src/catalog.js` `resolveItemKey` :503 [write] | - `src/moduleContracts.js` `resolveModuleContract` :215 [write] | - `src/scene3d.js` `pickModuleContext` :1813 [write-or-literal] | - `src/scene3d.js` `createTvModule` :4829 [write] | - `src/autoDepot.js` `AUTO_DEPOT_SIZES` :12 [write] | - `src/autoDepot.js` `if` :76 [write] | - `src/moduleContextMenu.js` `renderSelectionQueue` :144 [write] | - `src/moduleContextMenu.js` `submitPickerSelection` :249 [write] | - `src/moduleContextMenu.js` `renderPickerCatalog` :318 [write] | - `src/moduleDragSidebar.js` `createModuleDragSidebar` :394 [write] | - `src/moduleDragSidebar.js` `resetDragState` :431 [write] | - `src/selectionFeedback.js` `if` :136 [write]
catalog.shape,Katalog descriptor: shape,Katalog descriptor: shape. Katalog descriptor alanı. Kaynak Item + `create*CatalogItem` eşlemesi (profilde width remap). Sidebar/drag bu nesneyi taşır.,katalog,string,yok / birimsiz,Katalog descriptor alanı. Kaynak Item + `create*CatalogItem` eşlemesi (profilde width remap). Sidebar/drag bu nesneyi taşır.,katalog descriptor (Item türevi) · src/catalog.js · MODULE_CATALOG / create*CatalogItem,src/catalog.js,Catalog default: `create*CatalogItem` Item alanından kopya. Profil `widthCm` `getStraightWallNominalWidthForProfileItem` ile remap. Kullanıcı ezemaz.,Item kaydı → create*CatalogItem eşlemesi → MODULE_CATALOG. Kullanıcı katalog alanını ezemaz.,true,3,3,hayır,yok,Kod tablosu. Persist yok (her load'da type/itemKey ile yeniden çözülür).,DERIVED,`MODULE_CATALOG` satırı `src/catalog.js` create*CatalogItem ile Item kaydından kopyalanır; ayrı yazılmaz.,hayır,hayır — türetilmiş / audit sütunu,validation yok (tablo/audit).,true,doğrudan yok veya dolaylı (kanıt bölümü).,yok veya dolaylı değil.,yok.,- `src/items.js` `getTopLightItemForType` :271 [read] | - `src/designState.js` `resolveCounterItemKey` :278 [read] | - `src/designState.js` `createCounterModuleState` :292 [read] | - `src/designState.js` `if` :302 [read] | - `src/catalog.js` `createCounterCatalogItem` :53 [read] | - `src/catalog.js` `optionalNumber` :470 [read] | - `src/catalog.js` `shapesMatch` :471 [read] | - `src/catalog.js` `resolveItemKey` :500 [read] | - `src/catalog.js` `if` :516 [read] | - `src/catalog.js` `getModuleCatalogItem` :534 [read] | - `src/moduleBehavior.js` `if` :230 [read] | - `src/moduleContracts.js` (dosya düzeyi) :1 [read] | - `src/moduleContracts.js` `resolveModuleContract` :210 [read] | - `src/moduleRecipes.js` `getModuleRecipe` :197 [read] | - `src/scene3d.js` `if` :1893 [read] | - `src/scene3d.js` `roundedRectShape` :5505 [read] | - `src/scene3d.js` `createCounterModule` :6602 [read] | - `src/autoDepot.js` (dosya düzeyi) :1 [read] | - `src/moduleContextMenu.js` (dosya düzeyi) :1 [read] | - `src/moduleContextMenu.js` `addModuleToSelection` :240 [read] | - `src/moduleDragSidebar.js` (dosya düzeyi) :1 [read] | - `src/modulePlacement.js` `isLCounterModule` :241 [read] | - `src/modulePlacement.js` `validatePlacementAgainstModules` :590 [read] | - `src/modulePlacement.js` `addCandidate` :898 [read] | - `test/barStool2.test.js` (dosya düzeyi) :3 [test] | - `test/baseItemsContract.test.js` (dosya düzeyi) :4 [test] | - `test/baseItemsContract.test.js` `for` :114 [test] | - `test/baseModule.test.js` (dosya düzeyi) :3 [test] | - `test/baseWallCatalog.test.js` (dosya düzeyi) :3 [test] | - `test/baseWallCatalog.test.js` `for` :9 [test] | - `test/baseWallRecipes.test.js` (dosya düzeyi) :4 [test] | - `test/baseWallRecipes.test.js` `for` :34 [test] | - `test/catalogSingleSource.test.js` (dosya düzeyi) :7 [test] | - `test/chairEamesContract.test.js` (dosya düzeyi) :4 [test] | - `test/coatRackModule.test.js` (dosya düzeyi) :4 [test] | - `test/commercialItemsContract.test.js` (dosya düzeyi) :5 [test] | - `test/counterTopsItemContract.test.js` (dosya düzeyi) :17 [test] | - `test/counterTopsItemContract.test.js` `for` :56 [test] | - `test/deskBankoItemsContract.test.js` (dosya düzeyi) :3 [test] | - `test/deskBankoItemsContract.test.js` `if` :88 [test] | - `test/doorCompositeItemContract.test.js` (dosya düzeyi) :5 [test] | - `test/eamesTableChairSetContract.test.js` (dosya düzeyi) :4 [test] | - `test/floorItemsContract.test.js` (dosya düzeyi) :3 [test] | - `test/floorItemsContract.test.js` `for` :35 [test] | - `test/furnitureItemsContract.test.js` (dosya düzeyi) :3 [test] | - `test/glassTableContract.test.js` (dosya düzeyi) :4 [test] | - `test/globalSilhouetteGhost.test.js` (dosya düzeyi) :4 [test] | - `test/indoorPlantItemsContract.test.js` (dosya düzeyi) :3 [test] | - `test/indoorPlants.test.js` (dosya düzeyi) :4 [test] | - … test/e2e ek 48 eşleşme (src listesi tam).,- `src/items.js` (dosya düzeyi) :581 [write-or-literal] | - `src/items.js` (dosya düzeyi) :587 [define] | - `src/designState.js` `resolveCounterItemKey` :279 [write-or-literal] | - `src/catalog.js` `MODULE_CATALOG` :260 [define] | - `src/catalog.js` `MODULE_CATALOG_KEYS` :346 [define] | - `src/catalog.js` `MODULE_CATALOG_GROUPS` :423 [define] | - `src/catalog.js` `normalizeCatalogDescriptor` :489 [write-or-literal] | - `src/catalog.js` `resolveItemKey` :503 [write] | - `src/moduleContracts.js` `resolveModuleContract` :215 [write] | - `src/moduleRecipes.js` (dosya düzeyi) :142 [write-or-literal] | - `src/scene3d.js` `pickModuleContext` :1810 [write-or-literal] | - `src/scene3d.js` `rotateSelectedModule` :2267 [write-or-literal] | - `src/scene3d.js` `getFreeTvPlacement` :2300 [write-or-literal] | - `src/scene3d.js` `if` :2459 [write-or-literal] | - `src/scene3d.js` `if` :4752 [write] | - `src/scene3d.js` `roundedRectShape` :5501 [write] | - `src/scene3d.js` `for` :7529 [write-or-literal] | - `src/main.js` `for` :681 [write-or-literal] | - `src/autoDepot.js` `AUTO_DEPOT_SIZES` :12 [write] | - `src/autoDepot.js` `if` :76 [write] | - `src/moduleContextMenu.js` `renderSelectionQueue` :144 [write] | - `src/moduleContextMenu.js` `submitPickerSelection` :249 [write] | - `src/moduleContextMenu.js` `renderPickerCatalog` :318 [write] | - `src/moduleDragSidebar.js` `createModuleDragSidebar` :394 [write] | - `src/moduleDragSidebar.js` `resetDragState` :431 [write] | - `src/moduleMove.js` `if` :186 [write-or-literal] | - `src/modulePlacement.js` `createLocalSegment` :295 [write] | - `src/modulePlacement.js` `validatePlacementAgainstModules` :565 [write] | - `src/modulePlacement.js` `snapPlacementToModules` :810 [write] | - `src/modulePlacement.js` `if` :1582 [write-or-literal] | - `src/rawBomDebug.js` `parseLCounterSelection` :22 [write-or-literal]
catalog.shelfCount,Katalog descriptor: shelfCount,Katalog descriptor: shelfCount. Katalog descriptor alanı. Kaynak Item + `create*CatalogItem` eşlemesi (profilde width remap). Sidebar/drag bu nesneyi taşır.,katalog,string,yok / birimsiz,Katalog descriptor alanı. Kaynak Item + `create*CatalogItem` eşlemesi (profilde width remap). Sidebar/drag bu nesneyi taşır.,katalog descriptor (Item türevi) · src/catalog.js · MODULE_CATALOG / create*CatalogItem,src/catalog.js,Catalog default: `create*CatalogItem` Item alanından kopya. Profil `widthCm` `getStraightWallNominalWidthForProfileItem` ile remap. Kullanıcı ezemaz.,Item kaydı → create*CatalogItem eşlemesi → MODULE_CATALOG. Kullanıcı katalog alanını ezemaz.,true,6,6,hayır,yok,Kod tablosu. Persist yok (her load'da type/itemKey ile yeniden çözülür).,DERIVED,`MODULE_CATALOG` satırı `src/catalog.js` create*CatalogItem ile Item kaydından kopyalanır; ayrı yazılmaz.,hayır,hayır — türetilmiş / audit sütunu,validation yok (tablo/audit).,true,doğrudan yok veya dolaylı (kanıt bölümü).,yok veya dolaylı değil.,yok.,- `src/items.js` `getTopLightItemForType` :271 [read] | - `src/items.js` (dosya düzeyi) :850 [read] | - `src/catalog.js` `resolveItemKey` :500 [read] | - `src/catalog.js` `if` :518 [read] | - `src/catalog.js` `getModuleCatalogItem` :534 [read] | - `src/moduleContracts.js` (dosya düzeyi) :1 [read] | - `src/moduleContracts.js` `resolveModuleContract` :210 [read] | - `src/moduleRecipes.js` `getModuleRecipe` :196 [read] | - `src/scene3d.js` `if` :1894 [read] | - `src/scene3d.js` `createShelfModule` :6866 [read] | - `src/autoDepot.js` (dosya düzeyi) :1 [read] | - `src/moduleContextMenu.js` (dosya düzeyi) :1 [read] | - `src/moduleContextMenu.js` `addModuleToSelection` :240 [read] | - `src/moduleDragSidebar.js` (dosya düzeyi) :1 [read] | - `src/moduleDragSidebar.js` `if` :132 [read] | - `src/rawBomDebug.js` `if` :117 [read] | - `src/selectionFeedback.js` `if` :69 [read] | - `test/barStool2.test.js` (dosya düzeyi) :3 [test] | - `test/baseItemsContract.test.js` (dosya düzeyi) :4 [test] | - `test/baseItemsContract.test.js` `for` :114 [test] | - `test/baseModule.test.js` (dosya düzeyi) :3 [test] | - `test/baseWallCatalog.test.js` (dosya düzeyi) :3 [test] | - `test/baseWallCatalog.test.js` `for` :9 [test] | - `test/baseWallRecipes.test.js` (dosya düzeyi) :4 [test] | - `test/baseWallRecipes.test.js` `for` :34 [test] | - `test/catalogSingleSource.test.js` (dosya düzeyi) :7 [test] | - `test/chairEamesContract.test.js` (dosya düzeyi) :4 [test] | - `test/coatRackModule.test.js` (dosya düzeyi) :4 [test] | - `test/commercialItemsContract.test.js` (dosya düzeyi) :5 [test] | - `test/cornerPanelsItemContract.test.js` (dosya düzeyi) :34 [test] | - `test/deskBankoItemsContract.test.js` (dosya düzeyi) :3 [test] | - `test/doorCompositeItemContract.test.js` (dosya düzeyi) :5 [test] | - `test/eamesTableChairSetContract.test.js` (dosya düzeyi) :4 [test] | - `test/floorItemsContract.test.js` (dosya düzeyi) :3 [test] | - `test/floorItemsContract.test.js` `for` :35 [test] | - `test/furnitureItemsContract.test.js` (dosya düzeyi) :3 [test] | - `test/glassTableContract.test.js` (dosya düzeyi) :4 [test] | - `test/globalSilhouetteGhost.test.js` (dosya düzeyi) :4 [test] | - `test/indoorPlantItemsContract.test.js` (dosya düzeyi) :3 [test] | - `test/indoorPlants.test.js` (dosya düzeyi) :4 [test] | - `test/kettle.test.js` (dosya düzeyi) :4 [test] | - `test/lCounter100Contract.test.js` (dosya düzeyi) :4 [test] | - … test/e2e ek 44 eşleşme (src listesi tam).,- `src/items.js` (dosya düzeyi) :855 [write-or-literal] | - `src/items.js` (dosya düzeyi) :861 [define] | - `src/designState.js` `resolveShelfItemKey` :198 [write] | - `src/designState.js` `resolveShelfItemKey` :205 [write-or-literal] | - `src/designState.js` `createShelfModuleState` :221 [write] | - `src/designState.js` `createShelfModuleState` :233 [write-or-literal] | - `src/catalog.js` `createShelfCatalogItem` :128 [write-or-literal] | - `src/catalog.js` `MODULE_CATALOG` :260 [define] | - `src/catalog.js` `MODULE_CATALOG_KEYS` :346 [define] | - `src/catalog.js` `MODULE_CATALOG_GROUPS` :423 [define] | - `src/catalog.js` `normalizeCatalogDescriptor` :490 [write-or-literal] | - `src/catalog.js` `resolveItemKey` :503 [write] | - `src/moduleContracts.js` `resolveModuleContract` :215 [write] | - `src/moduleRecipes.js` (dosya düzeyi) :34 [write-or-literal] | - `src/scene3d.js` `pickModuleContext` :1811 [write-or-literal] | - `src/scene3d.js` `if` :2090 [write] | - `src/autoDepot.js` `AUTO_DEPOT_SIZES` :12 [write] | - `src/autoDepot.js` `if` :76 [write] | - `src/moduleContextMenu.js` `renderSelectionQueue` :144 [write] | - `src/moduleContextMenu.js` `submitPickerSelection` :249 [write] | - `src/moduleContextMenu.js` `renderPickerCatalog` :318 [write] | - `src/moduleDragSidebar.js` `createModuleDragSidebar` :394 [write] | - `src/moduleDragSidebar.js` `resetDragState` :431 [write] | - `src/rawBomDebug.js` `if` :116 [write] | - `src/selectionFeedback.js` `if` :68 [write]
catalog.sizeInch,Katalog descriptor: sizeInch,Katalog descriptor: sizeInch. Katalog descriptor alanı. Kaynak Item + `create*CatalogItem` eşlemesi (profilde width remap). Sidebar/drag bu nesneyi taşır.,katalog,string,inç,Katalog descriptor alanı. Kaynak Item + `create*CatalogItem` eşlemesi (profilde width remap). Sidebar/drag bu nesneyi taşır.,katalog descriptor (Item türevi) · src/catalog.js · MODULE_CATALOG / create*CatalogItem,src/catalog.js,Catalog default: `create*CatalogItem` Item alanından kopya. Profil `widthCm` `getStraightWallNominalWidthForProfileItem` ile remap. Kullanıcı ezemaz.,Item kaydı → create*CatalogItem eşlemesi → MODULE_CATALOG. Kullanıcı katalog alanını ezemaz.,true,5,5,hayır,yok,Kod tablosu. Persist yok (her load'da type/itemKey ile yeniden çözülür).,DERIVED,`MODULE_CATALOG` satırı `src/catalog.js` create*CatalogItem ile Item kaydından kopyalanır; ayrı yazılmaz.,hayır,hayır — türetilmiş / audit sütunu,validation yok (tablo/audit).,true,doğrudan yok veya dolaylı (kanıt bölümü).,yok veya dolaylı değil.,yok.,- `src/items.js` `getTopLightItemForType` :271 [read] | - `src/designState.js` `resolveWallMediaItemKey` :592 [read] | - `src/catalog.js` `resolveItemKey` :500 [read] | - `src/catalog.js` `if` :520 [read] | - `src/catalog.js` `getModuleCatalogItem` :534 [read] | - `src/moduleContracts.js` (dosya düzeyi) :1 [read] | - `src/moduleContracts.js` `resolveModuleContract` :210 [read] | - `src/scene3d.js` `if` :1895 [read] | - `src/autoDepot.js` (dosya düzeyi) :1 [read] | - `src/moduleContextMenu.js` (dosya düzeyi) :1 [read] | - `src/moduleContextMenu.js` `addModuleToSelection` :240 [read] | - `src/moduleDragSidebar.js` (dosya düzeyi) :1 [read] | - `src/selectionFeedback.js` `if` :138 [read] | - `test/barStool2.test.js` (dosya düzeyi) :3 [test] | - `test/baseItemsContract.test.js` (dosya düzeyi) :4 [test] | - `test/baseItemsContract.test.js` `for` :114 [test] | - `test/baseModule.test.js` (dosya düzeyi) :3 [test] | - `test/baseWallCatalog.test.js` (dosya düzeyi) :3 [test] | - `test/baseWallCatalog.test.js` `for` :9 [test] | - `test/baseWallRecipes.test.js` (dosya düzeyi) :4 [test] | - `test/baseWallRecipes.test.js` `for` :34 [test] | - `test/catalogSingleSource.test.js` (dosya düzeyi) :7 [test] | - `test/chairEamesContract.test.js` (dosya düzeyi) :4 [test] | - `test/coatRackModule.test.js` (dosya düzeyi) :4 [test] | - `test/commercialItemsContract.test.js` (dosya düzeyi) :5 [test] | - `test/deskBankoItemsContract.test.js` (dosya düzeyi) :3 [test] | - `test/doorCompositeItemContract.test.js` (dosya düzeyi) :5 [test] | - `test/eamesTableChairSetContract.test.js` (dosya düzeyi) :4 [test] | - `test/floorItemsContract.test.js` (dosya düzeyi) :3 [test] | - `test/floorItemsContract.test.js` `for` :35 [test] | - `test/furnitureItemsContract.test.js` (dosya düzeyi) :3 [test] | - `test/glassTableContract.test.js` (dosya düzeyi) :4 [test] | - `test/globalSilhouetteGhost.test.js` (dosya düzeyi) :4 [test] | - `test/indoorPlantItemsContract.test.js` (dosya düzeyi) :3 [test] | - `test/indoorPlants.test.js` (dosya düzeyi) :4 [test] | - `test/kettle.test.js` (dosya düzeyi) :4 [test] | - `test/lCounter100Contract.test.js` (dosya düzeyi) :4 [test] | - `test/lCounter150Contract.test.js` (dosya düzeyi) :4 [test] | - … test/e2e ek 31 eşleşme (src listesi tam).,- `src/items.js` `WALL_MEDIA_ITEMS` :424 [write-or-literal] | - `src/items.js` `resolveWallMediaMetrics` :460 [write-or-literal] | - `src/designState.js` `createTvModuleState` :598 [write] | - `src/designState.js` `createTvModuleState` :609 [write-or-literal] | - `src/designState.js` `createLedFloodlightModuleState` :657 [write] | - `src/catalog.js` `createWallMediaCatalogItem` :183 [write-or-literal] | - `src/catalog.js` `MODULE_CATALOG` :260 [define] | - `src/catalog.js` `MODULE_CATALOG_KEYS` :346 [define] | - `src/catalog.js` `MODULE_CATALOG_GROUPS` :423 [define] | - `src/catalog.js` `normalizeCatalogDescriptor` :492 [write-or-literal] | - `src/catalog.js` `resolveItemKey` :503 [write] | - `src/moduleContracts.js` `resolveModuleContract` :215 [write] | - `src/scene3d.js` `pickModuleContext` :1812 [write-or-literal] | - `src/scene3d.js` `if` :2090 [write] | - `src/autoDepot.js` `AUTO_DEPOT_SIZES` :12 [write] | - `src/autoDepot.js` `if` :76 [write] | - `src/moduleContextMenu.js` `renderSelectionQueue` :144 [write] | - `src/moduleContextMenu.js` `submitPickerSelection` :249 [write] | - `src/moduleContextMenu.js` `renderPickerCatalog` :318 [write] | - `src/moduleDragSidebar.js` `createModuleDragSidebar` :394 [write] | - `src/moduleDragSidebar.js` `resetDragState` :431 [write] | - `src/selectionFeedback.js` `if` :135 [write]
catalog.stripOccupancy.align,Katalog descriptor: align,Katalog descriptor: align. Katalog descriptor alanı. Kaynak Item + `create*CatalogItem` eşlemesi (profilde width remap). Sidebar/drag bu nesneyi taşır.,katalog,string,yok / birimsiz,Katalog descriptor alanı. Kaynak Item + `create*CatalogItem` eşlemesi (profilde width remap). Sidebar/drag bu nesneyi taşır.,katalog descriptor (Item türevi) · src/catalog.js · MODULE_CATALOG / create*CatalogItem,src/catalog.js,Catalog default: `create*CatalogItem` Item alanından kopya. Profil `widthCm` `getStraightWallNominalWidthForProfileItem` ile remap. Kullanıcı ezemaz.,Item kaydı → create*CatalogItem eşlemesi → MODULE_CATALOG. Kullanıcı katalog alanını ezemaz.,true,8,8,hayır,yok,Kod tablosu. Persist yok (her load'da type/itemKey ile yeniden çözülür).,DERIVED,`MODULE_CATALOG` satırı `src/catalog.js` create*CatalogItem ile Item kaydından kopyalanır; ayrı yazılmaz.,hayır,hayır — türetilmiş / audit sütunu,validation yok (tablo/audit).,true,doğrudan yok veya dolaylı (kanıt bölümü).,yok veya dolaylı değil.,yok.,- `src/items.js` `getTopLightItemForType` :271 [read] | - `src/catalog.js` `resolveItemKey` :500 [read] | - `src/catalog.js` `getModuleCatalogItem` :534 [read] | - `src/moduleContracts.js` (dosya düzeyi) :1 [read] | - `src/moduleContracts.js` `resolveModuleContract` :210 [read] | - `src/scene3d.js` `if` :1898 [read] | - `src/autoDepot.js` (dosya düzeyi) :1 [read] | - `src/moduleContextMenu.js` (dosya düzeyi) :1 [read] | - `src/moduleContextMenu.js` `addModuleToSelection` :240 [read] | - `src/moduleDragSidebar.js` (dosya düzeyi) :1 [read] | - `src/moduleDragSidebar.js` `ensureStyles` :16 [read] | - `src/moduleDragSidebar.js` `if` :355 [read] | - `src/stripOccupancy.js` `normalizeStripOccupancy` :17 [read] | - `src/stripOccupancy.js` `getOccupiedStripLayout` :39 [read] | - `src/stripOccupancy.js` `if` :57 [read] | - `test/barStool2.test.js` (dosya düzeyi) :3 [test] | - `test/baseItemsContract.test.js` (dosya düzeyi) :4 [test] | - `test/baseItemsContract.test.js` `for` :114 [test] | - `test/baseModule.test.js` (dosya düzeyi) :3 [test] | - `test/baseWallCatalog.test.js` (dosya düzeyi) :3 [test] | - `test/baseWallCatalog.test.js` `for` :9 [test] | - `test/baseWallRecipes.test.js` (dosya düzeyi) :4 [test] | - `test/baseWallRecipes.test.js` `for` :34 [test] | - `test/catalogSingleSource.test.js` (dosya düzeyi) :7 [test] | - `test/chairEamesContract.test.js` (dosya düzeyi) :4 [test] | - `test/coatRackModule.test.js` (dosya düzeyi) :4 [test] | - `test/commercialItemsContract.test.js` (dosya düzeyi) :5 [test] | - `test/deskBankoItemsContract.test.js` (dosya düzeyi) :3 [test] | - `test/doorCompositeItemContract.test.js` (dosya düzeyi) :5 [test] | - `test/eamesTableChairSetContract.test.js` (dosya düzeyi) :4 [test] | - `test/floorItemsContract.test.js` (dosya düzeyi) :3 [test] | - `test/floorItemsContract.test.js` `for` :35 [test] | - `test/furnitureItemsContract.test.js` (dosya düzeyi) :3 [test] | - `test/glassTableContract.test.js` (dosya düzeyi) :4 [test] | - `test/globalSilhouetteGhost.test.js` (dosya düzeyi) :4 [test] | - `test/indoorPlantItemsContract.test.js` (dosya düzeyi) :3 [test] | - `test/indoorPlants.test.js` (dosya düzeyi) :4 [test] | - `test/kettle.test.js` (dosya düzeyi) :4 [test] | - `test/lCounter100Contract.test.js` (dosya düzeyi) :4 [test] | - `test/lCounter150Contract.test.js` (dosya düzeyi) :4 [test] | - … test/e2e ek 31 eşleşme (src listesi tam).,- `src/items.js` (dosya düzeyi) :667 [define] | - `src/catalog.js` `MODULE_CATALOG` :260 [define] | - `src/catalog.js` `MODULE_CATALOG_KEYS` :346 [define] | - `src/catalog.js` `MODULE_CATALOG_GROUPS` :423 [define] | - `src/catalog.js` `resolveItemKey` :503 [write] | - `src/moduleContracts.js` `resolveModuleContract` :215 [write] | - `src/scene3d.js` `if` :2076 [write] | - `src/scene3d.js` `resolveOccupiedStripLayout` :6973 [write-or-literal] | - `src/autoDepot.js` `AUTO_DEPOT_SIZES` :12 [write] | - `src/autoDepot.js` `if` :76 [write] | - `src/moduleContextMenu.js` `createModuleContextMenu` :76 [write] | - `src/moduleContextMenu.js` `renderSelectionQueue` :144 [write] | - `src/moduleContextMenu.js` `submitPickerSelection` :249 [write] | - `src/moduleContextMenu.js` `createPickerCard` :284 [write] | - `src/moduleContextMenu.js` `renderPickerCatalog` :318 [write] | - `src/moduleDragSidebar.js` `createModuleDragSidebar` :394 [write] | - `src/moduleDragSidebar.js` `resetDragState` :431 [write] | - `index.html` (dosya düzeyi) :64 [write]
catalog.stripOccupancy.stripCount,Katalog descriptor: stripCount,Katalog descriptor: stripCount. Katalog descriptor alanı. Kaynak Item + `create*CatalogItem` eşlemesi (profilde width remap). Sidebar/drag bu nesneyi taşır.,katalog,string,yok / birimsiz,Katalog descriptor alanı. Kaynak Item + `create*CatalogItem` eşlemesi (profilde width remap). Sidebar/drag bu nesneyi taşır.,katalog descriptor (Item türevi) · src/catalog.js · MODULE_CATALOG / create*CatalogItem,src/catalog.js,Catalog default: `create*CatalogItem` Item alanından kopya. Profil `widthCm` `getStraightWallNominalWidthForProfileItem` ile remap. Kullanıcı ezemaz.,Item kaydı → create*CatalogItem eşlemesi → MODULE_CATALOG. Kullanıcı katalog alanını ezemaz.,true,8,8,hayır,yok,Kod tablosu. Persist yok (her load'da type/itemKey ile yeniden çözülür).,DERIVED,`MODULE_CATALOG` satırı `src/catalog.js` create*CatalogItem ile Item kaydından kopyalanır; ayrı yazılmaz.,hayır,hayır — türetilmiş / audit sütunu,validation yok (tablo/audit).,true,doğrudan yok veya dolaylı (kanıt bölümü).,yok veya dolaylı değil.,yok.,- `src/items.js` `getTopLightItemForType` :271 [read] | - `src/catalog.js` `resolveItemKey` :500 [read] | - `src/catalog.js` `getModuleCatalogItem` :534 [read] | - `src/moduleContracts.js` (dosya düzeyi) :1 [read] | - `src/moduleContracts.js` `resolveModuleContract` :210 [read] | - `src/scene3d.js` `if` :1899 [read] | - `src/scene3d.js` `resolveOccupiedStripLayout` :6966 [read] | - `src/scene3d.js` `createFlatPanelModule` :6984 [read] | - `src/scene3d.js` `createShowcaseModule` :7440 [read] | - `src/scene3d.js` `for` :7485 [read] | - `src/autoDepot.js` (dosya düzeyi) :1 [read] | - `src/moduleContextMenu.js` (dosya düzeyi) :1 [read] | - `src/moduleContextMenu.js` `addModuleToSelection` :240 [read] | - `src/moduleDragSidebar.js` (dosya düzeyi) :1 [read] | - `src/standStandardsCopy.js` `getStandStandardsFacts` :28 [read] | - `src/standStandardsCopy.js` `getHelpStandardsTableHtml` :73 [read] | - `src/stripOccupancy.js` `normalizeStripOccupancy` :18 [read] | - `test/barStool2.test.js` (dosya düzeyi) :3 [test] | - `test/baseItemsContract.test.js` (dosya düzeyi) :4 [test] | - `test/baseItemsContract.test.js` `for` :114 [test] | - `test/baseModule.test.js` (dosya düzeyi) :3 [test] | - `test/baseWallCatalog.test.js` (dosya düzeyi) :3 [test] | - `test/baseWallCatalog.test.js` `for` :9 [test] | - `test/baseWallRecipes.test.js` (dosya düzeyi) :4 [test] | - `test/baseWallRecipes.test.js` `for` :34 [test] | - `test/catalogSingleSource.test.js` (dosya düzeyi) :7 [test] | - `test/chairEamesContract.test.js` (dosya düzeyi) :4 [test] | - `test/coatRackModule.test.js` (dosya düzeyi) :4 [test] | - `test/commercialItemsContract.test.js` (dosya düzeyi) :5 [test] | - `test/deskBankoItemsContract.test.js` (dosya düzeyi) :3 [test] | - `test/doorCompositeItemContract.test.js` (dosya düzeyi) :5 [test] | - `test/eamesTableChairSetContract.test.js` (dosya düzeyi) :4 [test] | - `test/floorItemsContract.test.js` (dosya düzeyi) :3 [test] | - `test/floorItemsContract.test.js` `for` :35 [test] | - `test/furnitureItemsContract.test.js` (dosya düzeyi) :3 [test] | - `test/glassTableContract.test.js` (dosya düzeyi) :4 [test] | - `test/globalSilhouetteGhost.test.js` (dosya düzeyi) :4 [test] | - `test/horizontalPanelRails.test.js` (dosya düzeyi) :8 [test] | - `test/indoorPlantItemsContract.test.js` (dosya düzeyi) :3 [test] | - `test/indoorPlants.test.js` (dosya düzeyi) :4 [test] | - `test/kettle.test.js` (dosya düzeyi) :4 [test] | - `test/lCounter100Contract.test.js` (dosya düzeyi) :4 [test] | - … test/e2e ek 33 eşleşme (src listesi tam).,- `src/items.js` (dosya düzeyi) :667 [define] | - `src/designState.js` `createFlatPanelModuleState` :100 [write] | - `src/designState.js` `createFlatPanelModuleState` :109 [write-or-literal] | - `src/catalog.js` `STAND_DIMENSIONS` :7 [write-or-literal] | - `src/catalog.js` `MODULE_CATALOG` :260 [define] | - `src/catalog.js` `MODULE_CATALOG_KEYS` :346 [define] | - `src/catalog.js` `MODULE_CATALOG_GROUPS` :423 [define] | - `src/catalog.js` `resolveItemKey` :503 [write] | - `src/moduleContracts.js` `resolveModuleContract` :215 [write] | - `src/scene3d.js` `resolveOccupiedStripLayout` :6968 [write] | - `src/scene3d.js` `resolveOccupiedStripLayout` :6973 [write-or-literal] | - `src/scene3d.js` `createFlatPanelModule` :6990 [write] | - `src/scene3d.js` `for` :7495 [write] | - `src/autoDepot.js` `AUTO_DEPOT_SIZES` :12 [write] | - `src/autoDepot.js` `if` :76 [write] | - `src/moduleContextMenu.js` `renderSelectionQueue` :144 [write] | - `src/moduleContextMenu.js` `submitPickerSelection` :249 [write] | - `src/moduleContextMenu.js` `renderPickerCatalog` :318 [write] | - `src/moduleDragSidebar.js` `if` :360 [write] | - `src/moduleDragSidebar.js` `createModuleDragSidebar` :394 [write] | - `src/moduleDragSidebar.js` `resetDragState` :431 [write] | - `src/standStandardsCopy.js` `getStandStandardsFacts` :17 [write] | - `src/standStandardsCopy.js` `getStandStandardsListItems` :45 [write-or-literal] | - `src/stripOccupancy.js` `getStandStripMetrics` :6 [write-or-literal] | - `src/stripOccupancy.js` `normalizeStripOccupancy` :15 [write] | - `src/stripOccupancy.js` `getOccupiedStripLayout` :29 [write] | - `src/stripOccupancy.js` `getOccupiedStripLayout` :41 [write-or-literal] | - `src/stripOccupancy.js` `if` :56 [write]
catalog.type,Katalog descriptor type,Katalog descriptor type. Katalog descriptor alanı. Kaynak Item + `create*CatalogItem` eşlemesi (profilde width remap). Sidebar/drag bu nesneyi taşır.,katalog,string,yok / birimsiz,Katalog descriptor alanı. Kaynak Item + `create*CatalogItem` eşlemesi (profilde width remap). Sidebar/drag bu nesneyi taşır.,katalog descriptor (Item türevi) · src/catalog.js · MODULE_CATALOG / create*CatalogItem,src/catalog.js,Catalog default: `create*CatalogItem` Item alanından kopya. Profil `widthCm` `getStraightWallNominalWidthForProfileItem` ile remap. Kullanıcı ezemaz.,Item kaydı → create*CatalogItem eşlemesi → MODULE_CATALOG. Kullanıcı katalog alanını ezemaz.,true,64,64,hayır,yok,Kod tablosu. Persist yok (her load'da type/itemKey ile yeniden çözülür).,DERIVED,`MODULE_CATALOG` satırı `src/catalog.js` create*CatalogItem ile Item kaydından kopyalanır; ayrı yazılmaz.,hayır,hayır — türetilmiş / audit sütunu,validation yok (tablo/audit).,true,doğrudan yok veya dolaylı (kanıt bölümü).,yok veya dolaylı değil.,yok.,- `src/items.js` `getShelfLeafItem` :57 [read] | - `src/items.js` `if` :100 [read] | - `src/items.js` `getCommercialItemForType` :143 [read] | - `src/items.js` `getFurnitureItemForType` :248 [read] | - `src/items.js` `getTopLightItemForType` :267 [read] | - `src/items.js` `isParquetFloorItem` :348 [read] | - `src/items.js` `isGridTileFloorItem` :352 [read] | - `src/items.js` `isCarpetFloorItem` :360 [read] | - `src/items.js` `resolveStandFloorItemKey` :366 [read] | - `src/items.js` `getFurnitureClusterQuantity` :377 [read] | - `src/items.js` `resolveWallMediaMetrics` :456 [read] | - `src/items.js` `COMPOSITE_ITEMS` :506 [read] | - `src/items.js` (dosya düzeyi) :766 [read] | - `src/items.js` `getShowcaseItemKeyForType` :972 [read] | - `src/items.js` `getShowcaseBodyDefinition` :977 [read] | - `src/designState.js` `resolveFlatPanelItemKey` :86 [read] | - `src/designState.js` `createFlatPanelModuleState` :97 [read] | - `src/designState.js` `resolveSeparatorItemKey` :121 [read] | - `src/designState.js` `if` :141 [read] | - `src/designState.js` `createSeparatorModuleState` :151 [read] | - `src/designState.js` `isWallShelfCompositeItem` :193 [read] | - `src/designState.js` `resolveShelfItemKey` :199 [read] | - `src/designState.js` `resolveCounterItemKey` :274 [read] | - `src/designState.js` `createCounterModuleState` :291 [read] | - `src/designState.js` `resolveBaseWallItemKey` :325 [read] | - `src/designState.js` `createBaseWallModuleState` :336 [read] | - `src/designState.js` `resolveBaseItemKey` :365 [read] | - `src/designState.js` `createBaseModuleState` :376 [read] | - `src/designState.js` `createFurnitureModuleState` :394 [read] | - `src/designState.js` `createCommercialModuleState` :451 [read] | - `src/designState.js` `createProfileModuleState` :494 [read] | - `src/designState.js` `isIndoorPlantItem` :512 [read] | - `src/designState.js` `resolveIndoorPlantItemKey` :516 [read] | - `src/designState.js` `createIndoorPlantModuleState` :537 [read] | - `src/designState.js` `resolveWallMediaItemKey` :594 [read] | - `src/catalog.js` `normalizeCatalogDescriptor` :480 [read] | - `src/catalog.js` `resolveItemKey` :500 [read] | - `src/catalog.js` `if` :512 [read] | - `src/catalog.js` `getModuleCatalogItem` :534 [read] | - `src/catalog.js` `getModuleCatalogLabel` :539 [read] | - `src/moduleBehavior.js` `hasExplicitModuleBehavior` :214 [read] | - `src/moduleBehavior.js` `if` :230 [read] | - `src/moduleBehavior.js` `isUprightJointSnapTarget` :298 [read] | - `src/moduleBehavior.js` `canModulesOverlapByBehavior` :328 [read] | - `src/moduleContracts.js` (dosya düzeyi) :1 [read] | - `src/moduleContracts.js` `resolveModuleContract` :197 [read] | - `src/moduleRecipes.js` `if` :242 [read] | - `src/scene3d.js` `notifyGltfLoadFailure` :90 [read] | - `src/scene3d.js` `isFloorFixtureType` :143 [read] | - `src/scene3d.js` `isTopFixtureType` :147 [read] | - `src/scene3d.js` `fixedElevationM` :1396 [read] | - `src/scene3d.js` `if` :1453 [read] | - `src/scene3d.js` `previewCatalogModuleDrag` :2422 [read] | - `src/scene3d.js` `updatePlacementDrag` :2701 [read] | - `src/scene3d.js` `normalizeFabricOwnership` :3216 [read] | - `src/scene3d.js` `setShelfLightingVisible` :4642 [read] | - `src/scene3d.js` `createIndoorPlantModule` :5063 [read] | - `src/scene3d.js` `createBeigeSofaFurnitureProxy` :6227 [read] | - `src/main.js` `getContextShelfLightingState` :789 [read] | - `src/main.js` `changeContextShelfLighting` :794 [read] | - `src/main.js` `resizeContextIlluminatedFoam` :874 [read] | - `src/main.js` `if` :1196 [read] | - `src/main.js` `openAssetContextMenu` :1459 [read] | - `src/main.js` `beginIlluminatedFoamAssetDrag` :1644 [read] | - `src/main.js` `onKeyDown` :1705 [read] | - `src/autoDepot.js` (dosya düzeyi) :1 [read] | - `src/autoDepot.js` `if` :112 [read] | - `src/autosaveController.js` `createAutosaveController` :22 [read] | - `src/autosaveController.js` `if` :24 [read] | - `src/imageAssetReferences.js` `walkImageAssetReferences` :4 [read] | - `src/imageAssetReferences.js` `remapImageAssetReferences` :22 [read] | - `src/itemCapabilities.js` `getItemSurfaceCapabilities` :22 [read] | - `src/moduleContextMenu.js` (dosya düzeyi) :1 [read] | - `src/moduleContextMenu.js` `allowsModuleSideInsert` :6 [read] | - `src/moduleContextMenu.js` `addModuleToSelection` :240 [read] | - `src/moduleContextMenu.js` `if` :451 [read] | - `src/moduleDragSidebar.js` (dosya düzeyi) :1 [read] | - `src/moduleDragSidebar.js` `if` :127 [read] | - `src/modulePlacement.js` `isLCounterModule` :241 [read] | - `src/projectImportValidation.js` `isAllowedImportImageType` :15 [read] | - `src/projectImportValidation.js` `isAllowedImportZipFile` :24 [read] | - `src/projectImportValidation.js` `validateImportedModuleState` :28 [read] | - `src/projectImportValidation.js` `validateImportedStandState` :41 [read] | - `src/projectImportValidation.js` `validateImportedProjectState` :58 [read] | - `src/projectImportValidation.js` `validateProjectArchiveManifest` :82 [read] | - `src/projectImportValidation.js` `validateImportedAssetRecord` :97 [read] | - `src/projectImportValidation.js` `if` :100 [read] | - `src/projectNaming.js` `buildAutomaticProjectNameSuffix` :13 [read] | - `src/rawBomDebug.js` (dosya düzeyi) :5 [read] | - `src/stripOccupancy.js` `normalizeStripOccupancy` :14 [read] | - `src/stripOccupancy.js` `resolveModuleStripOccupancy` :22 [read] | - `src/surfaceStateBinding.js` `cloneSurfaceStateForRenderer` :18 [read] | - `src/surfaceStateBinding.js` `if` :23 [read] | - `src/systemChangeContract.js` `isNonEmptyString` :165 [read] | - `src/systemChangeContract.js` `requiresBrowserE2E` :200 [read] | - `src/systemChangeContract.js` `validateSystemChangeContract` :207 [read] | - `src/systemChangeContract.js` `if` :221 [read] | - `src/systemChangeContract.js` `overlap` :291 [read] | - `src/theme.js` `ALUMINUM_PROFILE_COLOR` :3 [read] | - `index.html` (dosya düzeyi) :1 [read] | - `test/barStool2.test.js` (dosya düzeyi) :3 [test] | - `test/baseItemsContract.test.js` (dosya düzeyi) :4 [test] | - `test/baseItemsContract.test.js` `for` :113 [test] | - `test/baseModule.test.js` (dosya düzeyi) :3 [test] | - `test/baseModule.test.js` `for` :70 [test] | - `test/baseTopsItemContract.test.js` (dosya düzeyi) :36 [test] | - `test/baseTopsItemContract.test.js` `for` :72 [test] | - `test/baseWallCatalog.test.js` (dosya düzeyi) :3 [test] | - `test/baseWallCatalog.test.js` `for` :9 [test] | - `test/baseWallRecipes.test.js` (dosya düzeyi) :4 [test] | - `test/baseWallRecipes.test.js` `for` :34 [test] | - `test/catalogSingleSource.test.js` (dosya düzeyi) :7 [test] | - `test/chairEamesContract.test.js` (dosya düzeyi) :4 [test] | - `test/coatRackModule.test.js` (dosya düzeyi) :4 [test] | - `test/commercialItemsContract.test.js` (dosya düzeyi) :5 [test] | - `test/connectorBom.test.js` (dosya düzeyi) :6 [test] | - `test/cornerPanelsItemContract.test.js` (dosya düzeyi) :63 [test] | - `test/cornerPanelsItemContract.test.js` `for` :76 [test] | - `test/counterModule.test.js` `for` :15 [test] | - `test/counterTopsItemContract.test.js` (dosya düzeyi) :30 [test] | - `test/counterTopsItemContract.test.js` `for` :58 [test] | - `test/depotFreeDragSnap.test.js` `for` :16 [test] | - `test/designState.test.js` (dosya düzeyi) :83 [test] | - `test/deskBankoItemsContract.test.js` (dosya düzeyi) :3 [test] | - `test/deskBankoItemsContract.test.js` `if` :96 [test] | - … test/e2e ek 125 eşleşme (src listesi tam).,- `src/items.js` `LEAF_ITEMS` :3 [define] | - `src/items.js` `COMMERCIAL_ITEMS` :121 [write-or-literal] | - `src/items.js` `FURNITURE_ITEMS` :153 [write-or-literal] | - `src/items.js` (dosya düzeyi) :239 [write-or-literal] | - `src/items.js` `TOP_LIGHT_ITEMS` :257 [write-or-literal] | - `src/items.js` `NON_CATALOG_ITEMS` :276 [write-or-literal] | - `src/items.js` `FLOOR_ITEMS` :291 [write-or-literal] | - `src/items.js` `INDOOR_PLANT_ITEMS` :383 [write-or-literal] | - `src/items.js` `WALL_MEDIA_ITEMS` :424 [write-or-literal] | - `src/items.js` `resolveWallMediaMetrics` :460 [write-or-literal] | - `src/items.js` `COMPOSITE_ITEMS` :497 [write-or-literal] | - `src/items.js` `getShowcaseBodyDefinition` :978 [write] | - `src/designState.js` `createFlatPanelModuleState` :105 [write-or-literal] | - `src/designState.js` `resolveSeparatorItemKey` :125 [write-or-literal] | - `src/designState.js` `if` :137 [write-or-literal] | - `src/designState.js` `createSeparatorModuleState` :157 [write-or-literal] | - `src/designState.js` `createShowcaseModuleState` :167 [write] | - `src/designState.js` `createShowcaseModuleState` :178 [write-or-literal] | - `src/designState.js` `resolveShelfItemKey` :203 [write-or-literal] | - `src/designState.js` `createShelfModuleState` :231 [write-or-literal] | - `src/designState.js` `createDoorModuleState` :252 [write-or-literal] | - `src/designState.js` `createBaseWallModuleState` :342 [write-or-literal] | - `src/designState.js` `createBaseModuleState` :382 [write-or-literal] | - `src/designState.js` `createFurnitureModuleState` :395 [write] | - `src/designState.js` `createFurnitureModuleState` :400 [write-or-literal] | - `src/designState.js` `createCommercialModuleState` :452 [write] | - `src/designState.js` `createCommercialModuleState` :455 [write-or-literal] | - `src/designState.js` `createUprightModuleState` :484 [write-or-literal] | - `src/designState.js` `createProfileModuleState` :500 [write-or-literal] | - `src/designState.js` `modelFile` :523 [write-or-literal] | - `src/designState.js` `createIndoorPlantModuleState` :557 [write-or-literal] | - `src/designState.js` `createIlluminatedFoamModuleState` :580 [write-or-literal] | - `src/catalog.js` `createBaseCatalogItem` :39 [write-or-literal] | - `src/catalog.js` `createCounterCatalogItem` :49 [write-or-literal] | - `src/catalog.js` `createFlatPanelCatalogItem` :61 [write-or-literal] | - `src/catalog.js` `createUprightCatalogItem` :76 [write-or-literal] | - `src/catalog.js` `createProfileCatalogItem` :90 [write-or-literal] | - `src/catalog.js` `createBaseWallCatalogItem` :102 [write-or-literal] | - `src/catalog.js` `createSeparatorCatalogItem` :114 [write-or-literal] | - `src/catalog.js` `createShelfCatalogItem` :126 [write-or-literal] | - `src/catalog.js` `createWallMediaCatalogItem` :177 [write-or-literal] | - `src/catalog.js` `createTopLightCatalogItem` :219 [write-or-literal] | - `src/catalog.js` `createIndoorPlantCatalogItem` :236 [write-or-literal] | - `src/catalog.js` `createFurnitureCatalogItem` :252 [write-or-literal] | - `src/catalog.js` `MODULE_CATALOG` :260 [define] | - `src/catalog.js` `MODULE_CATALOG` :281 [write-or-literal] | - `src/catalog.js` `MODULE_CATALOG_KEYS` :346 [define] | - `src/catalog.js` `MODULE_CATALOG_GROUPS` :423 [define] | - `src/catalog.js` `normalizeCatalogDescriptor` :486 [write-or-literal] | - `src/catalog.js` `resolveItemKey` :503 [write] | - `src/moduleBehavior.js` `normalizeDescriptor` :207 [write-or-literal] | - `src/moduleBehavior.js` `hasExplicitModuleBehavior` :213 [write] | - `src/moduleBehavior.js` `getModuleBehavior` :219 [write] | - `src/moduleBehavior.js` `canModulesOverlapByBehavior` :326 [write] | - `src/moduleContracts.js` `resolveModuleContract` :203 [write-or-literal] | - `src/moduleContracts.js` `resolveModuleContract` :215 [write] | - `src/scene3d.js` `updateStageFog` :188 [write] | - `src/scene3d.js` (dosya düzeyi) :291 [write] | - `src/scene3d.js` `createBaseWallModule` :1417 [write] | - `src/scene3d.js` `createBaseWallModule` :1421 [write-or-literal] | - `src/scene3d.js` `pickModuleContext` :1807 [write-or-literal] | - `src/scene3d.js` `if` :2042 [write] | - `src/scene3d.js` `rotateSelectedModule` :2252 [write] | - `src/scene3d.js` `rotateSelectedModule` :2264 [write-or-literal] | - `src/scene3d.js` `getFreeTvPlacement` :2299 [write-or-literal] | - `src/scene3d.js` `if` :2458 [write-or-literal] | - `src/scene3d.js` `createIlluminatedFoamModule` :4719 [write] | - `src/scene3d.js` `createTvModule` :4844 [write] | - `src/scene3d.js` `createMiniFridgeModule` :5007 [write-or-literal] | - `src/scene3d.js` `createIndoorPlantModule` :5064 [write] | - `src/scene3d.js` `createCoatRackModule` :5236 [write-or-literal] | - `src/scene3d.js` `createUprightModule` :5307 [write-or-literal] | - `src/scene3d.js` `createProfileModule` :5357 [write-or-literal] | - `src/scene3d.js` `createKettleModule` :5401 [write-or-literal] | - `src/scene3d.js` `createLedFloodlightModule` :5465 [write-or-literal] | - `src/scene3d.js` `createBarStoolModule` :5677 [write-or-literal] | - `src/scene3d.js` `createEamesChairModule` :5758 [write-or-literal] | - `src/scene3d.js` `createGlassTableModule` :5870 [write-or-literal] | - `src/scene3d.js` `createEamesTableChairSetModule` :5918 [write-or-literal] | - `src/scene3d.js` `createBeigeSofaFurnitureProxy` :6246 [write-or-literal] | - `src/scene3d.js` `createBeigeSofaSetModule` :6277 [write-or-literal] | - `src/scene3d.js` `chairCenterOffsetM` :6293 [write-or-literal] | - `src/scene3d.js` `createSofaPieceClassicModule` :6354 [write-or-literal] | - `src/scene3d.js` `createCoffeeTableClassicModule` :6419 [write-or-literal] | - `src/scene3d.js` `createBaseModule` :6463 [write-or-literal] | - `src/main.js` `if` :82 [write] | - `src/main.js` (dosya düzeyi) :197 [write] | - `src/main.js` `for` :678 [write-or-literal] | - `src/main.js` `createAutomaticDepotStates` :1004 [write-or-literal] | - `src/main.js` `if` :1101 [write-or-literal] | - `src/main.js` `requestIlluminatedFoamDimensions` :1611 [write] | - `src/main.js` `ext` :1908 [write-or-literal] | - `src/main.js` `ext` :1919 [write] | - `src/assetStore.js` `saveImageAsset` :19 [write-or-literal] | - `src/assetStore.js` `saveImportedImageAsset` :102 [write-or-literal] | - `src/autoDepot.js` `AUTO_DEPOT_SIZES` :12 [write] | - `src/autoDepot.js` `if` :76 [write] | - `src/helpGuide.js` `initHelpGuide` :248 [write] | - `src/moduleContextMenu.js` `allowsModuleSideInsert` :9 [write-or-literal] | - `src/moduleContextMenu.js` `createModuleContextMenu` :46 [write] | - `src/moduleContextMenu.js` `renderSelectionQueue` :144 [write] | - `src/moduleContextMenu.js` `submitPickerSelection` :249 [write] | - `src/moduleContextMenu.js` `createPickerCard` :276 [write] | - `src/moduleContextMenu.js` `renderPickerCatalog` :318 [write] | - `src/moduleContextMenu.js` `if` :415 [write] | - `src/moduleDragSidebar.js` `createModuleDragSidebar` :394 [write] | - `src/moduleDragSidebar.js` `resetDragState` :431 [write] | - `src/moduleMove.js` `if` :183 [write-or-literal] | - `src/modulePlacement.js` `validatePlacementAgainstModules` :571 [write] | - `src/modulePlacement.js` `validatePlacementAgainstModules` :587 [write-or-literal] | - `src/modulePlacement.js` `snapPlacementToModules` :822 [write] | - `src/modulePlacement.js` `if` :1312 [write] | - `src/modulePlacement.js` `if` :1579 [write-or-literal] | - `src/projectImportValidation.js` `isAllowedImportZipFile` :22 [write] | - `src/projectNaming.js` `buildAutomaticProjectNameSuffix` :6 [write] | - `src/projectNaming.js` `if` :61 [write] | - `src/projectNaming.js` `updatePreview` :84 [write] | - `src/viewCube.js` `createViewCube` :43 [write] | - `src/viewKeyboardShortcuts.js` `if` :16 [write-or-literal] | - `index.html` (dosya düzeyi) :53 [write]
catalog.unit,Katalog descriptor: unit,Katalog descriptor: unit. Katalog descriptor alanı. Kaynak Item + `create*CatalogItem` eşlemesi (profilde width remap). Sidebar/drag bu nesneyi taşır.,katalog,string,BOM unit etiketi (kodda `adet`),Katalog descriptor alanı. Kaynak Item + `create*CatalogItem` eşlemesi (profilde width remap). Sidebar/drag bu nesneyi taşır.,katalog descriptor (Item türevi) · src/catalog.js · MODULE_CATALOG / create*CatalogItem,src/catalog.js,Catalog default: `create*CatalogItem` Item alanından kopya. Profil `widthCm` `getStraightWallNominalWidthForProfileItem` ile remap. Kullanıcı ezemaz.,Item kaydı → create*CatalogItem eşlemesi → MODULE_CATALOG. Kullanıcı katalog alanını ezemaz.,true,4,4,hayır,yok,Kod tablosu. Persist yok (her load'da type/itemKey ile yeniden çözülür).,DERIVED,`MODULE_CATALOG` satırı `src/catalog.js` create*CatalogItem ile Item kaydından kopyalanır; ayrı yazılmaz.,hayır,hayır — türetilmiş / audit sütunu,validation yok (tablo/audit).,true,doğrudan yok veya dolaylı (kanıt bölümü).,yok veya dolaylı değil.,yok.,- `src/items.js` `getCommercialItemForType` :148 [read] | - `src/items.js` `getFurnitureItemForType` :252 [read] | - `src/items.js` `getTopLightItemForType` :271 [read] | - `src/catalog.js` `resolveItemKey` :500 [read] | - `src/catalog.js` `getModuleCatalogItem` :534 [read] | - `src/moduleContracts.js` (dosya düzeyi) :1 [read] | - `src/moduleContracts.js` `resolveModuleContract` :210 [read] | - `src/autoDepot.js` (dosya düzeyi) :1 [read] | - `src/moduleContextMenu.js` (dosya düzeyi) :1 [read] | - `src/moduleContextMenu.js` `addModuleToSelection` :240 [read] | - `src/moduleDragSidebar.js` (dosya düzeyi) :1 [read] | - `test/barStool2.test.js` (dosya düzeyi) :3 [test] | - `test/baseItemsContract.test.js` (dosya düzeyi) :4 [test] | - `test/baseItemsContract.test.js` `for` :114 [test] | - `test/baseModule.test.js` (dosya düzeyi) :3 [test] | - `test/baseTopsItemContract.test.js` (dosya düzeyi) :37 [test] | - `test/baseTopsItemContract.test.js` `for` :73 [test] | - `test/baseWallCatalog.test.js` (dosya düzeyi) :3 [test] | - `test/baseWallCatalog.test.js` `for` :9 [test] | - `test/baseWallRecipes.test.js` (dosya düzeyi) :4 [test] | - `test/baseWallRecipes.test.js` `for` :34 [test] | - `test/catalogSingleSource.test.js` (dosya düzeyi) :7 [test] | - `test/chairEamesContract.test.js` (dosya düzeyi) :4 [test] | - `test/coatRackModule.test.js` (dosya düzeyi) :4 [test] | - `test/commercialItemsContract.test.js` (dosya düzeyi) :5 [test] | - `test/connectorBom.test.js` (dosya düzeyi) :14 [test] | - `test/cornerPanelsItemContract.test.js` (dosya düzeyi) :64 [test] | - `test/cornerPanelsItemContract.test.js` `for` :111 [test] | - `test/counterTopsItemContract.test.js` (dosya düzeyi) :31 [test] | - `test/deskBankoItemsContract.test.js` (dosya düzeyi) :3 [test] | - `test/doorCompositeItemContract.test.js` (dosya düzeyi) :5 [test] | - `test/doorLeafItemContract.test.js` (dosya düzeyi) :16 [test] | - `test/eamesTableChairSetContract.test.js` (dosya düzeyi) :4 [test] | - `test/floorItemsContract.test.js` (dosya düzeyi) :3 [test] | - `test/floorItemsContract.test.js` `for` :34 [test] | - `test/furnitureItemsContract.test.js` (dosya düzeyi) :3 [test] | - … test/e2e ek 63 eşleşme (src listesi tam).,- `src/items.js` `LEAF_ITEMS` :3 [define] | - `src/items.js` `if` :114 [define] | - `src/items.js` `COMMERCIAL_ITEMS` :121 [write-or-literal] | - `src/items.js` `COMPOSITE_ITEMS` :498 [write-or-literal] | - `src/items.js` (dosya düzeyi) :933 [write-or-literal] | - `src/catalog.js` `MODULE_CATALOG` :260 [define] | - `src/catalog.js` `MODULE_CATALOG_KEYS` :346 [define] | - `src/catalog.js` `MODULE_CATALOG_GROUPS` :423 [define] | - `src/catalog.js` `resolveItemKey` :503 [write] | - `src/moduleContracts.js` `resolveModuleContract` :215 [write] | - `src/itemBom.js` `if` :39 [write-or-literal] | - `src/itemBom.js` `for` :66 [write] | - `src/autoDepot.js` `AUTO_DEPOT_SIZES` :12 [write] | - `src/autoDepot.js` `if` :76 [write] | - `src/moduleContextMenu.js` `renderSelectionQueue` :144 [write] | - `src/moduleContextMenu.js` `submitPickerSelection` :249 [write] | - `src/moduleContextMenu.js` `renderPickerCatalog` :318 [write] | - `src/moduleDragSidebar.js` `createModuleDragSidebar` :394 [write] | - `src/moduleDragSidebar.js` `resetDragState` :431 [write]
catalog.variant,Katalog descriptor: variant,Katalog descriptor: variant. Katalog descriptor alanı. Kaynak Item + `create*CatalogItem` eşlemesi (profilde width remap). Sidebar/drag bu nesneyi taşır.,katalog,string,yok / birimsiz,Katalog descriptor alanı. Kaynak Item + `create*CatalogItem` eşlemesi (profilde width remap). Sidebar/drag bu nesneyi taşır.,katalog descriptor (Item türevi) · src/catalog.js · MODULE_CATALOG / create*CatalogItem,src/catalog.js,Catalog default: `create*CatalogItem` Item alanından kopya. Profil `widthCm` `getStraightWallNominalWidthForProfileItem` ile remap. Kullanıcı ezemaz.,Item kaydı → create*CatalogItem eşlemesi → MODULE_CATALOG. Kullanıcı katalog alanını ezemaz.,true,8,8,hayır,yok,Kod tablosu. Persist yok (her load'da type/itemKey ile yeniden çözülür).,DERIVED,`MODULE_CATALOG` satırı `src/catalog.js` create*CatalogItem ile Item kaydından kopyalanır; ayrı yazılmaz.,hayır,hayır — türetilmiş / audit sütunu,validation yok (tablo/audit).,true,doğrudan yok veya dolaylı (kanıt bölümü).,yok veya dolaylı değil.,yok.,- `src/items.js` `getTopLightItemForType` :271 [read] | - `src/items.js` `isShortUpFamilyDescriptor` :1018 [read] | - `src/catalog.js` `resolveItemKey` :500 [read] | - `src/catalog.js` `if` :523 [read] | - `src/catalog.js` `getModuleCatalogItem` :534 [read] | - `src/moduleContracts.js` (dosya düzeyi) :1 [read] | - `src/moduleContracts.js` `resolveModuleContract` :210 [read] | - `src/moduleRecipes.js` `getRecipeInnerCornerPanelKey` :203 [read] | - `src/moduleRecipes.js` `for` :213 [read] | - `src/moduleRecipes.js` `if` :220 [read] | - `src/autoDepot.js` (dosya düzeyi) :1 [read] | - `src/moduleContextMenu.js` (dosya düzeyi) :1 [read] | - `src/moduleContextMenu.js` `addModuleToSelection` :240 [read] | - `src/moduleDragSidebar.js` (dosya düzeyi) :1 [read] | - `test/barStool2.test.js` (dosya düzeyi) :3 [test] | - `test/baseItemsContract.test.js` (dosya düzeyi) :4 [test] | - `test/baseItemsContract.test.js` `for` :114 [test] | - `test/baseModule.test.js` (dosya düzeyi) :3 [test] | - `test/baseWallCatalog.test.js` (dosya düzeyi) :3 [test] | - `test/baseWallCatalog.test.js` `for` :9 [test] | - `test/baseWallRecipes.test.js` (dosya düzeyi) :4 [test] | - `test/baseWallRecipes.test.js` `for` :34 [test] | - `test/catalogSingleSource.test.js` (dosya düzeyi) :7 [test] | - `test/chairEamesContract.test.js` (dosya düzeyi) :4 [test] | - `test/coatRackModule.test.js` (dosya düzeyi) :4 [test] | - `test/commercialItemsContract.test.js` (dosya düzeyi) :5 [test] | - `test/cornerPanelsItemContract.test.js` (dosya düzeyi) :71 [test] | - `test/cornerPanelsItemContract.test.js` `for` :79 [test] | - `test/deskBankoItemsContract.test.js` (dosya düzeyi) :3 [test] | - `test/doorCompositeItemContract.test.js` (dosya düzeyi) :5 [test] | - `test/eamesTableChairSetContract.test.js` (dosya düzeyi) :4 [test] | - `test/floorItemsContract.test.js` (dosya düzeyi) :3 [test] | - `test/floorItemsContract.test.js` `for` :35 [test] | - `test/furnitureItemsContract.test.js` (dosya düzeyi) :3 [test] | - `test/glassTableContract.test.js` (dosya düzeyi) :4 [test] | - `test/globalSilhouetteGhost.test.js` (dosya düzeyi) :4 [test] | - `test/indoorPlantItemsContract.test.js` (dosya düzeyi) :3 [test] | - `test/indoorPlants.test.js` (dosya düzeyi) :4 [test] | - `test/kettle.test.js` (dosya düzeyi) :4 [test] | - … test/e2e ek 37 eşleşme (src listesi tam).,- `src/items.js` (dosya düzeyi) :666 [write-or-literal] | - `src/items.js` `isShortUpFamilyDescriptor` :1017 [write] | - `src/catalog.js` `createFlatPanelCatalogItem` :65 [write] | - `src/catalog.js` `MODULE_CATALOG` :260 [define] | - `src/catalog.js` `MODULE_CATALOG_KEYS` :346 [define] | - `src/catalog.js` `MODULE_CATALOG_GROUPS` :423 [define] | - `src/catalog.js` `normalizeCatalogDescriptor` :494 [write-or-literal] | - `src/catalog.js` `resolveItemKey` :503 [write] | - `src/moduleContracts.js` `resolveModuleContract` :215 [write] | - `src/moduleRecipes.js` (dosya düzeyi) :6 [write-or-literal] | - `src/moduleRecipes.js` `resolveRecipeItemsForPanelVariant` :238 [write] | - `src/autoDepot.js` `AUTO_DEPOT_SIZES` :12 [write] | - `src/autoDepot.js` `if` :76 [write] | - `src/moduleContextMenu.js` `renderSelectionQueue` :144 [write] | - `src/moduleContextMenu.js` `submitPickerSelection` :249 [write] | - `src/moduleContextMenu.js` `renderPickerCatalog` :318 [write] | - `src/moduleDragSidebar.js` `createModuleDragSidebar` :394 [write] | - `src/moduleDragSidebar.js` `resetDragState` :431 [write]
catalog.videoWallCols,Katalog descriptor: videoWallCols,Katalog descriptor: videoWallCols. Katalog descriptor alanı. Kaynak Item + `create*CatalogItem` eşlemesi (profilde width remap). Sidebar/drag bu nesneyi taşır.,katalog,string,yok / birimsiz,Katalog descriptor alanı. Kaynak Item + `create*CatalogItem` eşlemesi (profilde width remap). Sidebar/drag bu nesneyi taşır.,katalog descriptor (Item türevi) · src/catalog.js · MODULE_CATALOG / create*CatalogItem,src/catalog.js,Catalog default: `create*CatalogItem` Item alanından kopya. Profil `widthCm` `getStraightWallNominalWidthForProfileItem` ile remap. Kullanıcı ezemaz.,Item kaydı → create*CatalogItem eşlemesi → MODULE_CATALOG. Kullanıcı katalog alanını ezemaz.,true,2,2,hayır,yok,Kod tablosu. Persist yok (her load'da type/itemKey ile yeniden çözülür).,DERIVED,`MODULE_CATALOG` satırı `src/catalog.js` create*CatalogItem ile Item kaydından kopyalanır; ayrı yazılmaz.,hayır,hayır — türetilmiş / audit sütunu,validation yok (tablo/audit).,true,doğrudan yok veya dolaylı (kanıt bölümü).,yok veya dolaylı değil.,yok.,- `src/items.js` `getTopLightItemForType` :271 [read] | - `src/catalog.js` `if` :186 [read] | - `src/catalog.js` `resolveItemKey` :500 [read] | - `src/catalog.js` `getModuleCatalogItem` :534 [read] | - `src/moduleContracts.js` (dosya düzeyi) :1 [read] | - `src/moduleContracts.js` `resolveModuleContract` :210 [read] | - `src/autoDepot.js` (dosya düzeyi) :1 [read] | - `src/moduleContextMenu.js` (dosya düzeyi) :1 [read] | - `src/moduleContextMenu.js` `addModuleToSelection` :240 [read] | - `src/moduleDragSidebar.js` (dosya düzeyi) :1 [read] | - `src/moduleDragSidebar.js` `if` :272 [read] | - `test/barStool2.test.js` (dosya düzeyi) :3 [test] | - `test/baseItemsContract.test.js` (dosya düzeyi) :4 [test] | - `test/baseItemsContract.test.js` `for` :114 [test] | - `test/baseModule.test.js` (dosya düzeyi) :3 [test] | - `test/baseWallCatalog.test.js` (dosya düzeyi) :3 [test] | - `test/baseWallCatalog.test.js` `for` :9 [test] | - `test/baseWallRecipes.test.js` (dosya düzeyi) :4 [test] | - `test/baseWallRecipes.test.js` `for` :34 [test] | - `test/catalogSingleSource.test.js` (dosya düzeyi) :7 [test] | - `test/chairEamesContract.test.js` (dosya düzeyi) :4 [test] | - `test/coatRackModule.test.js` (dosya düzeyi) :4 [test] | - `test/commercialItemsContract.test.js` (dosya düzeyi) :5 [test] | - `test/deskBankoItemsContract.test.js` (dosya düzeyi) :3 [test] | - `test/doorCompositeItemContract.test.js` (dosya düzeyi) :5 [test] | - `test/eamesTableChairSetContract.test.js` (dosya düzeyi) :4 [test] | - `test/floorItemsContract.test.js` (dosya düzeyi) :3 [test] | - `test/floorItemsContract.test.js` `for` :35 [test] | - `test/furnitureItemsContract.test.js` (dosya düzeyi) :3 [test] | - `test/glassTableContract.test.js` (dosya düzeyi) :4 [test] | - `test/globalSilhouetteGhost.test.js` (dosya düzeyi) :4 [test] | - `test/indoorPlantItemsContract.test.js` (dosya düzeyi) :3 [test] | - `test/indoorPlants.test.js` (dosya düzeyi) :4 [test] | - `test/kettle.test.js` (dosya düzeyi) :4 [test] | - `test/lCounter100Contract.test.js` (dosya düzeyi) :4 [test] | - `test/lCounter150Contract.test.js` (dosya düzeyi) :4 [test] | - … test/e2e ek 31 eşleşme (src listesi tam).,- `src/items.js` `if` :473 [write-or-literal] | - `src/designState.js` `createTvModuleState` :613 [write-or-literal] | - `src/catalog.js` `if` :192 [write-or-literal] | - `src/catalog.js` `MODULE_CATALOG` :260 [define] | - `src/catalog.js` `MODULE_CATALOG_KEYS` :346 [define] | - `src/catalog.js` `MODULE_CATALOG_GROUPS` :423 [define] | - `src/catalog.js` `resolveItemKey` :503 [write] | - `src/moduleContracts.js` `resolveModuleContract` :215 [write] | - `src/scene3d.js` `createTvModule` :4828 [write] | - `src/autoDepot.js` `AUTO_DEPOT_SIZES` :12 [write] | - `src/autoDepot.js` `if` :76 [write] | - `src/moduleContextMenu.js` `renderSelectionQueue` :144 [write] | - `src/moduleContextMenu.js` `submitPickerSelection` :249 [write] | - `src/moduleContextMenu.js` `renderPickerCatalog` :318 [write] | - `src/moduleDragSidebar.js` `createModuleDragSidebar` :394 [write] | - `src/moduleDragSidebar.js` `resetDragState` :431 [write]
catalog.videoWallRows,Katalog descriptor: videoWallRows,Katalog descriptor: videoWallRows. Katalog descriptor alanı. Kaynak Item + `create*CatalogItem` eşlemesi (profilde width remap). Sidebar/drag bu nesneyi taşır.,katalog,string,yok / birimsiz,Katalog descriptor alanı. Kaynak Item + `create*CatalogItem` eşlemesi (profilde width remap). Sidebar/drag bu nesneyi taşır.,katalog descriptor (Item türevi) · src/catalog.js · MODULE_CATALOG / create*CatalogItem,src/catalog.js,Catalog default: `create*CatalogItem` Item alanından kopya. Profil `widthCm` `getStraightWallNominalWidthForProfileItem` ile remap. Kullanıcı ezemaz.,Item kaydı → create*CatalogItem eşlemesi → MODULE_CATALOG. Kullanıcı katalog alanını ezemaz.,true,2,2,hayır,yok,Kod tablosu. Persist yok (her load'da type/itemKey ile yeniden çözülür).,DERIVED,`MODULE_CATALOG` satırı `src/catalog.js` create*CatalogItem ile Item kaydından kopyalanır; ayrı yazılmaz.,hayır,hayır — türetilmiş / audit sütunu,validation yok (tablo/audit).,true,doğrudan yok veya dolaylı (kanıt bölümü).,yok veya dolaylı değil.,yok.,- `src/items.js` `getTopLightItemForType` :271 [read] | - `src/catalog.js` `if` :186 [read] | - `src/catalog.js` `resolveItemKey` :500 [read] | - `src/catalog.js` `getModuleCatalogItem` :534 [read] | - `src/moduleContracts.js` (dosya düzeyi) :1 [read] | - `src/moduleContracts.js` `resolveModuleContract` :210 [read] | - `src/autoDepot.js` (dosya düzeyi) :1 [read] | - `src/moduleContextMenu.js` (dosya düzeyi) :1 [read] | - `src/moduleContextMenu.js` `addModuleToSelection` :240 [read] | - `src/moduleDragSidebar.js` (dosya düzeyi) :1 [read] | - `src/moduleDragSidebar.js` `if` :272 [read] | - `test/barStool2.test.js` (dosya düzeyi) :3 [test] | - `test/baseItemsContract.test.js` (dosya düzeyi) :4 [test] | - `test/baseItemsContract.test.js` `for` :114 [test] | - `test/baseModule.test.js` (dosya düzeyi) :3 [test] | - `test/baseWallCatalog.test.js` (dosya düzeyi) :3 [test] | - `test/baseWallCatalog.test.js` `for` :9 [test] | - `test/baseWallRecipes.test.js` (dosya düzeyi) :4 [test] | - `test/baseWallRecipes.test.js` `for` :34 [test] | - `test/catalogSingleSource.test.js` (dosya düzeyi) :7 [test] | - `test/chairEamesContract.test.js` (dosya düzeyi) :4 [test] | - `test/coatRackModule.test.js` (dosya düzeyi) :4 [test] | - `test/commercialItemsContract.test.js` (dosya düzeyi) :5 [test] | - `test/deskBankoItemsContract.test.js` (dosya düzeyi) :3 [test] | - `test/doorCompositeItemContract.test.js` (dosya düzeyi) :5 [test] | - `test/eamesTableChairSetContract.test.js` (dosya düzeyi) :4 [test] | - `test/floorItemsContract.test.js` (dosya düzeyi) :3 [test] | - `test/floorItemsContract.test.js` `for` :35 [test] | - `test/furnitureItemsContract.test.js` (dosya düzeyi) :3 [test] | - `test/glassTableContract.test.js` (dosya düzeyi) :4 [test] | - `test/globalSilhouetteGhost.test.js` (dosya düzeyi) :4 [test] | - `test/indoorPlantItemsContract.test.js` (dosya düzeyi) :3 [test] | - `test/indoorPlants.test.js` (dosya düzeyi) :4 [test] | - `test/kettle.test.js` (dosya düzeyi) :4 [test] | - `test/lCounter100Contract.test.js` (dosya düzeyi) :4 [test] | - `test/lCounter150Contract.test.js` (dosya düzeyi) :4 [test] | - … test/e2e ek 31 eşleşme (src listesi tam).,- `src/items.js` `if` :472 [write-or-literal] | - `src/designState.js` `createTvModuleState` :612 [write-or-literal] | - `src/catalog.js` `if` :191 [write-or-literal] | - `src/catalog.js` `MODULE_CATALOG` :260 [define] | - `src/catalog.js` `MODULE_CATALOG_KEYS` :346 [define] | - `src/catalog.js` `MODULE_CATALOG_GROUPS` :423 [define] | - `src/catalog.js` `resolveItemKey` :503 [write] | - `src/moduleContracts.js` `resolveModuleContract` :215 [write] | - `src/scene3d.js` `createTvModule` :4827 [write] | - `src/autoDepot.js` `AUTO_DEPOT_SIZES` :12 [write] | - `src/autoDepot.js` `if` :76 [write] | - `src/moduleContextMenu.js` `renderSelectionQueue` :144 [write] | - `src/moduleContextMenu.js` `submitPickerSelection` :249 [write] | - `src/moduleContextMenu.js` `renderPickerCatalog` :318 [write] | - `src/moduleDragSidebar.js` `createModuleDragSidebar` :394 [write] | - `src/moduleDragSidebar.js` `resetDragState` :431 [write]
catalog.visualRotationYDeg,Katalog descriptor: visualRotationYDeg,Katalog descriptor: visualRotationYDeg. Katalog descriptor alanı. Kaynak Item + `create*CatalogItem` eşlemesi (profilde width remap). Sidebar/drag bu nesneyi taşır.,katalog,number (derece),derece,Katalog descriptor alanı. Kaynak Item + `create*CatalogItem` eşlemesi (profilde width remap). Sidebar/drag bu nesneyi taşır.,katalog descriptor (Item türevi) · src/catalog.js · MODULE_CATALOG / create*CatalogItem,src/catalog.js,Catalog default: `create*CatalogItem` Item alanından kopya. Profil `widthCm` `getStraightWallNominalWidthForProfileItem` ile remap. Kullanıcı ezemaz.,Item kaydı → create*CatalogItem eşlemesi → MODULE_CATALOG. Kullanıcı katalog alanını ezemaz.,true,1,1,hayır,yok,Kod tablosu. Persist yok (her load'da type/itemKey ile yeniden çözülür).,DERIVED,`MODULE_CATALOG` satırı `src/catalog.js` create*CatalogItem ile Item kaydından kopyalanır; ayrı yazılmaz.,hayır,hayır — türetilmiş / audit sütunu,validation yok (tablo/audit).,true,doğrudan yok veya dolaylı (kanıt bölümü).,yok veya dolaylı değil.,yok.,- `src/items.js` `getTopLightItemForType` :271 [read] | - `src/designState.js` `if` :411 [read] | - `src/catalog.js` `resolveItemKey` :500 [read] | - `src/catalog.js` `getModuleCatalogItem` :534 [read] | - `src/moduleContracts.js` (dosya düzeyi) :1 [read] | - `src/moduleContracts.js` `resolveModuleContract` :210 [read] | - `src/autoDepot.js` (dosya düzeyi) :1 [read] | - `src/moduleContextMenu.js` (dosya düzeyi) :1 [read] | - `src/moduleContextMenu.js` `addModuleToSelection` :240 [read] | - `src/moduleDragSidebar.js` (dosya düzeyi) :1 [read] | - `test/barStool2.test.js` (dosya düzeyi) :3 [test] | - `test/baseItemsContract.test.js` (dosya düzeyi) :4 [test] | - `test/baseItemsContract.test.js` `for` :114 [test] | - `test/baseModule.test.js` (dosya düzeyi) :3 [test] | - `test/baseWallCatalog.test.js` (dosya düzeyi) :3 [test] | - `test/baseWallCatalog.test.js` `for` :9 [test] | - `test/baseWallRecipes.test.js` (dosya düzeyi) :4 [test] | - `test/baseWallRecipes.test.js` `for` :34 [test] | - `test/catalogSingleSource.test.js` (dosya düzeyi) :7 [test] | - `test/chairEamesContract.test.js` (dosya düzeyi) :4 [test] | - `test/coatRackModule.test.js` (dosya düzeyi) :4 [test] | - `test/commercialItemsContract.test.js` (dosya düzeyi) :5 [test] | - `test/deskBankoItemsContract.test.js` (dosya düzeyi) :3 [test] | - `test/doorCompositeItemContract.test.js` (dosya düzeyi) :5 [test] | - `test/eamesTableChairSetContract.test.js` (dosya düzeyi) :4 [test] | - `test/floorItemsContract.test.js` (dosya düzeyi) :3 [test] | - `test/floorItemsContract.test.js` `for` :35 [test] | - `test/furnitureItemsContract.test.js` (dosya düzeyi) :3 [test] | - `test/furnitureItemsContract.test.js` `if` :181 [test] | - `test/glassTableContract.test.js` (dosya düzeyi) :4 [test] | - `test/globalSilhouetteGhost.test.js` (dosya düzeyi) :4 [test] | - `test/indoorPlantItemsContract.test.js` (dosya düzeyi) :3 [test] | - `test/indoorPlants.test.js` (dosya düzeyi) :4 [test] | - `test/kettle.test.js` (dosya düzeyi) :4 [test] | - `test/lCounter100Contract.test.js` (dosya düzeyi) :4 [test] | - … test/e2e ek 32 eşleşme (src listesi tam).,- `src/items.js` `COMMERCIAL_ITEMS` :139 [write-or-literal] | - `src/items.js` `FURNITURE_ITEMS` :176 [write-or-literal] | - `src/designState.js` `if` :412 [write] | - `src/designState.js` `createCommercialModuleState` :460 [write] | - `src/catalog.js` `MODULE_CATALOG` :260 [define] | - `src/catalog.js` `MODULE_CATALOG_KEYS` :346 [define] | - `src/catalog.js` `MODULE_CATALOG_GROUPS` :423 [define] | - `src/catalog.js` `resolveItemKey` :503 [write] | - `src/moduleContracts.js` `resolveModuleContract` :215 [write] | - `src/scene3d.js` `if` :5080 [write] | - `src/scene3d.js` `createSofaPieceClassicModule` :6379 [write-or-literal] | - `src/autoDepot.js` `AUTO_DEPOT_SIZES` :12 [write] | - `src/autoDepot.js` `if` :76 [write] | - `src/moduleContextMenu.js` `renderSelectionQueue` :144 [write] | - `src/moduleContextMenu.js` `submitPickerSelection` :249 [write] | - `src/moduleContextMenu.js` `renderPickerCatalog` :318 [write] | - `src/moduleDragSidebar.js` `createModuleDragSidebar` :394 [write] | - `src/moduleDragSidebar.js` `resetDragState` :431 [write]
catalog.widthCm,Katalog yerleşim genişliği,Katalog yerleşim genişliği. Katalog descriptor alanı. Kaynak Item + `create*CatalogItem` eşlemesi (profilde width remap). Sidebar/drag bu nesneyi taşır.,katalog,number,cm,Katalog descriptor alanı. Kaynak Item + `create*CatalogItem` eşlemesi (profilde width remap). Sidebar/drag bu nesneyi taşır.,katalog descriptor (Item türevi) · src/catalog.js · MODULE_CATALOG / create*CatalogItem,src/catalog.js,Catalog default: `create*CatalogItem` Item alanından kopya. Profil `widthCm` `getStraightWallNominalWidthForProfileItem` ile remap. Kullanıcı ezemaz.,Item kaydı → create*CatalogItem eşlemesi → MODULE_CATALOG. Kullanıcı katalog alanını ezemaz.,true,64,64,hayır,yok,Kod tablosu. Persist yok (her load'da type/itemKey ile yeniden çözülür).,DERIVED,`MODULE_CATALOG` satırı `src/catalog.js` create*CatalogItem ile Item kaydından kopyalanır; ayrı yazılmaz.,hayır,hayır — türetilmiş / audit sütunu,validation yok (tablo/audit).,true,doğrudan yok veya dolaylı (kanıt bölümü).,"Etkiler: snap, collision, side insert, short-up joint, L rotasyon, overlay mount. Ayrıntı `src/modulePlacement.js` + `getModuleBehavior`.",yok.,- `src/items.js` `getTopLightItemForType` :271 [read] | - `src/items.js` `getFloorSelectLabel` :341 [read] | - `src/items.js` `isGridTileFloorItem` :354 [read] | - `src/items.js` `isCarpetFloorItem` :362 [read] | - `src/items.js` `INDOOR_PLANT_ITEMS` :420 [read] | - `src/designState.js` `separatorDefaultColor` :20 [read] | - `src/designState.js` `resolveFlatPanelItemKey` :85 [read] | - `src/designState.js` `createFlatPanelModuleState` :94 [read] | - `src/designState.js` `resolveSeparatorItemKey` :121 [read] | - `src/designState.js` `if` :145 [read] | - `src/designState.js` `createSeparatorModuleState` :158 [read] | - `src/designState.js` `createShowcaseModuleState` :172 [read] | - `src/designState.js` `resolveShelfItemKey` :199 [read] | - `src/designState.js` `createShelfModuleState` :232 [read] | - `src/designState.js` `createDoorModuleState` :245 [read] | - `src/designState.js` `resolveCounterItemKey` :274 [read] | - `src/designState.js` `resolveBaseWallItemKey` :324 [read] | - `src/designState.js` `createBaseWallModuleState` :333 [read] | - `src/designState.js` `resolveBaseItemKey` :364 [read] | - `src/designState.js` `createBaseModuleState` :373 [read] | - `src/designState.js` `createProfileModuleState` :501 [read] | - `src/catalog.js` `COUNTER_DIMENSIONS` :19 [read] | - `src/catalog.js` `BASE_DIMENSIONS` :29 [read] | - `src/catalog.js` `createProfileCatalogItem` :91 [read] | - `src/catalog.js` `resolveItemKey` :500 [read] | - `src/catalog.js` `if` :513 [read] | - `src/catalog.js` `getModuleCatalogItem` :534 [read] | - `src/catalog.js` `flatPanelKey` :543 [read] | - `src/moduleBehavior.js` `if` :238 [read] | - `src/moduleContracts.js` (dosya düzeyi) :1 [read] | - `src/moduleContracts.js` `resolveModuleContract` :210 [read] | - `src/scene3d.js` `applyPlacementToGroup` :1388 [read] | - `src/scene3d.js` `if` :1578 [read] | - `src/scene3d.js` `createFallbackPlacementGhost` :1972 [read] | - `src/scene3d.js` `snapTopFixturePlacement` :2123 [read] | - `src/scene3d.js` `rotateSelectedModule` :2247 [read] | - `src/scene3d.js` `snap20` :2827 [read] | - `src/scene3d.js` `createMiniFridgeModule` :5008 [read] | - `src/scene3d.js` `createCoatRackModule` :5237 [read] | - `src/scene3d.js` `createKettleModule` :5402 [read] | - `src/scene3d.js` `createLedFloodlightModule` :5466 [read] | - `src/scene3d.js` `for` :5655 [read] | - `src/main.js` `deleteContextModule` :350 [read] | - `src/main.js` `if` :479 [read] | - `src/main.js` `finish` :1634 [read] | - `src/autoDepot.js` (dosya düzeyi) :1 [read] | - `src/autoDepot.js` `fixture` :23 [read] | - `src/autoDepot.js` `addFront` :30 [read] | - `src/autoDepot.js` `if` :31 [read] | - `src/automaticWall.js` `if` :68 [read] | - `src/automaticWall.js` `for` :108 [read] | - `src/moduleContextMenu.js` (dosya düzeyi) :1 [read] | - `src/moduleContextMenu.js` `addModuleToSelection` :240 [read] | - `src/moduleDragSidebar.js` (dosya düzeyi) :1 [read] | - `src/moduleDragSidebar.js` `previewWidthPx` :116 [read] | - `src/moduleMove.js` `if` :31 [read] | - `src/moduleMove.js` `findInsertionTarget` :117 [read] | - `src/modulePlacement.js` `getPlacementCenterCm` :102 [read] | - `src/modulePlacement.js` `getRotatedHalfExtentsCm` :127 [read] | - `src/modulePlacement.js` `getPlacementInterval` :201 [read] | - `src/modulePlacement.js` `createLocalSegment` :298 [read] | - `src/modulePlacement.js` `getWallUsedCm` :327 [read] | - `src/modulePlacement.js` `validateModulePlacement` :342 [read] | - `src/modulePlacement.js` `validatePlacementAgainstModules` :559 [read] | - `src/modulePlacement.js` `getPlacementCenter` :610 [read] | - `src/modulePlacement.js` `createEndpointConnectionPlacement` :686 [read] | - `src/modulePlacement.js` `snapUprightToShortUpJoints` :710 [read] | - `src/modulePlacement.js` `snapPlacementToModules` :811 [read] | - `src/modulePlacement.js` `createFreePlacement` :1257 [read] | - `src/modulePlacement.js` `snapPlacementToStand` :1343 [read] | - `src/rawBomDebug.js` `parseLCounterSelection` :16 [read] | - `src/rawBomDebug.js` `if` :117 [read] | - `src/selectionFeedback.js` `if` :27 [read] | - `src/wallReflow.js` `if` :57 [read] | - `src/wallReflow.js` `createPlacement` :65 [read] | - `src/wallReflow.js` `findNextPlacement` :95 [read] | - `src/wallReflow.js` `findPreviousPlacement` :115 [read] | - `src/wallReflow.js` `for` :124 [read] | - `test/autoDepotOrientation.test.js` `sideWalls` :6 [test] | - `test/barStool2.test.js` (dosya düzeyi) :3 [test] | - `test/baseItemsContract.test.js` (dosya düzeyi) :4 [test] | - `test/baseItemsContract.test.js` `for` :114 [test] | - `test/baseModule.test.js` (dosya düzeyi) :3 [test] | - `test/baseModule.test.js` `for` :48 [test] | - `test/baseRecipes.test.js` (dosya düzeyi) :9 [test] | - `test/baseRenderStyle.test.js` (dosya düzeyi) :20 [test] | - `test/baseTopsItemContract.test.js` (dosya düzeyi) :14 [test] | - `test/baseWallCatalog.test.js` (dosya düzeyi) :3 [test] | - `test/baseWallCatalog.test.js` `for` :9 [test] | - `test/baseWallRecipes.test.js` (dosya düzeyi) :4 [test] | - `test/baseWallRecipes.test.js` `for` :34 [test] | - `test/catalogSingleSource.test.js` (dosya düzeyi) :7 [test] | - `test/chairEamesContract.test.js` (dosya düzeyi) :4 [test] | - `test/coatRackModule.test.js` (dosya düzeyi) :4 [test] | - `test/commercialItemsContract.test.js` (dosya düzeyi) :5 [test] | - `test/cornerPanelsItemContract.test.js` (dosya düzeyi) :16 [test] | - `test/counterModule.test.js` `for` :13 [test] | - `test/counterRecipes.test.js` (dosya düzeyi) :9 [test] | - `test/counterTopsItemContract.test.js` (dosya düzeyi) :8 [test] | - `test/depotBackWallRecipe.test.js` (dosya düzeyi) :11 [test] | - `test/depotFreeDragSnap.test.js` `for` :9 [test] | - `test/depotFrontRecipe.test.js` `for` :15 [test] | - `test/designState.test.js` (dosya düzeyi) :24 [test] | - … test/e2e ek 94 eşleşme (src listesi tam).,- `src/items.js` `LEAF_ITEMS` :12 [define] | - `src/items.js` `COMMERCIAL_ITEMS` :122 [define] | - `src/items.js` `FURNITURE_ITEMS` :155 [write-or-literal] | - `src/items.js` (dosya düzeyi) :230 [write-or-literal] | - `src/items.js` `TOP_LIGHT_ITEMS` :259 [write-or-literal] | - `src/items.js` `NON_CATALOG_ITEMS` :278 [write-or-literal] | - `src/items.js` `FLOOR_ITEMS` :292 [define] | - `src/items.js` `getFloorSelectLabel` :339 [write] | - `src/items.js` `INDOOR_PLANT_ITEMS` :384 [define] | - `src/items.js` `WALL_MEDIA_ITEMS` :426 [write-or-literal] | - `src/items.js` `if` :468 [write-or-literal] | - `src/items.js` `COMPOSITE_ITEMS` :499 [define] | - `src/items.js` (dosya düzeyi) :582 [define] | - `src/designState.js` `resolveFlatPanelItemKey` :87 [write] | - `src/designState.js` `createFlatPanelModuleState` :95 [write] | - `src/designState.js` `resolveSeparatorItemKey` :120 [write] | - `src/designState.js` `resolveSeparatorItemKey` :126 [write-or-literal] | - `src/designState.js` `if` :138 [write-or-literal] | - `src/designState.js` `createSeparatorModuleState` :148 [write] | - `src/designState.js` `createSeparatorModuleState` :162 [write-or-literal] | - `src/designState.js` `createShowcaseModuleState` :167 [write] | - `src/designState.js` `createShowcaseModuleState` :179 [write-or-literal] | - `src/designState.js` `resolveShelfItemKey` :198 [write] | - `src/designState.js` `resolveShelfItemKey` :204 [write-or-literal] | - `src/designState.js` `createShelfModuleState` :221 [write] | - `src/designState.js` `createDoorModuleState` :242 [write] | - `src/designState.js` `createDoorModuleState` :253 [write-or-literal] | - `src/designState.js` `resolveCounterItemKey` :273 [write] | - `src/designState.js` `createCounterModuleState` :288 [write] | - `src/designState.js` `resolveBaseWallItemKey` :326 [write] | - `src/designState.js` `createBaseWallModuleState` :334 [write] | - `src/designState.js` `resolveBaseItemKey` :366 [write] | - `src/designState.js` `createBaseModuleState` :374 [write] | - `src/designState.js` `createFurnitureModuleState` :401 [write-or-literal] | - `src/designState.js` `createUprightModuleState` :485 [write-or-literal] | - `src/designState.js` `createProfileModuleState` :495 [write] | - `src/designState.js` `modelFile` :524 [write-or-literal] | - `src/catalog.js` `createFlatPanelCatalogItem` :62 [write-or-literal] | - `src/catalog.js` `createUprightCatalogItem` :77 [write-or-literal] | - `src/catalog.js` `createProfileCatalogItem` :87 [write] | - `src/catalog.js` `createBaseWallCatalogItem` :103 [write-or-literal] | - `src/catalog.js` `createSeparatorCatalogItem` :115 [write-or-literal] | - `src/catalog.js` `createShelfCatalogItem` :127 [write-or-literal] | - `src/catalog.js` `createWallMediaCatalogItem` :178 [write-or-literal] | - `src/catalog.js` `TV_42_DIMENSIONS` :200 [write-or-literal] | - `src/catalog.js` `LED_FLOODLIGHT_DIMENSIONS` :209 [write-or-literal] | - `src/catalog.js` `createTopLightCatalogItem` :220 [write-or-literal] | - `src/catalog.js` `createIndoorPlantCatalogItem` :237 [write-or-literal] | - `src/catalog.js` `createFurnitureCatalogItem` :253 [write-or-literal] | - `src/catalog.js` `MODULE_CATALOG` :260 [define] | - `src/catalog.js` `MODULE_CATALOG` :282 [write-or-literal] | - `src/catalog.js` `MODULE_CATALOG_KEYS` :346 [define] | - `src/catalog.js` `MODULE_CATALOG_GROUPS` :423 [define] | - `src/catalog.js` `normalizeCatalogDescriptor` :487 [write-or-literal] | - `src/catalog.js` `resolveItemKey` :503 [write] | - `src/moduleContracts.js` `resolveModuleContract` :215 [write] | - `src/scene3d.js` `createFloorPattern` :563 [write] | - `src/scene3d.js` `createStage` :770 [write] | - `src/scene3d.js` `createStage` :809 [write-or-literal] | - `src/scene3d.js` `ensureModuleSelectionFrame` :976 [write] | - `src/scene3d.js` `getSurfaceSelectionPlaneMeta` :1124 [write] | - `src/scene3d.js` `getSurfaceSelectionPlaneMeta` :1133 [write-or-literal] | - `src/scene3d.js` `applyPlacementToGroup` :1390 [write] | - `src/scene3d.js` `buildWall` :1541 [write] | - `src/scene3d.js` `if` :1556 [write] | - `src/scene3d.js` `if` :1735 [write-or-literal] | - `src/scene3d.js` `pickModuleContext` :1808 [write-or-literal] | - `src/scene3d.js` `createFallbackPlacementGhost` :1988 [write-or-literal] | - `src/scene3d.js` `snapTopFixturePlacement` :2131 [write] | - `src/scene3d.js` `inferWallIdForRotation` :2173 [write] | - `src/scene3d.js` `rotateSelectedModule` :2261 [write-or-literal] | - `src/scene3d.js` `getFreeTvPlacement` :2301 [write-or-literal] | - `src/scene3d.js` `snap20` :2813 [write] | - `src/scene3d.js` `createIlluminatedFoamModule` :4705 [write] | - `src/scene3d.js` `createTvModule` :4845 [write] | - `src/scene3d.js` `createMiniFridgeModule` :4996 [write] | - `src/scene3d.js` `createIndoorPlantModule` :5066 [write] | - `src/scene3d.js` `createCoatRackModule` :5227 [write] | - `src/scene3d.js` `createUprightModule` :5293 [write] | - `src/scene3d.js` `createUprightModule` :5308 [write-or-literal] | - `src/scene3d.js` `createProfileModule` :5342 [write] | - `src/scene3d.js` `createProfileModule` :5358 [write-or-literal] | - `src/scene3d.js` `createKettleModule` :5392 [write] | - `src/scene3d.js` `createLedFloodlightModule` :5457 [write] | - `src/scene3d.js` `createBarStoolModule` :5669 [write] | - `src/main.js` `duplicateContextModule` :475 [write] | - `src/main.js` `getContinuousModulePathStartCm` :541 [write] | - `src/main.js` `if` :549 [write] | - `src/main.js` `for` :675 [write-or-literal] | - `src/main.js` `for` :691 [write] | - `src/main.js` `resizeContextIlluminatedFoam` :876 [write] | - `src/main.js` `rebuildSceneFromSetup` :1045 [write-or-literal] | - `src/main.js` `if` :1089 [write-or-literal] | - `src/main.js` `finish` :1631 [write] | - `src/main.js` `onKeyDown` :1710 [write] | - `src/autoDepot.js` `AUTO_DEPOT_SIZES` :5 [write-or-literal] | - `src/autoDepot.js` `AUTO_DEPOT_SIZES` :12 [write] | - `src/autoDepot.js` `wall` :14 [write] | - `src/autoDepot.js` `wall` :15 [write-or-literal] | - `src/autoDepot.js` `door` :18 [write-or-literal] | - `src/autoDepot.js` `fixture` :20 [write] | - `src/autoDepot.js` `planAutomaticDepot` :54 [write-or-literal] | - `src/autoDepot.js` `if` :61 [write] | - `src/autoDepot.js` `if` :127 [write-or-literal] | - `src/automaticWall.js` `if` :66 [write] | - `src/automaticWall.js` `if` :102 [write-or-literal] | - `src/automaticWall.js` `for` :109 [write-or-literal] | - `src/automaticWall.js` `for` :110 [write] | - `src/moduleContextMenu.js` `renderSelectionQueue` :144 [write] | - `src/moduleContextMenu.js` `submitPickerSelection` :249 [write] | - `src/moduleContextMenu.js` `renderPickerCatalog` :318 [write] | - `src/moduleDragSidebar.js` `previewWidthPx` :117 [write] | - `src/moduleDragSidebar.js` `if` :130 [write] | - `src/moduleDragSidebar.js` `createModuleDragSidebar` :394 [write] | - `src/moduleDragSidebar.js` `resetDragState` :431 [write] | - `src/moduleMove.js` `placementToPathStart` :11 [write] | - `src/moduleMove.js` `if` :19 [write] | - `src/moduleMove.js` `findInsertionTarget` :108 [write] | - `src/moduleMove.js` `if` :181 [write-or-literal] | - `src/modulePlacement.js` `rotateModulePlacementAroundCenter` :76 [write] | - `src/modulePlacement.js` `rotateModulePlacementAroundCenter` :87 [write-or-literal] | - `src/modulePlacement.js` `getPlacementCenterCm` :104 [write] | - `src/modulePlacement.js` `placementFromCenterCm` :115 [write] | - `src/modulePlacement.js` `getRotatedHalfExtentsCm` :128 [write] | - `src/modulePlacement.js` `getPlacementInterval` :209 [write-or-literal] | - `src/modulePlacement.js` `getGroundSegment` :215 [write] | - `src/modulePlacement.js` `getGroundSegment` :228 [write-or-literal] | - `src/modulePlacement.js` `getLCounterCollisionSegments` :269 [write] | - `src/modulePlacement.js` `getWallExtentCm` :335 [write] | - `src/modulePlacement.js` `validateModulePlacement` :350 [write] | - `src/modulePlacement.js` `getOrientedFootprint` :490 [write] | - `src/modulePlacement.js` `validatePlacementAgainstModules` :571 [write] | - `src/modulePlacement.js` `getPlacementCenter` :611 [write] | - `src/modulePlacement.js` `createEndpointConnectionPlacement` :692 [write] | - `src/modulePlacement.js` `snapUprightToShortUpJoints` :720 [write] | - `src/modulePlacement.js` `snapUprightToShortUpJoints` :748 [write-or-literal] | - `src/modulePlacement.js` `snapPlacementToModules` :822 [write] | - `src/modulePlacement.js` `snapPlacementToModules` :861 [write-or-literal] | - `src/modulePlacement.js` `addCandidate` :892 [write-or-literal] | - `src/modulePlacement.js` `if` :931 [write-or-literal] | - `src/modulePlacement.js` `faceGapCm` :1073 [write] | - `src/modulePlacement.js` `touchesTargetFace` :1181 [write] | - `src/modulePlacement.js` `createFreePlacement` :1266 [write] | - `src/modulePlacement.js` `createFreePlacement` :1283 [write-or-literal] | - `src/modulePlacement.js` `snapPlacementToStand` :1353 [write] | - `src/modulePlacement.js` `snapPlacementToStand` :1371 [write-or-literal] | - `src/rawBomDebug.js` `parseLCounterSelection` :14 [write] | - `src/rawBomDebug.js` `parseLCounterSelection` :21 [write-or-literal] | - `src/rawBomDebug.js` `renderRecipe` :55 [write] | - `src/rawBomDebug.js` `if` :115 [write] | - `src/selectionFeedback.js` `if` :18 [write] | - `src/selectionFeedback.js` `if` :56 [write-or-literal] | - `src/standStandardsCopy.js` `getStandStandardsFacts` :21 [write] | - `src/wallReflow.js` `placementToPathStart` :37 [write] | - `src/wallReflow.js` `if` :45 [write] | - `src/wallReflow.js` `if` :69 [write-or-literal] | - `src/wallReflow.js` `for` :126 [write]
contract.present,Açık modül sözleşmesi var mı,Açık modül sözleşmesi var mı. Modül sözleşme profil/assignment alanı. Runtime UI yetkisi ve BOM politikası.,sozlesme,boolean,yok / birimsiz,Modül sözleşme profil/assignment alanı. Runtime UI yetkisi ve BOM politikası.,modül sözleşmesi · src/moduleContracts.js · MODULE_CONTRACT_ASSIGNMENTS + MODULE_CONTRACT_PROFILES,src/moduleContracts.js,Kod tablosu default: `MODULE_CONTRACT_ASSIGNMENTS[itemKey].profile` → `MODULE_CONTRACT_PROFILES`. Assignment yoksa `hasExplicitModuleContract` false.,Kod tablosu. Runtime override yok.,true,70,104,hayır,yok,Kod tablosu. Persist yok (her load'da type/itemKey ile yeniden çözülür).,DERIVED,Bu sütun runtime Item alanı değil; audit/çözümleyici görünümüdür veya başka alandan türetilir. Kullanıcı bu id ile form alanı görmez.,hayır,hayır — türetilmiş / audit sütunu,validation yok (tablo/audit).,true,doğrudan yok veya dolaylı (kanıt bölümü).,yok veya dolaylı değil.,yok.,- `src/moduleContracts.js` `hasExplicitModuleContract` :192 [read] | - `src/moduleContracts.js` `resolveModuleContract` :197 [read] | - `test/systemDevelopmentContract.test.js` (dosya düzeyi) :8 [test],- `src/moduleContracts.js` `MODULE_CONTRACT_ASSIGNMENTS` :98 [define] | - `src/moduleContracts.js` `NON_CATALOG_MODULE_CONTRACTS` :172 [define] | - `src/moduleContracts.js` `resolveModuleContract` :198 [write]
contract.profile,Sözleşme profil kimliği,Sözleşme profil kimliği. Modül sözleşme profil/assignment alanı. Runtime UI yetkisi ve BOM politikası.,sozlesme,string,yok / birimsiz,Modül sözleşme profil/assignment alanı. Runtime UI yetkisi ve BOM politikası.,modül sözleşmesi · src/moduleContracts.js · MODULE_CONTRACT_ASSIGNMENTS + MODULE_CONTRACT_PROFILES,src/moduleContracts.js,Kod tablosu default: `MODULE_CONTRACT_ASSIGNMENTS[itemKey].profile` → `MODULE_CONTRACT_PROFILES`. Assignment yoksa `hasExplicitModuleContract` false.,Kod tablosu. Runtime override yok.,true,65,65,hayır,yok,Kod tablosu. Persist yok (her load'da type/itemKey ile yeniden çözülür).,SYSTEM_INTERNAL,`MODULE_CONTRACT_ASSIGNMENTS` / `MODULE_CONTRACT_PROFILES` dondurulmuş politika tablosu. Kullanıcı değiştirmez.,hayır,hayır — kod tablosu,validation yok (tablo/audit).,true,doğrudan yok veya dolaylı (kanıt bölümü).,yok veya dolaylı değil.,yok.,- `src/moduleContracts.js` `assignment` :94 [read] | - `test/systemDevelopmentContract.test.js` (dosya düzeyi) :9 [test] | - `test/systemDevelopmentContract.test.js` `for` :40 [test],- `src/moduleContracts.js` `MODULE_CONTRACT_PROFILES` :27 [define] | - `src/moduleContracts.js` `MODULE_CONTRACT_ASSIGNMENTS` :99 [write-or-literal] | - `src/moduleContracts.js` `resolveModuleContract` :199 [write]
contract.appearance.color,Sözleşme renk yetkisi,Sözleşme renk yetkisi. Modül sözleşme profil/assignment alanı. Runtime UI yetkisi ve BOM politikası.,sozlesme,string,yok / birimsiz,Modül sözleşme profil/assignment alanı. Runtime UI yetkisi ve BOM politikası.,modül sözleşmesi · src/moduleContracts.js · MODULE_CONTRACT_ASSIGNMENTS + MODULE_CONTRACT_PROFILES,src/moduleContracts.js,Kod tablosu default: `MODULE_CONTRACT_ASSIGNMENTS[itemKey].profile` → `MODULE_CONTRACT_PROFILES`. Assignment yoksa `hasExplicitModuleContract` false.,Kod tablosu. Runtime override yok.,true,65,65,hayır,yok,Kod tablosu. Persist yok (her load'da type/itemKey ile yeniden çözülür).,SYSTEM_INTERNAL,`MODULE_CONTRACT_ASSIGNMENTS` / `MODULE_CONTRACT_PROFILES` dondurulmuş politika tablosu. Kullanıcı değiştirmez.,hayır,hayır — kod tablosu,validation yok (tablo/audit).,true,doğrudan yok veya dolaylı (kanıt bölümü).,yok veya dolaylı değil.,yok.,- `test/coverModeExclusivity.test.js` (dosya düzeyi) :18 [test] | - `test/materialAppearance.test.js` (dosya düzeyi) :13 [test] | - `test/plasticTrashBinModule.test.js` `overlaps` :112 [test] | - `test/systemDevelopmentContract.test.js` (dosya düzeyi) :19 [test] | - `test/systemDevelopmentContract.test.js` `for` :48 [test],- `src/moduleContracts.js` `MODULE_CONTRACT_PROFILES` :30 [write-or-literal] | - `src/moduleContracts.js` `mergeProfile` :183 [write-or-literal]
contract.appearance.image,Sözleşme görsel yetkisi,Sözleşme görsel yetkisi. Modül sözleşme profil/assignment alanı. Runtime UI yetkisi ve BOM politikası.,sozlesme,string,yok / birimsiz,Modül sözleşme profil/assignment alanı. Runtime UI yetkisi ve BOM politikası.,modül sözleşmesi · src/moduleContracts.js · MODULE_CONTRACT_ASSIGNMENTS + MODULE_CONTRACT_PROFILES,src/moduleContracts.js,Kod tablosu default: `MODULE_CONTRACT_ASSIGNMENTS[itemKey].profile` → `MODULE_CONTRACT_PROFILES`. Assignment yoksa `hasExplicitModuleContract` false.,Kod tablosu. Runtime override yok.,true,65,65,hayır,yok,Kod tablosu. Persist yok (her load'da type/itemKey ile yeniden çözülür).,SYSTEM_INTERNAL,`MODULE_CONTRACT_ASSIGNMENTS` / `MODULE_CONTRACT_PROFILES` dondurulmuş politika tablosu. Kullanıcı değiştirmez.,hayır,hayır — kod tablosu,validation yok (tablo/audit).,true,doğrudan yok veya dolaylı (kanıt bölümü).,yok veya dolaylı değil.,yok.,- `src/moduleContracts.js` `MODULE_CONTRACT_PROFILES` :30 [write-or-literal],- `src/moduleContracts.js` `MODULE_CONTRACT_PROFILES` :30 [write-or-literal]
contract.renderer.mode,Sözleşme renderer sınıfı,Sözleşme renderer sınıfı. Modül sözleşme profil/assignment alanı. Runtime UI yetkisi ve BOM politikası.,sozlesme,string,yok / birimsiz,Modül sözleşme profil/assignment alanı. Runtime UI yetkisi ve BOM politikası.,modül sözleşmesi · src/moduleContracts.js · MODULE_CONTRACT_ASSIGNMENTS + MODULE_CONTRACT_PROFILES,src/moduleContracts.js,Kod tablosu default: `MODULE_CONTRACT_ASSIGNMENTS[itemKey].profile` → `MODULE_CONTRACT_PROFILES`. Assignment yoksa `hasExplicitModuleContract` false.,Kod tablosu. Runtime override yok.,true,65,65,hayır,yok,Kod tablosu. Persist yok (her load'da type/itemKey ile yeniden çözülür).,SYSTEM_INTERNAL,`MODULE_CONTRACT_ASSIGNMENTS` / `MODULE_CONTRACT_PROFILES` dondurulmuş politika tablosu. Kullanıcı değiştirmez.,hayır,hayır — kod tablosu,validation yok (tablo/audit).,true,doğrudan yok veya dolaylı (kanıt bölümü).,yok veya dolaylı değil.,yok.,- `src/moduleContracts.js` `MODULE_CONTRACT_PROFILES` :31 [write-or-literal],- `src/moduleContracts.js` `MODULE_CONTRACT_PROFILES` :31 [write-or-literal]
contract.runtime.mode,Sözleşme runtime sınıfı,Sözleşme runtime sınıfı. Modül sözleşme profil/assignment alanı. Runtime UI yetkisi ve BOM politikası.,sozlesme,string,yok / birimsiz,Modül sözleşme profil/assignment alanı. Runtime UI yetkisi ve BOM politikası.,modül sözleşmesi · src/moduleContracts.js · MODULE_CONTRACT_ASSIGNMENTS + MODULE_CONTRACT_PROFILES,src/moduleContracts.js,Kod tablosu default: `MODULE_CONTRACT_ASSIGNMENTS[itemKey].profile` → `MODULE_CONTRACT_PROFILES`. Assignment yoksa `hasExplicitModuleContract` false.,Kod tablosu. Runtime override yok.,true,65,65,hayır,yok,Kod tablosu. Persist yok (her load'da type/itemKey ile yeniden çözülür).,SYSTEM_INTERNAL,`MODULE_CONTRACT_ASSIGNMENTS` / `MODULE_CONTRACT_PROFILES` dondurulmuş politika tablosu. Kullanıcı değiştirmez.,hayır,hayır — kod tablosu,validation yok (tablo/audit).,true,doğrudan yok veya dolaylı (kanıt bölümü).,yok veya dolaylı değil.,yok.,- `src/moduleContracts.js` `MODULE_CONTRACT_PROFILES` :32 [write-or-literal],- `src/moduleContracts.js` `MODULE_CONTRACT_PROFILES` :32 [write-or-literal]
contract.composition.mode,Sözleşme composition sınıfı (profil),Sözleşme composition sınıfı (profil). Modül sözleşme profil/assignment alanı. Runtime UI yetkisi ve BOM politikası.,sozlesme,string,yok / birimsiz,Modül sözleşme profil/assignment alanı. Runtime UI yetkisi ve BOM politikası.,modül sözleşmesi · src/moduleContracts.js · MODULE_CONTRACT_ASSIGNMENTS + MODULE_CONTRACT_PROFILES,src/moduleContracts.js,Kod tablosu default: `MODULE_CONTRACT_ASSIGNMENTS[itemKey].profile` → `MODULE_CONTRACT_PROFILES`. Assignment yoksa `hasExplicitModuleContract` false.,Kod tablosu. Runtime override yok.,true,65,65,hayır,yok,Kod tablosu. Persist yok (her load'da type/itemKey ile yeniden çözülür).,SYSTEM_INTERNAL,`MODULE_CONTRACT_ASSIGNMENTS` / `MODULE_CONTRACT_PROFILES` dondurulmuş politika tablosu. Kullanıcı değiştirmez.,hayır,hayır — kod tablosu,validation yok (tablo/audit).,true,doğrudan yok veya dolaylı (kanıt bölümü).,yok veya dolaylı değil.,yok.,- `src/moduleContracts.js` `MODULE_CONTRACT_PROFILES` :33 [write-or-literal],- `src/moduleContracts.js` `MODULE_CONTRACT_PROFILES` :33 [write-or-literal]
contract.bom.mode,BOM politika kipi,BOM politika kipi. recipe | self | decision-required. Final BOM entegrasyon politikası; renderer geometrisinden türetmez.,sozlesme,string,yok / birimsiz,recipe | self | decision-required. Final BOM entegrasyon politikası; renderer geometrisinden türetmez.,modül sözleşmesi · src/moduleContracts.js · MODULE_CONTRACT_ASSIGNMENTS + MODULE_CONTRACT_PROFILES,src/moduleContracts.js,Kod tablosu default: `MODULE_CONTRACT_ASSIGNMENTS[itemKey].profile` → `MODULE_CONTRACT_PROFILES`. Assignment yoksa `hasExplicitModuleContract` false.,Kod tablosu. Runtime override yok.,true,65,65,hayır,yok,Kod tablosu. Persist yok (her load'da type/itemKey ile yeniden çözülür).,SYSTEM_INTERNAL,`MODULE_CONTRACT_ASSIGNMENTS` / `MODULE_CONTRACT_PROFILES` dondurulmuş politika tablosu. Kullanıcı değiştirmez.,hayır,hayır — kod tablosu,validation yok (tablo/audit).,true,doğrudan yok veya dolaylı (kanıt bölümü).,yok veya dolaylı değil.,Etkiler: `resolveItemBom` / recipe items / inner-corner variant. Miktar uydurulmaz; recipe satırı kanoniktir.,- `src/moduleContracts.js` (dosya düzeyi) :4 [define] | - `src/moduleContracts.js` `MODULE_CONTRACT_ASSIGNMENTS` :99 [write-or-literal] | - `src/moduleContracts.js` `NON_CATALOG_MODULE_CONTRACTS` :175 [write-or-literal],- `src/moduleContracts.js` (dosya düzeyi) :4 [define] | - `src/moduleContracts.js` `MODULE_CONTRACT_ASSIGNMENTS` :99 [write-or-literal] | - `src/moduleContracts.js` `NON_CATALOG_MODULE_CONTRACTS` :175 [write-or-literal]
contract.bom.source,BOM kaynak dosyası,BOM kaynak dosyası. Modül sözleşme profil/assignment alanı. Runtime UI yetkisi ve BOM politikası.,sozlesme,string,yok / birimsiz,Modül sözleşme profil/assignment alanı. Runtime UI yetkisi ve BOM politikası.,modül sözleşmesi · src/moduleContracts.js · MODULE_CONTRACT_ASSIGNMENTS + MODULE_CONTRACT_PROFILES,src/moduleContracts.js,Kod tablosu default: `MODULE_CONTRACT_ASSIGNMENTS[itemKey].profile` → `MODULE_CONTRACT_PROFILES`. Assignment yoksa `hasExplicitModuleContract` false.,Kod tablosu. Runtime override yok.,true,46,46,hayır,yok,Kod tablosu. Persist yok (her load'da type/itemKey ile yeniden çözülür).,SYSTEM_INTERNAL,`MODULE_CONTRACT_ASSIGNMENTS` / `MODULE_CONTRACT_PROFILES` dondurulmuş politika tablosu. Kullanıcı değiştirmez.,hayır,hayır — kod tablosu,validation yok (tablo/audit).,true,doğrudan yok veya dolaylı (kanıt bölümü).,yok veya dolaylı değil.,yok.,- `src/moduleContracts.js` (dosya düzeyi) :6 [write-or-literal],- `src/moduleContracts.js` (dosya düzeyi) :6 [write-or-literal]
contract.bom.reason,BOM decision-required gerekçesi,BOM decision-required gerekçesi. Modül sözleşme profil/assignment alanı. Runtime UI yetkisi ve BOM politikası.,sozlesme,string,yok / birimsiz,Modül sözleşme profil/assignment alanı. Runtime UI yetkisi ve BOM politikası.,modül sözleşmesi · src/moduleContracts.js · MODULE_CONTRACT_ASSIGNMENTS + MODULE_CONTRACT_PROFILES,src/moduleContracts.js,Kod tablosu default: `MODULE_CONTRACT_ASSIGNMENTS[itemKey].profile` → `MODULE_CONTRACT_PROFILES`. Assignment yoksa `hasExplicitModuleContract` false.,Kod tablosu. Runtime override yok.,true,19,19,hayır,yok,Kod tablosu. Persist yok (her load'da type/itemKey ile yeniden çözülür).,SYSTEM_INTERNAL,`MODULE_CONTRACT_ASSIGNMENTS` / `MODULE_CONTRACT_PROFILES` dondurulmuş politika tablosu. Kullanıcı değiştirmez.,hayır,hayır — kod tablosu,validation yok (tablo/audit).,true,doğrudan yok veya dolaylı (kanıt bölümü).,yok veya dolaylı değil.,yok.,- `src/moduleContracts.js` (dosya düzeyi) :14 [define] | - `src/moduleContracts.js` `MODULE_CONTRACT_ASSIGNMENTS` :147 [write-or-literal] | - `src/moduleContracts.js` `NON_CATALOG_MODULE_CONTRACTS` :175 [write-or-literal],- `src/moduleContracts.js` (dosya düzeyi) :14 [define] | - `src/moduleContracts.js` `MODULE_CONTRACT_ASSIGNMENTS` :147 [write-or-literal] | - `src/moduleContracts.js` `NON_CATALOG_MODULE_CONTRACTS` :175 [write-or-literal]
contract.state.owner,State sahibi dosya (sözleşme),State sahibi dosya (sözleşme). Modül sözleşme profil/assignment alanı. Runtime UI yetkisi ve BOM politikası.,sozlesme,string,yok / birimsiz,Modül sözleşme profil/assignment alanı. Runtime UI yetkisi ve BOM politikası.,modül sözleşmesi · src/moduleContracts.js · MODULE_CONTRACT_ASSIGNMENTS + MODULE_CONTRACT_PROFILES,src/moduleContracts.js,Kod tablosu default: `MODULE_CONTRACT_ASSIGNMENTS[itemKey].profile` → `MODULE_CONTRACT_PROFILES`. Assignment yoksa `hasExplicitModuleContract` false.,Kod tablosu. Runtime override yok.,true,65,65,hayır,yok,Kod tablosu. Persist yok (her load'da type/itemKey ile yeniden çözülür).,SYSTEM_INTERNAL,`MODULE_CONTRACT_ASSIGNMENTS` / `MODULE_CONTRACT_PROFILES` dondurulmuş politika tablosu. Kullanıcı değiştirmez.,hayır,hayır — kod tablosu,validation yok (tablo/audit).,true,doğrudan yok veya dolaylı (kanıt bölümü).,yok veya dolaylı değil.,yok.,- `src/moduleContracts.js` `MODULE_CONTRACT_PROFILES` :29 [write-or-literal],- `src/moduleContracts.js` `MODULE_CONTRACT_PROFILES` :29 [write-or-literal]
contract.state.persistence,Sözleşme persistence kipi,Sözleşme persistence kipi. Modül sözleşme profil/assignment alanı. Runtime UI yetkisi ve BOM politikası.,sozlesme,string,yok / birimsiz,Modül sözleşme profil/assignment alanı. Runtime UI yetkisi ve BOM politikası.,modül sözleşmesi · src/moduleContracts.js · MODULE_CONTRACT_ASSIGNMENTS + MODULE_CONTRACT_PROFILES,src/moduleContracts.js,Kod tablosu default: `MODULE_CONTRACT_ASSIGNMENTS[itemKey].profile` → `MODULE_CONTRACT_PROFILES`. Assignment yoksa `hasExplicitModuleContract` false.,Kod tablosu. Runtime override yok.,true,65,65,hayır,yok,Kod tablosu. Persist yok (her load'da type/itemKey ile yeniden çözülür).,SYSTEM_INTERNAL,`MODULE_CONTRACT_ASSIGNMENTS` / `MODULE_CONTRACT_PROFILES` dondurulmuş politika tablosu. Kullanıcı değiştirmez.,hayır,hayır — kod tablosu,validation yok (tablo/audit).,true,doğrudan yok veya dolaylı (kanıt bölümü).,yok veya dolaylı değil.,yok.,- `src/moduleContracts.js` `MODULE_CONTRACT_PROFILES` :29 [write-or-literal],- `src/moduleContracts.js` `MODULE_CONTRACT_PROFILES` :29 [write-or-literal]
behavior.allowSideInsert,Modül davranışı: allowSideInsert,Modül davranışı: allowSideInsert. Context menu yanına ekle/çoğalt. Overlay false.,davranis,string,yok / birimsiz,Context menu yanına ekle/çoğalt. Overlay false.,type davranış tablosu · src/moduleBehavior.js · TYPE_BEHAVIORS / getModuleBehavior,src/moduleBehavior.js,"Global: `DEFAULT_BEHAVIOR` = `WALL_BEHAVIOR` (`src/moduleBehavior.js`). Type: `TYPE_BEHAVIORS[type]`. Type kaydı yoksa WALL_BEHAVIOR. Ghost yoksa `DEFAULT_GHOST_BEHAVIOR` (opacity 0.38, renderer module-silhouette). collisionHeight yoksa `full`.",DEFAULT_BEHAVIOR (WALL_BEHAVIOR) → TYPE_BEHAVIORS[type] → getModuleBehavior item override (counter L defaultRotation 270; düz banko 100/150/200 rotationStep 45). Persist yok; her çağrıda hesaplanır.,true,70,104,hayır,yok,Kod tablosu. Persist yok (her load'da type/itemKey ile yeniden çözülür).,SYSTEM_INTERNAL,`TYPE_BEHAVIORS` + `getModuleBehavior` kod tablosu. Kullanıcı tabloyu değiştirmez; placement/rotation bu değerlere göre çalışır.,hayır,hayır — kod tablosu,Yanlış type → DEFAULT_BEHAVIOR. Enum runtime'da sıkı doğrulanmaz.,false,doğrudan yok veya dolaylı (kanıt bölümü).,"Etkiler: snap, collision, side insert, short-up joint, L rotasyon, overlay mount. Ayrıntı `src/modulePlacement.js` + `getModuleBehavior`.",yok.,- `src/main.js` (dosya düzeyi) :25 [read] | - `src/main.js` `if` :729 [read] | - `src/moduleContextMenu.js` `allowsModuleSideInsert` :5 [read] | - `src/moduleContextMenu.js` `if` :497 [read] | - `test/doorCompositeItemContract.test.js` (dosya düzeyi) :120 [test] | - `test/moduleBehaviorContract.test.js` (dosya düzeyi) :31 [test] | - `test/moduleContextAllowSideInsert.test.js` (dosya düzeyi) :3 [test] | - `test/tv42Module.test.js` `for` :169 [test],- `src/moduleBehavior.js` (dosya düzeyi) :18 [write-or-literal] | - `src/moduleBehavior.js` `freeBehavior` :41 [write-or-literal] | - `src/moduleBehavior.js` `overlayBehavior` :64 [write-or-literal] | - `src/moduleContextMenu.js` `allowsModuleSideInsert` :9 [write-or-literal] | - `src/moduleContextMenu.js` `if` :424 [write]
behavior.boundarySnap,Modül davranışı: boundarySnap,"Modül davranışı: boundarySnap. TYPE_BEHAVIORS / getModuleBehavior alanı. Placement, ghost, collision, insert bu kayıttan okunur.",davranis,string,yok / birimsiz,"TYPE_BEHAVIORS / getModuleBehavior alanı. Placement, ghost, collision, insert bu kayıttan okunur.",type davranış tablosu · src/moduleBehavior.js · TYPE_BEHAVIORS / getModuleBehavior,src/moduleBehavior.js,"Global: `DEFAULT_BEHAVIOR` = `WALL_BEHAVIOR` (`src/moduleBehavior.js`). Type: `TYPE_BEHAVIORS[type]`. Type kaydı yoksa WALL_BEHAVIOR. Ghost yoksa `DEFAULT_GHOST_BEHAVIOR` (opacity 0.38, renderer module-silhouette). collisionHeight yoksa `full`.",DEFAULT_BEHAVIOR (WALL_BEHAVIOR) → TYPE_BEHAVIORS[type] → getModuleBehavior item override (counter L defaultRotation 270; düz banko 100/150/200 rotationStep 45). Persist yok; her çağrıda hesaplanır.,true,70,104,hayır,yok,Kod tablosu. Persist yok (her load'da type/itemKey ile yeniden çözülür).,SYSTEM_INTERNAL,`TYPE_BEHAVIORS` + `getModuleBehavior` kod tablosu. Kullanıcı tabloyu değiştirmez; placement/rotation bu değerlere göre çalışır.,hayır,hayır — kod tablosu,Yanlış type → DEFAULT_BEHAVIOR. Enum runtime'da sıkı doğrulanmaz.,false,doğrudan yok veya dolaylı (kanıt bölümü).,"Etkiler: snap, collision, side insert, short-up joint, L rotasyon, overlay mount. Ayrıntı `src/modulePlacement.js` + `getModuleBehavior`.",yok.,- `src/moduleBehavior.js` `usesWallInnerFaceBoundary` :314 [read] | - `src/modulePlacement.js` (dosya düzeyi) :15 [read] | - `test/furnitureItemsContract.test.js` (dosya düzeyi) :30 [test] | - `test/furnitureItemsContract.test.js` `if` :200 [test] | - `test/moduleBehaviorContract.test.js` (dosya düzeyi) :37 [test] | - `test/moduleBehaviorPolicy.test.js` (dosya düzeyi) :19 [test] | - `test/moduleBehaviorPolicy.test.js` `for` :47 [test],- `src/moduleBehavior.js` (dosya düzeyi) :24 [write-or-literal] | - `src/moduleBehavior.js` `freeBehavior` :47 [write-or-literal] | - `src/moduleBehavior.js` `overlayBehavior` :70 [write-or-literal] | - `src/modulePlacement.js` `if` :1312 [write]
behavior.collision,Modül davranışı: collision,Modül davranışı: collision. segment / footprint / none.,davranis,string,yok / birimsiz,segment / footprint / none.,type davranış tablosu · src/moduleBehavior.js · TYPE_BEHAVIORS / getModuleBehavior,src/moduleBehavior.js,"Global: `DEFAULT_BEHAVIOR` = `WALL_BEHAVIOR` (`src/moduleBehavior.js`). Type: `TYPE_BEHAVIORS[type]`. Type kaydı yoksa WALL_BEHAVIOR. Ghost yoksa `DEFAULT_GHOST_BEHAVIOR` (opacity 0.38, renderer module-silhouette). collisionHeight yoksa `full`.",DEFAULT_BEHAVIOR (WALL_BEHAVIOR) → TYPE_BEHAVIORS[type] → getModuleBehavior item override (counter L defaultRotation 270; düz banko 100/150/200 rotationStep 45). Persist yok; her çağrıda hesaplanır.,true,70,104,hayır,yok,Kod tablosu. Persist yok (her load'da type/itemKey ile yeniden çözülür).,SYSTEM_INTERNAL,`TYPE_BEHAVIORS` + `getModuleBehavior` kod tablosu. Kullanıcı tabloyu değiştirmez; placement/rotation bu değerlere göre çalışır.,hayır,hayır — kod tablosu,Yanlış type → DEFAULT_BEHAVIOR. Enum runtime'da sıkı doğrulanmaz.,false,doğrudan yok veya dolaylı (kanıt bölümü).,"Etkiler: snap, collision, side insert, short-up joint, L rotasyon, overlay mount. Ayrıntı `src/modulePlacement.js` + `getModuleBehavior`.",yok.,- `src/moduleBehavior.js` `getModuleCollisionStrategy` :265 [read] | - `src/modulePlacement.js` (dosya düzeyi) :8 [read] | - `src/modulePlacement.js` `placementsOverlap` :536 [read] | - `test/freePropsCollisionNone.test.js` (dosya düzeyi) :6 [test] | - `test/freePropsCollisionNone.test.js` `for` :27 [test] | - `test/furnitureItemsContract.test.js` (dosya düzeyi) :49 [test] | - `test/moduleBehaviorContract.test.js` (dosya düzeyi) :32 [test] | - `test/moduleBehaviorPolicy.test.js` (dosya düzeyi) :11 [test] | - `test/moduleBehaviorPolicy.test.js` `for` :76 [test],- `src/moduleBehavior.js` (dosya düzeyi) :19 [write-or-literal] | - `src/moduleBehavior.js` `freeBehavior` :42 [write-or-literal] | - `src/moduleBehavior.js` `overlayBehavior` :65 [write-or-literal]
behavior.collisionDepth,Modül davranışı: collisionDepth,"Modül davranışı: collisionDepth. TYPE_BEHAVIORS / getModuleBehavior alanı. Placement, ghost, collision, insert bu kayıttan okunur.",davranis,string,yok / birimsiz,"TYPE_BEHAVIORS / getModuleBehavior alanı. Placement, ghost, collision, insert bu kayıttan okunur.",type davranış tablosu · src/moduleBehavior.js · TYPE_BEHAVIORS / getModuleBehavior,src/moduleBehavior.js,"Global: `DEFAULT_BEHAVIOR` = `WALL_BEHAVIOR` (`src/moduleBehavior.js`). Type: `TYPE_BEHAVIORS[type]`. Type kaydı yoksa WALL_BEHAVIOR. Ghost yoksa `DEFAULT_GHOST_BEHAVIOR` (opacity 0.38, renderer module-silhouette). collisionHeight yoksa `full`.",DEFAULT_BEHAVIOR (WALL_BEHAVIOR) → TYPE_BEHAVIORS[type] → getModuleBehavior item override (counter L defaultRotation 270; düz banko 100/150/200 rotationStep 45). Persist yok; her çağrıda hesaplanır.,true,70,104,hayır,yok,Kod tablosu. Persist yok (her load'da type/itemKey ile yeniden çözülür).,SYSTEM_INTERNAL,`TYPE_BEHAVIORS` + `getModuleBehavior` kod tablosu. Kullanıcı tabloyu değiştirmez; placement/rotation bu değerlere göre çalışır.,hayır,hayır — kod tablosu,Yanlış type → DEFAULT_BEHAVIOR. Enum runtime'da sıkı doğrulanmaz.,false,doğrudan yok veya dolaylı (kanıt bölümü).,"Etkiler: snap, collision, side insert, short-up joint, L rotasyon, overlay mount. Ayrıntı `src/modulePlacement.js` + `getModuleBehavior`.",yok.,- `src/moduleBehavior.js` `usesWallBackboneCollisionDepth` :306 [read] | - `src/modulePlacement.js` (dosya düzeyi) :14 [read] | - `src/modulePlacement.js` `getModuleCollisionDepthCm` :408 [read] | - `test/moduleBehaviorContract.test.js` (dosya düzeyi) :35 [test] | - `test/moduleBehaviorPolicy.test.js` (dosya düzeyi) :18 [test] | - `test/moduleBehaviorPolicy.test.js` `for` :41 [test] | - `test/wallBaseItemsContract.test.js` (dosya düzeyi) :108 [test],- `src/moduleBehavior.js` (dosya düzeyi) :22 [write-or-literal] | - `src/moduleBehavior.js` `freeBehavior` :45 [write-or-literal] | - `src/moduleBehavior.js` `overlayBehavior` :68 [write-or-literal] | - `src/modulePlacement.js` `validatePlacementAgainstModules` :572 [write] | - `src/modulePlacement.js` `snapPlacementToModules` :852 [write]
behavior.collisionHeight,Modül davranışı: collisionHeight,"Modül davranışı: collisionHeight. TYPE_BEHAVIORS / getModuleBehavior alanı. Placement, ghost, collision, insert bu kayıttan okunur.",davranis,string,yok / birimsiz,"TYPE_BEHAVIORS / getModuleBehavior alanı. Placement, ghost, collision, insert bu kayıttan okunur.",type davranış tablosu · src/moduleBehavior.js · TYPE_BEHAVIORS / getModuleBehavior,src/moduleBehavior.js,"Global: `DEFAULT_BEHAVIOR` = `WALL_BEHAVIOR` (`src/moduleBehavior.js`). Type: `TYPE_BEHAVIORS[type]`. Type kaydı yoksa WALL_BEHAVIOR. Ghost yoksa `DEFAULT_GHOST_BEHAVIOR` (opacity 0.38, renderer module-silhouette). collisionHeight yoksa `full`.",DEFAULT_BEHAVIOR (WALL_BEHAVIOR) → TYPE_BEHAVIORS[type] → getModuleBehavior item override (counter L defaultRotation 270; düz banko 100/150/200 rotationStep 45). Persist yok; her çağrıda hesaplanır.,true,70,104,hayır,yok,Kod tablosu. Persist yok (her load'da type/itemKey ile yeniden çözülür).,SYSTEM_INTERNAL,`TYPE_BEHAVIORS` + `getModuleBehavior` kod tablosu. Kullanıcı tabloyu değiştirmez; placement/rotation bu değerlere göre çalışır.,hayır,hayır — kod tablosu,Yanlış type → DEFAULT_BEHAVIOR. Enum runtime'da sıkı doğrulanmaz.,false,doğrudan yok veya dolaylı (kanıt bölümü).,"Etkiler: snap, collision, side insert, short-up joint, L rotasyon, overlay mount. Ayrıntı `src/modulePlacement.js` + `getModuleBehavior`.",yok.,- `src/modulePlacement.js` `collisionHeightsOverlap` :527 [read] | - `src/modulePlacement.js` `placementsOverlap` :539 [read] | - `test/moduleBehaviorContract.test.js` (dosya düzeyi) :42 [test] | - `test/wallFlatPanelItemsContract.test.js` (dosya düzeyi) :272 [test],- `src/moduleBehavior.js` (dosya düzeyi) :29 [write-or-literal] | - `src/moduleBehavior.js` `freeBehavior` :52 [write-or-literal] | - `src/moduleBehavior.js` `overlayBehavior` :75 [write-or-literal] | - `src/moduleBehavior.js` `getModuleBehavior` :224 [write] | - `src/moduleBehavior.js` `getModuleBehavior` :226 [write-or-literal]
behavior.connectionEndpoint,Modül davranışı: connectionEndpoint,"Modül davranışı: connectionEndpoint. TYPE_BEHAVIORS / getModuleBehavior alanı. Placement, ghost, collision, insert bu kayıttan okunur.",davranis,string,yok / birimsiz,"TYPE_BEHAVIORS / getModuleBehavior alanı. Placement, ghost, collision, insert bu kayıttan okunur.",type davranış tablosu · src/moduleBehavior.js · TYPE_BEHAVIORS / getModuleBehavior,src/moduleBehavior.js,"Global: `DEFAULT_BEHAVIOR` = `WALL_BEHAVIOR` (`src/moduleBehavior.js`). Type: `TYPE_BEHAVIORS[type]`. Type kaydı yoksa WALL_BEHAVIOR. Ghost yoksa `DEFAULT_GHOST_BEHAVIOR` (opacity 0.38, renderer module-silhouette). collisionHeight yoksa `full`.",DEFAULT_BEHAVIOR (WALL_BEHAVIOR) → TYPE_BEHAVIORS[type] → getModuleBehavior item override (counter L defaultRotation 270; düz banko 100/150/200 rotationStep 45). Persist yok; her çağrıda hesaplanır.,true,70,104,hayır,yok,Kod tablosu. Persist yok (her load'da type/itemKey ile yeniden çözülür).,SYSTEM_INTERNAL,`TYPE_BEHAVIORS` + `getModuleBehavior` kod tablosu. Kullanıcı tabloyu değiştirmez; placement/rotation bu değerlere göre çalışır.,hayır,hayır — kod tablosu,Yanlış type → DEFAULT_BEHAVIOR. Enum runtime'da sıkı doğrulanmaz.,false,doğrudan yok veya dolaylı (kanıt bölümü).,"Etkiler: snap, collision, side insert, short-up joint, L rotasyon, overlay mount. Ayrıntı `src/modulePlacement.js` + `getModuleBehavior`.",yok.,- `src/moduleBehavior.js` `usesLogicalFixtureEndpoint` :302 [read] | - `src/modulePlacement.js` (dosya düzeyi) :13 [read] | - `src/modulePlacement.js` `if` :447 [read] | - `test/baseItemsContract.test.js` (dosya düzeyi) :76 [test] | - `test/moduleBehaviorContract.test.js` (dosya düzeyi) :34 [test] | - `test/moduleBehaviorPolicy.test.js` (dosya düzeyi) :17 [test] | - `test/moduleBehaviorPolicy.test.js` `for` :37 [test],- `src/moduleBehavior.js` (dosya düzeyi) :21 [write-or-literal] | - `src/moduleBehavior.js` `freeBehavior` :44 [write-or-literal] | - `src/moduleBehavior.js` `overlayBehavior` :67 [write-or-literal] | - `src/modulePlacement.js` `if` :445 [write] | - `src/modulePlacement.js` `snapPlacementToModules` :872 [write]
behavior.defaultRotationDeg,Modül davranışı: defaultRotationDeg,Modül davranışı: defaultRotationDeg. İlk yerleşim açısı. L banko 270; bar-stool 270.,davranis,number (derece),derece,İlk yerleşim açısı. L banko 270; bar-stool 270.,type davranış tablosu · src/moduleBehavior.js · TYPE_BEHAVIORS / getModuleBehavior,src/moduleBehavior.js,"Global: `DEFAULT_BEHAVIOR` = `WALL_BEHAVIOR` (`src/moduleBehavior.js`). Type: `TYPE_BEHAVIORS[type]`. Type kaydı yoksa WALL_BEHAVIOR. Ghost yoksa `DEFAULT_GHOST_BEHAVIOR` (opacity 0.38, renderer module-silhouette). collisionHeight yoksa `full`.",DEFAULT_BEHAVIOR (WALL_BEHAVIOR) → TYPE_BEHAVIORS[type] → getModuleBehavior item override (counter L defaultRotation 270; düz banko 100/150/200 rotationStep 45). Persist yok; her çağrıda hesaplanır.,true,70,104,hayır,yok,Kod tablosu. Persist yok (her load'da type/itemKey ile yeniden çözülür).,SYSTEM_INTERNAL,`TYPE_BEHAVIORS` + `getModuleBehavior` kod tablosu. Kullanıcı tabloyu değiştirmez; placement/rotation bu değerlere göre çalışır.,hayır,hayır — kod tablosu,Yanlış type → DEFAULT_BEHAVIOR. Enum runtime'da sıkı doğrulanmaz.,false,doğrudan yok veya dolaylı (kanıt bölümü).,"Etkiler: snap, collision, side insert, short-up joint, L rotasyon, overlay mount. Ayrıntı `src/modulePlacement.js` + `getModuleBehavior`.",yok.,- `src/moduleBehavior.js` `getModuleDefaultRotationDeg` :257 [read] | - `src/moduleBehavior.js` `resolveSideInsertRotationDeg` :321 [read] | - `src/main.js` (dosya düzeyi) :41 [read] | - `src/moduleDragSidebar.js` (dosya düzeyi) :4 [read] | - `test/deskBankoItemsContract.test.js` `if` :117 [test] | - `test/furnitureItemsContract.test.js` (dosya düzeyi) :29 [test] | - `test/furnitureItemsContract.test.js` `if` :199 [test] | - `test/lCounterDefaultOrientation.test.js` (dosya düzeyi) :4 [test] | - `test/moduleBehaviorContract.test.js` (dosya düzeyi) :30 [test] | - `test/plasticTrashBinModule.test.js` `overlaps` :83 [test],- `src/moduleBehavior.js` (dosya düzeyi) :17 [write-or-literal] | - `src/moduleBehavior.js` `freeBehavior` :40 [write-or-literal] | - `src/moduleBehavior.js` `overlayBehavior` :63 [write-or-literal] | - `src/moduleBehavior.js` `if` :231 [write-or-literal] | - `src/main.js` `for` :669 [write-or-literal] | - `src/moduleDragSidebar.js` `if` :461 [write]
behavior.endpointContact,Modül davranışı: endpointContact,"Modül davranışı: endpointContact. TYPE_BEHAVIORS / getModuleBehavior alanı. Placement, ghost, collision, insert bu kayıttan okunur.",davranis,string,yok / birimsiz,"TYPE_BEHAVIORS / getModuleBehavior alanı. Placement, ghost, collision, insert bu kayıttan okunur.",type davranış tablosu · src/moduleBehavior.js · TYPE_BEHAVIORS / getModuleBehavior,src/moduleBehavior.js,"Global: `DEFAULT_BEHAVIOR` = `WALL_BEHAVIOR` (`src/moduleBehavior.js`). Type: `TYPE_BEHAVIORS[type]`. Type kaydı yoksa WALL_BEHAVIOR. Ghost yoksa `DEFAULT_GHOST_BEHAVIOR` (opacity 0.38, renderer module-silhouette). collisionHeight yoksa `full`.",DEFAULT_BEHAVIOR (WALL_BEHAVIOR) → TYPE_BEHAVIORS[type] → getModuleBehavior item override (counter L defaultRotation 270; düz banko 100/150/200 rotationStep 45). Persist yok; her çağrıda hesaplanır.,true,70,104,hayır,yok,Kod tablosu. Persist yok (her load'da type/itemKey ile yeniden çözülür).,SYSTEM_INTERNAL,`TYPE_BEHAVIORS` + `getModuleBehavior` kod tablosu. Kullanıcı tabloyu değiştirmez; placement/rotation bu değerlere göre çalışır.,hayır,hayır — kod tablosu,Yanlış type → DEFAULT_BEHAVIOR. Enum runtime'da sıkı doğrulanmaz.,false,doğrudan yok veya dolaylı (kanıt bölümü).,"Etkiler: snap, collision, side insert, short-up joint, L rotasyon, overlay mount. Ayrıntı `src/modulePlacement.js` + `getModuleBehavior`.",yok.,- `src/moduleBehavior.js` `allowsThinWallEndpointContact` :310 [read] | - `src/modulePlacement.js` (dosya düzeyi) :4 [read] | - `src/modulePlacement.js` `if` :461 [read] | - `test/moduleBehaviorContract.test.js` (dosya düzeyi) :36 [test] | - `test/moduleBehaviorPolicy.test.js` (dosya düzeyi) :6 [test] | - `test/moduleBehaviorPolicy.test.js` `for` :44 [test] | - `test/plasticTrashBinModule.test.js` (dosya düzeyi) :11 [test] | - `test/plasticTrashBinModule.test.js` `overlaps` :87 [test],- `src/moduleBehavior.js` (dosya düzeyi) :23 [write-or-literal] | - `src/moduleBehavior.js` `freeBehavior` :46 [write-or-literal] | - `src/moduleBehavior.js` `overlayBehavior` :69 [write-or-literal] | - `src/modulePlacement.js` `if` :459 [write]
behavior.ghost.kind,Modül davranışı: ghost.kind,"Modül davranışı: ghost.kind. TYPE_BEHAVIORS / getModuleBehavior alanı. Placement, ghost, collision, insert bu kayıttan okunur.",davranis,string,yok / birimsiz,"TYPE_BEHAVIORS / getModuleBehavior alanı. Placement, ghost, collision, insert bu kayıttan okunur.",type davranış tablosu · src/moduleBehavior.js · TYPE_BEHAVIORS / getModuleBehavior,src/moduleBehavior.js,"Global: `DEFAULT_BEHAVIOR` = `WALL_BEHAVIOR` (`src/moduleBehavior.js`). Type: `TYPE_BEHAVIORS[type]`. Type kaydı yoksa WALL_BEHAVIOR. Ghost yoksa `DEFAULT_GHOST_BEHAVIOR` (opacity 0.38, renderer module-silhouette). collisionHeight yoksa `full`.",DEFAULT_BEHAVIOR (WALL_BEHAVIOR) → TYPE_BEHAVIORS[type] → getModuleBehavior item override (counter L defaultRotation 270; düz banko 100/150/200 rotationStep 45). Persist yok; her çağrıda hesaplanır.,true,70,104,hayır,yok,Kod tablosu. Persist yok (her load'da type/itemKey ile yeniden çözülür).,SYSTEM_INTERNAL,`TYPE_BEHAVIORS` + `getModuleBehavior` kod tablosu. Kullanıcı tabloyu değiştirmez; placement/rotation bu değerlere göre çalışır.,hayır,hayır — kod tablosu,Yanlış type → DEFAULT_BEHAVIOR. Enum runtime'da sıkı doğrulanmaz.,false,Yerleşim ghost silhouette opaklığı/renderer adı.,"Etkiler: snap, collision, side insert, short-up joint, L rotasyon, overlay mount. Ayrıntı `src/modulePlacement.js` + `getModuleBehavior`.",yok.,- `src/moduleBehavior.js` `getModuleGhostBehavior` :342 [read] | - `src/scene3d.js` (dosya düzeyi) :55 [read] | - `test/globalSilhouetteGhost.test.js` (dosya düzeyi) :5 [test] | - `test/tv42Module.test.js` (dosya düzeyi) :7 [test] | - `test/tv42Module.test.js` `for` :63 [test],- `src/moduleBehavior.js` (dosya düzeyi) :5 [define] | - `src/moduleBehavior.js` (dosya düzeyi) :30 [write-or-literal] | - `src/moduleBehavior.js` `freeBehavior` :53 [write-or-literal] | - `src/moduleBehavior.js` `overlayBehavior` :76 [write-or-literal] | - `src/moduleBehavior.js` `getModuleBehavior` :223 [write-or-literal] | - `src/scene3d.js` `ensurePlacementGhost` :2026 [write]
behavior.ghost.opacity,Modül davranışı: ghost.opacity,"Modül davranışı: ghost.opacity. TYPE_BEHAVIORS / getModuleBehavior alanı. Placement, ghost, collision, insert bu kayıttan okunur.",davranis,number,0–1 opaklık,"TYPE_BEHAVIORS / getModuleBehavior alanı. Placement, ghost, collision, insert bu kayıttan okunur.",type davranış tablosu · src/moduleBehavior.js · TYPE_BEHAVIORS / getModuleBehavior,src/moduleBehavior.js,"Global: `DEFAULT_BEHAVIOR` = `WALL_BEHAVIOR` (`src/moduleBehavior.js`). Type: `TYPE_BEHAVIORS[type]`. Type kaydı yoksa WALL_BEHAVIOR. Ghost yoksa `DEFAULT_GHOST_BEHAVIOR` (opacity 0.38, renderer module-silhouette). collisionHeight yoksa `full`.",DEFAULT_BEHAVIOR (WALL_BEHAVIOR) → TYPE_BEHAVIORS[type] → getModuleBehavior item override (counter L defaultRotation 270; düz banko 100/150/200 rotationStep 45). Persist yok; her çağrıda hesaplanır.,true,70,104,hayır,yok,Kod tablosu. Persist yok (her load'da type/itemKey ile yeniden çözülür).,SYSTEM_INTERNAL,`TYPE_BEHAVIORS` + `getModuleBehavior` kod tablosu. Kullanıcı tabloyu değiştirmez; placement/rotation bu değerlere göre çalışır.,hayır,hayır — kod tablosu,Yanlış type → DEFAULT_BEHAVIOR. Enum runtime'da sıkı doğrulanmaz.,false,Yerleşim ghost silhouette opaklığı/renderer adı.,"Etkiler: snap, collision, side insert, short-up joint, L rotasyon, overlay mount. Ayrıntı `src/modulePlacement.js` + `getModuleBehavior`.",yok.,- `src/moduleBehavior.js` `getModuleGhostBehavior` :343 [read] | - `test/globalSilhouetteGhost.test.js` (dosya düzeyi) :8 [test] | - `test/moduleBehaviorContract.test.js` (dosya düzeyi) :46 [test] | - `test/tv42Module.test.js` `for` :66 [test],- `src/moduleBehavior.js` (dosya düzeyi) :5 [define] | - `src/moduleBehavior.js` (dosya düzeyi) :8 [write-or-literal] | - `src/moduleBehavior.js` `freeBehavior` :53 [write-or-literal] | - `src/moduleBehavior.js` `overlayBehavior` :76 [write-or-literal] | - `src/moduleBehavior.js` `getModuleBehavior` :223 [write-or-literal]
behavior.ghost.renderer,Modül davranışı: ghost.renderer,"Modül davranışı: ghost.renderer. TYPE_BEHAVIORS / getModuleBehavior alanı. Placement, ghost, collision, insert bu kayıttan okunur.",davranis,string,yok / birimsiz,"TYPE_BEHAVIORS / getModuleBehavior alanı. Placement, ghost, collision, insert bu kayıttan okunur.",type davranış tablosu · src/moduleBehavior.js · TYPE_BEHAVIORS / getModuleBehavior,src/moduleBehavior.js,"Global: `DEFAULT_BEHAVIOR` = `WALL_BEHAVIOR` (`src/moduleBehavior.js`). Type: `TYPE_BEHAVIORS[type]`. Type kaydı yoksa WALL_BEHAVIOR. Ghost yoksa `DEFAULT_GHOST_BEHAVIOR` (opacity 0.38, renderer module-silhouette). collisionHeight yoksa `full`.",DEFAULT_BEHAVIOR (WALL_BEHAVIOR) → TYPE_BEHAVIORS[type] → getModuleBehavior item override (counter L defaultRotation 270; düz banko 100/150/200 rotationStep 45). Persist yok; her çağrıda hesaplanır.,true,70,104,hayır,yok,Kod tablosu. Persist yok (her load'da type/itemKey ile yeniden çözülür).,SYSTEM_INTERNAL,`TYPE_BEHAVIORS` + `getModuleBehavior` kod tablosu. Kullanıcı tabloyu değiştirmez; placement/rotation bu değerlere göre çalışır.,hayır,hayır — kod tablosu,Yanlış type → DEFAULT_BEHAVIOR. Enum runtime'da sıkı doğrulanmaz.,false,doğrudan yok veya dolaylı (kanıt bölümü).,"Etkiler: snap, collision, side insert, short-up joint, L rotasyon, overlay mount. Ayrıntı `src/modulePlacement.js` + `getModuleBehavior`.",yok.,- `test/globalSilhouetteGhost.test.js` (dosya düzeyi) :8 [test] | - `test/moduleBehaviorContract.test.js` (dosya düzeyi) :45 [test] | - `test/tv42Module.test.js` `for` :65 [test],- `src/moduleBehavior.js` (dosya düzeyi) :7 [write-or-literal]
behavior.magneticSnap,Modül davranışı: magneticSnap,"Modül davranışı: magneticSnap. TYPE_BEHAVIORS / getModuleBehavior alanı. Placement, ghost, collision, insert bu kayıttan okunur.",davranis,string,yok / birimsiz,"TYPE_BEHAVIORS / getModuleBehavior alanı. Placement, ghost, collision, insert bu kayıttan okunur.",type davranış tablosu · src/moduleBehavior.js · TYPE_BEHAVIORS / getModuleBehavior,src/moduleBehavior.js,"Global: `DEFAULT_BEHAVIOR` = `WALL_BEHAVIOR` (`src/moduleBehavior.js`). Type: `TYPE_BEHAVIORS[type]`. Type kaydı yoksa WALL_BEHAVIOR. Ghost yoksa `DEFAULT_GHOST_BEHAVIOR` (opacity 0.38, renderer module-silhouette). collisionHeight yoksa `full`.",DEFAULT_BEHAVIOR (WALL_BEHAVIOR) → TYPE_BEHAVIORS[type] → getModuleBehavior item override (counter L defaultRotation 270; düz banko 100/150/200 rotationStep 45). Persist yok; her çağrıda hesaplanır.,true,70,104,hayır,yok,Kod tablosu. Persist yok (her load'da type/itemKey ile yeniden çözülür).,SYSTEM_INTERNAL,`TYPE_BEHAVIORS` + `getModuleBehavior` kod tablosu. Kullanıcı tabloyu değiştirmez; placement/rotation bu değerlere göre çalışır.,hayır,hayır — kod tablosu,Yanlış type → DEFAULT_BEHAVIOR. Enum runtime'da sıkı doğrulanmaz.,false,doğrudan yok veya dolaylı (kanıt bölümü).,"Etkiler: snap, collision, side insert, short-up joint, L rotasyon, overlay mount. Ayrıntı `src/modulePlacement.js` + `getModuleBehavior`.",yok.,- `src/moduleBehavior.js` `getModuleMagneticSnapStrategy` :288 [read] | - `src/moduleBehavior.js` `requiresShortUpJointSnap` :293 [read] | - `src/scene3d.js` `if` :2590 [read] | - `src/modulePlacement.js` (dosya düzeyi) :9 [read] | - `src/modulePlacement.js` `snapPlacementToModules` :823 [read] | - `test/globalSilhouetteGhost.test.js` (dosya düzeyi) :43 [test] | - `test/kettle.test.js` (dosya düzeyi) :20 [test] | - `test/moduleBehaviorContract.test.js` (dosya düzeyi) :33 [test] | - `test/moduleBehaviorPolicy.test.js` (dosya düzeyi) :12 [test] | - `test/moduleBehaviorPolicy.test.js` `for` :24 [test] | - `test/plasticTrashBinModule.test.js` `overlaps` :85 [test] | - `test/plasticTrashBinModule.test.js` (dosya düzeyi) :115 [test] | - `test/profileFieldPlacement.test.js` (dosya düzeyi) :7 [test] | - `test/profileFieldPlacement.test.js` `for` :53 [test] | - `test/uprightFieldPlacement.test.js` (dosya düzeyi) :8 [test] | - `test/uprightFieldPlacement.test.js` `for` :58 [test] | - `test/wallFlatPanelItemsContract.test.js` (dosya düzeyi) :269 [test],- `src/moduleBehavior.js` (dosya düzeyi) :20 [write-or-literal] | - `src/moduleBehavior.js` `freeBehavior` :43 [write-or-literal] | - `src/moduleBehavior.js` `overlayBehavior` :66 [write-or-literal] | - `src/scene3d.js` `if` :2573 [write] | - `src/scene3d.js` `if` :2648 [write-or-literal] | - `src/scene3d.js` (dosya düzeyi) :2961 [write]
behavior.moveSnapCm,Modül davranışı: moveSnapCm,Modül davranışı: moveSnapCm. `getModuleMoveSnapCm` → placement grid.,davranis,number,cm,`getModuleMoveSnapCm` → placement grid.,type davranış tablosu · src/moduleBehavior.js · TYPE_BEHAVIORS / getModuleBehavior,src/moduleBehavior.js,"Global: `DEFAULT_BEHAVIOR` = `WALL_BEHAVIOR` (`src/moduleBehavior.js`). Type: `TYPE_BEHAVIORS[type]`. Type kaydı yoksa WALL_BEHAVIOR. Ghost yoksa `DEFAULT_GHOST_BEHAVIOR` (opacity 0.38, renderer module-silhouette). collisionHeight yoksa `full`.",DEFAULT_BEHAVIOR (WALL_BEHAVIOR) → TYPE_BEHAVIORS[type] → getModuleBehavior item override (counter L defaultRotation 270; düz banko 100/150/200 rotationStep 45). Persist yok; her çağrıda hesaplanır.,true,70,104,hayır,yok,Kod tablosu. Persist yok (her load'da type/itemKey ile yeniden çözülür).,SYSTEM_INTERNAL,`TYPE_BEHAVIORS` + `getModuleBehavior` kod tablosu. Kullanıcı tabloyu değiştirmez; placement/rotation bu değerlere göre çalışır.,hayır,hayır — kod tablosu,Yanlış type → DEFAULT_BEHAVIOR. Enum runtime'da sıkı doğrulanmaz.,false,doğrudan yok veya dolaylı (kanıt bölümü).,"Etkiler: snap, collision, side insert, short-up joint, L rotasyon, overlay mount. Ayrıntı `src/modulePlacement.js` + `getModuleBehavior`.",yok.,- `src/moduleBehavior.js` `getModuleMoveSnapCm` :261 [read] | - `src/modulePlacement.js` (dosya düzeyi) :10 [read] | - `src/modulePlacement.js` `getModulePlacementSnapCm` :174 [read] | - `test/baseItemsContract.test.js` (dosya düzeyi) :77 [test] | - `test/deskBankoItemsContract.test.js` `if` :115 [test] | - `test/doorCompositeItemContract.test.js` (dosya düzeyi) :117 [test] | - `test/furnitureItemsContract.test.js` `if` :197 [test] | - `test/illuminatedFoamModule.test.js` (dosya düzeyi) :20 [test] | - `test/indoorPlantItemsContract.test.js` (dosya düzeyi) :103 [test] | - `test/indoorPlants.test.js` (dosya düzeyi) :28 [test] | - `test/lightingItemsContract.test.js` (dosya düzeyi) :51 [test] | - `test/moduleBehaviorContract.test.js` (dosya düzeyi) :28 [test] | - `test/plasticTrashBinModule.test.js` `overlaps` :81 [test] | - `test/profileFieldPlacement.test.js` `for` :55 [test] | - `test/systemDevelopmentContract.test.js` `for` :57 [test] | - `test/wallBaseItemsContract.test.js` (dosya düzeyi) :106 [test] | - `test/wallFlatPanelItemsContract.test.js` (dosya düzeyi) :85 [test] | - `test/wallSeparatorItemsContract.test.js` `if` :109 [test] | - `test/wallShelfItemsContract.test.js` (dosya düzeyi) :111 [test],- `src/moduleBehavior.js` (dosya düzeyi) :15 [write-or-literal] | - `src/moduleBehavior.js` `freeBehavior` :38 [write-or-literal] | - `src/moduleBehavior.js` `overlayBehavior` :61 [write-or-literal]
behavior.overlapWithTypes,Modül davranışı: overlapWithTypes,Modül davranışı: overlapWithTypes. `canModulesOverlapByBehavior` izin listesi.,davranis,object / JSON,yok / birimsiz,`canModulesOverlapByBehavior` izin listesi.,type davranış tablosu · src/moduleBehavior.js · TYPE_BEHAVIORS / getModuleBehavior,src/moduleBehavior.js,"Global: `DEFAULT_BEHAVIOR` = `WALL_BEHAVIOR` (`src/moduleBehavior.js`). Type: `TYPE_BEHAVIORS[type]`. Type kaydı yoksa WALL_BEHAVIOR. Ghost yoksa `DEFAULT_GHOST_BEHAVIOR` (opacity 0.38, renderer module-silhouette). collisionHeight yoksa `full`.",DEFAULT_BEHAVIOR (WALL_BEHAVIOR) → TYPE_BEHAVIORS[type] → getModuleBehavior item override (counter L defaultRotation 270; düz banko 100/150/200 rotationStep 45). Persist yok; her çağrıda hesaplanır.,true,70,104,hayır,yok,Kod tablosu. Persist yok (her load'da type/itemKey ile yeniden çözülür).,SYSTEM_INTERNAL,`TYPE_BEHAVIORS` + `getModuleBehavior` kod tablosu. Kullanıcı tabloyu değiştirmez; placement/rotation bu değerlere göre çalışır.,hayır,hayır — kod tablosu,Yanlış type → DEFAULT_BEHAVIOR. Enum runtime'da sıkı doğrulanmaz.,false,doğrudan yok veya dolaylı (kanıt bölümü).,"Etkiler: snap, collision, side insert, short-up joint, L rotasyon, overlay mount. Ayrıntı `src/modulePlacement.js` + `getModuleBehavior`.",yok.,- `src/moduleBehavior.js` `canModulesOverlapByBehavior` :325 [read] | - `src/modulePlacement.js` (dosya düzeyi) :5 [read] | - `src/modulePlacement.js` `placementsOverlap` :535 [read] | - `test/kettle.test.js` (dosya düzeyi) :6 [test] | - `test/moduleBehaviorContract.test.js` (dosya düzeyi) :39 [test] | - `test/moduleBehaviorPolicy.test.js` (dosya düzeyi) :7 [test] | - `test/moduleBehaviorPolicy.test.js` `for` :32 [test] | - `test/plasticTrashBinModule.test.js` (dosya düzeyi) :12 [test] | - `test/plasticTrashBinModule.test.js` `overlaps` :86 [test] | - `test/profileFieldPlacement.test.js` `for` :58 [test],- `src/moduleBehavior.js` (dosya düzeyi) :26 [write-or-literal] | - `src/moduleBehavior.js` `freeBehavior` :49 [write-or-literal] | - `src/moduleBehavior.js` `overlayBehavior` :72 [write-or-literal] | - `src/moduleBehavior.js` `canModulesOverlapByBehavior` :329 [write]
behavior.placement,Modül davranışı: placement,Modül davranışı: placement. wall / free / wall-overlay / top. `modulePlacement` ve ghost/insert.,davranis,string,yok / birimsiz,wall / free / wall-overlay / top. `modulePlacement` ve ghost/insert.,type davranış tablosu · src/moduleBehavior.js · TYPE_BEHAVIORS / getModuleBehavior,src/moduleBehavior.js,"Global: `DEFAULT_BEHAVIOR` = `WALL_BEHAVIOR` (`src/moduleBehavior.js`). Type: `TYPE_BEHAVIORS[type]`. Type kaydı yoksa WALL_BEHAVIOR. Ghost yoksa `DEFAULT_GHOST_BEHAVIOR` (opacity 0.38, renderer module-silhouette). collisionHeight yoksa `full`.",DEFAULT_BEHAVIOR (WALL_BEHAVIOR) → TYPE_BEHAVIORS[type] → getModuleBehavior item override (counter L defaultRotation 270; düz banko 100/150/200 rotationStep 45). Persist yok; her çağrıda hesaplanır.,true,70,104,hayır,yok,Kod tablosu. Persist yok (her load'da type/itemKey ile yeniden çözülür).,SYSTEM_INTERNAL,`TYPE_BEHAVIORS` + `getModuleBehavior` kod tablosu. Kullanıcı tabloyu değiştirmez; placement/rotation bu değerlere göre çalışır.,hayır,hayır — kod tablosu,Yanlış type → DEFAULT_BEHAVIOR. Enum runtime'da sıkı doğrulanmaz.,false,doğrudan yok veya dolaylı (kanıt bölümü).,"Etkiler: snap, collision, side insert, short-up joint, L rotasyon, overlay mount. Ayrıntı `src/modulePlacement.js` + `getModuleBehavior`.",yok.,- `src/moduleBehavior.js` `isFreePlacementModule` :346 [read] | - `src/moduleBehavior.js` `isTopPlacementModule` :350 [read] | - `src/moduleBehavior.js` `isWallOverlayModule` :354 [read] | - `src/scene3d.js` (dosya düzeyi) :55 [read] | - `src/scene3d.js` `isFloorFixtureType` :144 [read] | - `src/scene3d.js` `isTopFixtureType` :148 [read] | - `src/scene3d.js` `previewCatalogModuleDrag` :2422 [read] | - `src/scene3d.js` `if` :2533 [read] | - `src/scene3d.js` `updatePlacementDrag` :2701 [read] | - `src/main.js` (dosya düzeyi) :41 [read] | - `src/main.js` `duplicateContextModule` :471 [read] | - `test/moduleBehaviorContract.test.js` (dosya düzeyi) :27 [test] | - `test/moduleBehaviorPolicy.test.js` (dosya düzeyi) :14 [test] | - `test/moduleBehaviorPolicy.test.js` `for` :64 [test] | - `test/tv42Module.test.js` (dosya düzeyi) :7 [test] | - `test/tv42Module.test.js` `for` :170 [test],- `src/moduleBehavior.js` (dosya düzeyi) :14 [write-or-literal] | - `src/moduleBehavior.js` `freeBehavior` :37 [write-or-literal]
behavior.rotationStepDeg,Modül davranışı: rotationStepDeg,Modül davranışı: rotationStepDeg. `getModuleRotationStepDeg` / Shift+R adımı. Düz banko 100/150/200 → 45 (item override).,davranis,number (derece),derece,`getModuleRotationStepDeg` / Shift+R adımı. Düz banko 100/150/200 → 45 (item override).,type davranış tablosu · src/moduleBehavior.js · TYPE_BEHAVIORS / getModuleBehavior,src/moduleBehavior.js,"Global: `DEFAULT_BEHAVIOR` = `WALL_BEHAVIOR` (`src/moduleBehavior.js`). Type: `TYPE_BEHAVIORS[type]`. Type kaydı yoksa WALL_BEHAVIOR. Ghost yoksa `DEFAULT_GHOST_BEHAVIOR` (opacity 0.38, renderer module-silhouette). collisionHeight yoksa `full`.",DEFAULT_BEHAVIOR (WALL_BEHAVIOR) → TYPE_BEHAVIORS[type] → getModuleBehavior item override (counter L defaultRotation 270; düz banko 100/150/200 rotationStep 45). Persist yok; her çağrıda hesaplanır.,true,70,104,hayır,yok,Kod tablosu. Persist yok (her load'da type/itemKey ile yeniden çözülür).,SYSTEM_INTERNAL,`TYPE_BEHAVIORS` + `getModuleBehavior` kod tablosu. Kullanıcı tabloyu değiştirmez; placement/rotation bu değerlere göre çalışır.,hayır,hayır — kod tablosu,Yanlış type → DEFAULT_BEHAVIOR. Enum runtime'da sıkı doğrulanmaz.,false,doğrudan yok veya dolaylı (kanıt bölümü).,"Etkiler: snap, collision, side insert, short-up joint, L rotasyon, overlay mount. Ayrıntı `src/modulePlacement.js` + `getModuleBehavior`.",yok.,- `src/moduleBehavior.js` `getModuleRotationStepDeg` :246 [read] | - `test/catalogDragKeyboardIntegration.test.js` (dosya düzeyi) :12 [test] | - `test/deskBankoItemsContract.test.js` `if` :118 [test] | - `test/doorCompositeItemContract.test.js` (dosya düzeyi) :118 [test] | - `test/furnitureItemsContract.test.js` (dosya düzeyi) :28 [test] | - `test/furnitureItemsContract.test.js` `if` :198 [test] | - `test/kettle.test.js` (dosya düzeyi) :21 [test] | - `test/lCounterDefaultOrientation.test.js` (dosya düzeyi) :4 [test] | - `test/lightingItemsContract.test.js` (dosya düzeyi) :52 [test] | - `test/miniFridge.test.js` (dosya düzeyi) :25 [test] | - `test/moduleBehaviorContract.test.js` (dosya düzeyi) :29 [test] | - `test/moduleRotationPolicy.test.js` (dosya düzeyi) :5 [test] | - `test/moduleRotationPolicy.test.js` `for` :29 [test] | - `test/moduleRotationSingleSourceIntegration.test.js` (dosya düzeyi) :12 [test] | - `test/plasticTrashBinModule.test.js` `overlaps` :82 [test] | - `test/profileFieldPlacement.test.js` `for` :56 [test] | - `test/systemDevelopmentContract.test.js` `for` :58 [test] | - `test/wallBaseItemsContract.test.js` (dosya düzeyi) :107 [test] | - `test/wallFlatPanelItemsContract.test.js` (dosya düzeyi) :86 [test] | - `test/wallSeparatorItemsContract.test.js` `if` :110 [test] | - `test/wallShelfItemsContract.test.js` (dosya düzeyi) :112 [test],- `src/moduleBehavior.js` (dosya düzeyi) :16 [write-or-literal] | - `src/moduleBehavior.js` `freeBehavior` :39 [write-or-literal] | - `src/moduleBehavior.js` `overlayBehavior` :62 [write-or-literal] | - `src/moduleBehavior.js` `if` :240 [write-or-literal] | - `src/moduleBehavior.js` `resolveModuleRotationDeltaDeg` :253 [write]
behavior.sideInsertRotation,Modül davranışı: sideInsertRotation,"Modül davranışı: sideInsertRotation. TYPE_BEHAVIORS / getModuleBehavior alanı. Placement, ghost, collision, insert bu kayıttan okunur.",davranis,string,yok / birimsiz,"TYPE_BEHAVIORS / getModuleBehavior alanı. Placement, ghost, collision, insert bu kayıttan okunur.",type davranış tablosu · src/moduleBehavior.js · TYPE_BEHAVIORS / getModuleBehavior,src/moduleBehavior.js,"Global: `DEFAULT_BEHAVIOR` = `WALL_BEHAVIOR` (`src/moduleBehavior.js`). Type: `TYPE_BEHAVIORS[type]`. Type kaydı yoksa WALL_BEHAVIOR. Ghost yoksa `DEFAULT_GHOST_BEHAVIOR` (opacity 0.38, renderer module-silhouette). collisionHeight yoksa `full`.",DEFAULT_BEHAVIOR (WALL_BEHAVIOR) → TYPE_BEHAVIORS[type] → getModuleBehavior item override (counter L defaultRotation 270; düz banko 100/150/200 rotationStep 45). Persist yok; her çağrıda hesaplanır.,true,70,104,hayır,yok,Kod tablosu. Persist yok (her load'da type/itemKey ile yeniden çözülür).,SYSTEM_INTERNAL,`TYPE_BEHAVIORS` + `getModuleBehavior` kod tablosu. Kullanıcı tabloyu değiştirmez; placement/rotation bu değerlere göre çalışır.,hayır,hayır — kod tablosu,Yanlış type → DEFAULT_BEHAVIOR. Enum runtime'da sıkı doğrulanmaz.,false,doğrudan yok veya dolaylı (kanıt bölümü).,"Etkiler: snap, collision, side insert, short-up joint, L rotasyon, overlay mount. Ayrıntı `src/modulePlacement.js` + `getModuleBehavior`.",yok.,- `src/moduleBehavior.js` `resolveSideInsertRotationDeg` :320 [read] | - `src/modulePlacement.js` (dosya düzeyi) :12 [read] | - `src/modulePlacement.js` `createFreeSideFixturePlacement` :1475 [read] | - `test/moduleBehaviorContract.test.js` (dosya düzeyi) :38 [test] | - `test/moduleBehaviorPolicy.test.js` (dosya düzeyi) :15 [test] | - `test/moduleBehaviorPolicy.test.js` `for` :67 [test],- `src/moduleBehavior.js` (dosya düzeyi) :25 [write-or-literal] | - `src/moduleBehavior.js` `freeBehavior` :48 [write-or-literal] | - `src/moduleBehavior.js` `overlayBehavior` :71 [write-or-literal] | - `src/moduleBehavior.js` `resolveSideInsertRotationDeg` :318 [write]
behavior.supportsWallOverlayMount,Modül davranışı: supportsWallOverlayMount,"Modül davranışı: supportsWallOverlayMount. TYPE_BEHAVIORS / getModuleBehavior alanı. Placement, ghost, collision, insert bu kayıttan okunur.",davranis,string,yok / birimsiz,"TYPE_BEHAVIORS / getModuleBehavior alanı. Placement, ghost, collision, insert bu kayıttan okunur.",type davranış tablosu · src/moduleBehavior.js · TYPE_BEHAVIORS / getModuleBehavior,src/moduleBehavior.js,"Global: `DEFAULT_BEHAVIOR` = `WALL_BEHAVIOR` (`src/moduleBehavior.js`). Type: `TYPE_BEHAVIORS[type]`. Type kaydı yoksa WALL_BEHAVIOR. Ghost yoksa `DEFAULT_GHOST_BEHAVIOR` (opacity 0.38, renderer module-silhouette). collisionHeight yoksa `full`.",DEFAULT_BEHAVIOR (WALL_BEHAVIOR) → TYPE_BEHAVIORS[type] → getModuleBehavior item override (counter L defaultRotation 270; düz banko 100/150/200 rotationStep 45). Persist yok; her çağrıda hesaplanır.,true,70,104,hayır,yok,Kod tablosu. Persist yok (her load'da type/itemKey ile yeniden çözülür).,SYSTEM_INTERNAL,`TYPE_BEHAVIORS` + `getModuleBehavior` kod tablosu. Kullanıcı tabloyu değiştirmez; placement/rotation bu değerlere göre çalışır.,hayır,hayır — kod tablosu,Yanlış type → DEFAULT_BEHAVIOR. Enum runtime'da sıkı doğrulanmaz.,false,doğrudan yok veya dolaylı (kanıt bölümü).,"Etkiler: snap, collision, side insert, short-up joint, L rotasyon, overlay mount. Ayrıntı `src/modulePlacement.js` + `getModuleBehavior`.",yok.,- `src/moduleBehavior.js` `supportsWallOverlayMount` :334 [read] | - `src/scene3d.js` (dosya düzeyi) :55 [read] | - `src/scene3d.js` `getWallOverlayDragPoint` :2335 [read] | - `test/moduleBehaviorContract.test.js` (dosya düzeyi) :40 [test] | - `test/moduleBehaviorPolicy.test.js` (dosya düzeyi) :16 [test] | - `test/moduleBehaviorPolicy.test.js` `for` :53 [test],- `src/moduleBehavior.js` (dosya düzeyi) :27 [write-or-literal] | - `src/moduleBehavior.js` `freeBehavior` :50 [write-or-literal] | - `src/moduleBehavior.js` `overlayBehavior` :73 [write-or-literal]
behavior.wallCapacity,Modül davranışı: wallCapacity,Modül davranışı: wallCapacity. `countsTowardWallCapacity`; upright ve led-floodlight exclude.,davranis,string,yok / birimsiz,`countsTowardWallCapacity`; upright ve led-floodlight exclude.,type davranış tablosu · src/moduleBehavior.js · TYPE_BEHAVIORS / getModuleBehavior,src/moduleBehavior.js,"Global: `DEFAULT_BEHAVIOR` = `WALL_BEHAVIOR` (`src/moduleBehavior.js`). Type: `TYPE_BEHAVIORS[type]`. Type kaydı yoksa WALL_BEHAVIOR. Ghost yoksa `DEFAULT_GHOST_BEHAVIOR` (opacity 0.38, renderer module-silhouette). collisionHeight yoksa `full`.",DEFAULT_BEHAVIOR (WALL_BEHAVIOR) → TYPE_BEHAVIORS[type] → getModuleBehavior item override (counter L defaultRotation 270; düz banko 100/150/200 rotationStep 45). Persist yok; her çağrıda hesaplanır.,true,70,104,hayır,yok,Kod tablosu. Persist yok (her load'da type/itemKey ile yeniden çözülür).,SYSTEM_INTERNAL,`TYPE_BEHAVIORS` + `getModuleBehavior` kod tablosu. Kullanıcı tabloyu değiştirmez; placement/rotation bu değerlere göre çalışır.,hayır,hayır — kod tablosu,Yanlış type → DEFAULT_BEHAVIOR. Enum runtime'da sıkı doğrulanmaz.,false,doğrudan yok veya dolaylı (kanıt bölümü).,"Etkiler: snap, collision, side insert, short-up joint, L rotasyon, overlay mount. Ayrıntı `src/modulePlacement.js` + `getModuleBehavior`.",yok.,- `src/moduleBehavior.js` `countsTowardWallCapacity` :338 [read] | - `src/modulePlacement.js` (dosya düzeyi) :6 [read] | - `src/modulePlacement.js` `getWallUsedCm` :326 [read] | - `src/modulePlacement.js` `getWallExtentCm` :334 [read] | - `test/lightingItemsContract.test.js` (dosya düzeyi) :50 [test] | - `test/moduleBehaviorContract.test.js` (dosya düzeyi) :41 [test] | - `test/moduleBehaviorPolicy.test.js` (dosya düzeyi) :8 [test] | - `test/moduleBehaviorPolicy.test.js` `for` :62 [test],- `src/moduleBehavior.js` (dosya düzeyi) :28 [write-or-literal] | - `src/moduleBehavior.js` `freeBehavior` :51 [write-or-literal] | - `src/moduleBehavior.js` `overlayBehavior` :74 [write-or-literal]
behavior.explicitTypeEntry,TYPE_BEHAVIORS kaydı var mı,"TYPE_BEHAVIORS kaydı var mı. TYPE_BEHAVIORS / getModuleBehavior alanı. Placement, ghost, collision, insert bu kayıttan okunur.",davranis,boolean,yok / birimsiz,"TYPE_BEHAVIORS / getModuleBehavior alanı. Placement, ghost, collision, insert bu kayıttan okunur.",type davranış tablosu · src/moduleBehavior.js · TYPE_BEHAVIORS / getModuleBehavior,src/moduleBehavior.js,"Global: `DEFAULT_BEHAVIOR` = `WALL_BEHAVIOR` (`src/moduleBehavior.js`). Type: `TYPE_BEHAVIORS[type]`. Type kaydı yoksa WALL_BEHAVIOR. Ghost yoksa `DEFAULT_GHOST_BEHAVIOR` (opacity 0.38, renderer module-silhouette). collisionHeight yoksa `full`.",DEFAULT_BEHAVIOR (WALL_BEHAVIOR) → TYPE_BEHAVIORS[type] → getModuleBehavior item override (counter L defaultRotation 270; düz banko 100/150/200 rotationStep 45). Persist yok; her çağrıda hesaplanır.,true,70,104,hayır,yok,Kod tablosu. Persist yok (her load'da type/itemKey ile yeniden çözülür).,DERIVED,Bu sütun runtime Item alanı değil; audit/çözümleyici görünümüdür veya başka alandan türetilir. Kullanıcı bu id ile form alanı görmez.,hayır,hayır — türetilmiş / audit sütunu,Yanlış type → DEFAULT_BEHAVIOR. Enum runtime'da sıkı doğrulanmaz.,false,doğrudan yok veya dolaylı (kanıt bölümü).,"Etkiler: snap, collision, side insert, short-up joint, L rotasyon, overlay mount. Ayrıntı `src/modulePlacement.js` + `getModuleBehavior`.",yok.,- `src/moduleBehavior.js` `hasExplicitModuleBehavior` :211 [read] | - `test/moduleBehaviorContract.test.js` (dosya düzeyi) :7 [test],- `src/moduleBehavior.js` `overlayBehavior` :87 [define] | - `src/moduleBehavior.js` `getModuleBehavior` :220 [write]
behavior.collisionHeightRange,Hesaplanan çarpışma yükseklik aralığı,"Hesaplanan çarpışma yükseklik aralığı. TYPE_BEHAVIORS / getModuleBehavior alanı. Placement, ghost, collision, insert bu kayıttan okunur.",davranis,string,yok / birimsiz,"TYPE_BEHAVIORS / getModuleBehavior alanı. Placement, ghost, collision, insert bu kayıttan okunur.",type davranış tablosu · src/moduleBehavior.js · TYPE_BEHAVIORS / getModuleBehavior,src/moduleBehavior.js,"Global: `DEFAULT_BEHAVIOR` = `WALL_BEHAVIOR` (`src/moduleBehavior.js`). Type: `TYPE_BEHAVIORS[type]`. Type kaydı yoksa WALL_BEHAVIOR. Ghost yoksa `DEFAULT_GHOST_BEHAVIOR` (opacity 0.38, renderer module-silhouette). collisionHeight yoksa `full`.",DEFAULT_BEHAVIOR (WALL_BEHAVIOR) → TYPE_BEHAVIORS[type] → getModuleBehavior item override (counter L defaultRotation 270; düz banko 100/150/200 rotationStep 45). Persist yok; her çağrıda hesaplanır.,true,70,104,hayır,yok,Kod tablosu. Persist yok (her load'da type/itemKey ile yeniden çözülür).,DERIVED,Bu sütun runtime Item alanı değil; audit/çözümleyici görünümüdür veya başka alandan türetilir. Kullanıcı bu id ile form alanı görmez.,hayır,hayır — türetilmiş / audit sütunu,Yanlış type → DEFAULT_BEHAVIOR. Enum runtime'da sıkı doğrulanmaz.,false,doğrudan yok veya dolaylı (kanıt bölümü).,"Etkiler: snap, collision, side insert, short-up joint, L rotasyon, overlay mount. Ayrıntı `src/modulePlacement.js` + `getModuleBehavior`.",yok.,- `src/moduleBehavior.js` `getModuleCollisionHeightRangeCm` :269 [read] | - `src/modulePlacement.js` (dosya düzeyi) :7 [read] | - `test/moduleBehaviorPolicy.test.js` (dosya düzeyi) :10 [test] | - `test/moduleBehaviorPolicy.test.js` `for` :98 [test] | - `test/wallFlatPanelItemsContract.test.js` (dosya düzeyi) :11 [test],- `src/modulePlacement.js` `collisionHeightsOverlap` :528 [write]
behavior.stripOccupancyResolved,Çözülmüş stripOccupancy,"Çözülmüş stripOccupancy. TYPE_BEHAVIORS / getModuleBehavior alanı. Placement, ghost, collision, insert bu kayıttan okunur.",davranis,string,yok / birimsiz,"TYPE_BEHAVIORS / getModuleBehavior alanı. Placement, ghost, collision, insert bu kayıttan okunur.",type davranış tablosu · src/moduleBehavior.js · TYPE_BEHAVIORS / getModuleBehavior,src/moduleBehavior.js,"Global: `DEFAULT_BEHAVIOR` = `WALL_BEHAVIOR` (`src/moduleBehavior.js`). Type: `TYPE_BEHAVIORS[type]`. Type kaydı yoksa WALL_BEHAVIOR. Ghost yoksa `DEFAULT_GHOST_BEHAVIOR` (opacity 0.38, renderer module-silhouette). collisionHeight yoksa `full`.",DEFAULT_BEHAVIOR (WALL_BEHAVIOR) → TYPE_BEHAVIORS[type] → getModuleBehavior item override (counter L defaultRotation 270; düz banko 100/150/200 rotationStep 45). Persist yok; her çağrıda hesaplanır.,true,8,8,hayır,yok,Kod tablosu. Persist yok (her load'da type/itemKey ile yeniden çözülür).,DERIVED,Bu sütun runtime Item alanı değil; audit/çözümleyici görünümüdür veya başka alandan türetilir. Kullanıcı bu id ile form alanı görmez.,hayır,hayır — türetilmiş / audit sütunu,Yanlış type → DEFAULT_BEHAVIOR. Enum runtime'da sıkı doğrulanmaz.,false,doğrudan yok veya dolaylı (kanıt bölümü).,"Etkiler: snap, collision, side insert, short-up joint, L rotasyon, overlay mount. Ayrıntı `src/modulePlacement.js` + `getModuleBehavior`.",yok.,- `src/moduleBehavior.js` (dosya düzeyi) :3 [read] | - `src/scene3d.js` (dosya düzeyi) :19 [read] | - `src/stripOccupancy.js` `resolveModuleStripOccupancy` :21 [read] | - `test/globalSilhouetteGhost.test.js` (dosya düzeyi) :58 [test] | - `test/stripOccupancy.test.js` (dosya düzeyi) :10 [test],- `src/moduleBehavior.js` `getModuleCollisionHeightRangeCm` :271 [write] | - `src/scene3d.js` `if` :1886 [write] | - `src/scene3d.js` `resolveOccupiedStripLayout` :6967 [write]
capabilities.color,Item yüzey renk capability bayrağı,Item yüzey renk capability bayrağı. Yalnız `door-leaf` true. Kapı kanadı `acceptsColor` buradan. Duvar paneli appearance+selectionMode ile gider.,yetenek,boolean,yok / birimsiz,Yalnız `door-leaf` true. Kapı kanadı `acceptsColor` buradan. Duvar paneli appearance+selectionMode ile gider.,item yüzey capability · src/itemCapabilities.js · getItemSurfaceCapabilities,src/itemCapabilities.js,"Type default: `ITEM_SURFACE_CAPABILITIES_BY_TYPE` yalnız `door-leaf` (color/image true, glass/lightbox/mesh false). Diğer type: `NO_SURFACE_CAPABILITIES` (hepsi false). Item-level override yok.",Bu özellik için ayrı runtime ezme katmanı yok; değer owner katmanındaki tablodan/kayıttan gelir.,true,70,104,hayır,yok,Kod tablosu. Persist yok (her load'da type/itemKey ile yeniden çözülür).,SYSTEM_INTERNAL,`itemCapabilities.js` type tablosu. Bugün yalnız `door-leaf` color/image true. Cam/kumaş bu tabloda değil (`selectionMode==='panel'`).,hayır,hayır — kod tablosu,validation yok (genel proje şeması yok).,true,doğrudan yok veya dolaylı (kanıt bölümü).,yok veya dolaylı değil.,yok.,- `src/designState.js` (dosya düzeyi) :15 [read] | - `src/scene3d.js` (dosya düzeyi) :7 [read] | - `src/scene3d.js` `applyColor` :3094 [read] | - `src/itemCapabilities.js` `getItemSurfaceCapabilities` :21 [read] | - `test/doorLeafItemContract.test.js` (dosya düzeyi) :5 [test] | - `test/showcaseBodyBoardsItemContract.test.js` (dosya düzeyi) :6 [test] | - `test/showcaseBodyBoardsItemContract.test.js` `for` :55 [test] | - `test/showcaseBodyColorRegression.test.js` `for` :57 [test],- `src/designState.js` `createEditableItemSurfaceState` :55 [write] | - `src/scene3d.js` `if` :7177 [write] | - `src/scene3d.js` `if` :7211 [write-or-literal] | - `src/scene3d.js` `for` :7580 [write-or-literal] | - `src/itemCapabilities.js` (dosya düzeyi) :3 [define]
capabilities.image,Item yüzey görsel capability bayrağı,Item yüzey görsel capability bayrağı. `getItemSurfaceCapabilities` bayrağı.,yetenek,boolean,yok / birimsiz,`getItemSurfaceCapabilities` bayrağı.,item yüzey capability · src/itemCapabilities.js · getItemSurfaceCapabilities,src/itemCapabilities.js,"Type default: `ITEM_SURFACE_CAPABILITIES_BY_TYPE` yalnız `door-leaf` (color/image true, glass/lightbox/mesh false). Diğer type: `NO_SURFACE_CAPABILITIES` (hepsi false). Item-level override yok.",Bu özellik için ayrı runtime ezme katmanı yok; değer owner katmanındaki tablodan/kayıttan gelir.,true,70,104,hayır,yok,Kod tablosu. Persist yok (her load'da type/itemKey ile yeniden çözülür).,SYSTEM_INTERNAL,`itemCapabilities.js` type tablosu. Bugün yalnız `door-leaf` color/image true. Cam/kumaş bu tabloda değil (`selectionMode==='panel'`).,hayır,hayır — kod tablosu,validation yok (genel proje şeması yok).,true,doğrudan yok veya dolaylı (kanıt bölümü).,yok veya dolaylı değil.,yok.,- `src/designState.js` (dosya düzeyi) :15 [read] | - `src/scene3d.js` (dosya düzeyi) :7 [read] | - `src/scene3d.js` `loadSingleImageOnSurface` :3806 [read] | - `src/scene3d.js` `loadGroupedImageOnSurface` :3844 [read] | - `src/scene3d.js` `loadImageOnSurface` :3896 [read] | - `src/scene3d.js` `applyStoredImage` :3910 [read] | - `src/scene3d.js` `applyImageAsset` :3931 [read] | - `src/scene3d.js` `applyHorizontalImageAsset` :3946 [read] | - `src/scene3d.js` `if` :4019 [read] | - `src/scene3d.js` `clearImage` :4090 [read] | - `src/scene3d.js` `addFace` :6853 [read] | - `src/itemCapabilities.js` `getItemSurfaceCapabilities` :21 [read] | - `test/doorLeafItemContract.test.js` (dosya düzeyi) :5 [test] | - `test/showcaseBodyBoardsItemContract.test.js` (dosya düzeyi) :6 [test] | - `test/showcaseBodyBoardsItemContract.test.js` `for` :55 [test] | - `test/showcaseBodyColorRegression.test.js` `for` :57 [test],- `src/designState.js` `createEditableItemSurfaceState` :55 [write] | - `src/scene3d.js` `createIlluminatedFoamModule` :4734 [write] | - `src/scene3d.js` `blackMaterial` :4874 [write] | - `src/scene3d.js` `createMiniFridgeModule` :5025 [write-or-literal] | - `src/scene3d.js` `if` :5109 [write-or-literal] | - `src/scene3d.js` `createCoatRackModule` :5254 [write-or-literal] | - `src/scene3d.js` `createUprightModule` :5331 [write-or-literal] | - `src/scene3d.js` `createProfileModule` :5381 [write-or-literal] | - `src/scene3d.js` `createKettleModule` :5419 [write-or-literal] | - `src/scene3d.js` `for` :5652 [write-or-literal] | - `src/scene3d.js` `createBarStoolModule` :5699 [write-or-literal] | - `src/scene3d.js` `createEamesChairModule` :5779 [write-or-literal] | - `src/scene3d.js` `createGlassTableModule` :5892 [write-or-literal] | - `src/scene3d.js` `createBeigeSofaFurnitureProxy` :6248 [write-or-literal] | - `src/scene3d.js` `addPanelFace` :6572 [write-or-literal] | - `src/scene3d.js` `addFace` :6745 [write-or-literal] | - `src/scene3d.js` `if` :7177 [write] | - `src/itemCapabilities.js` (dosya düzeyi) :3 [define]
capabilities.glass,Item yüzey cam capability bayrağı,Item yüzey cam capability bayrağı. `getItemSurfaceCapabilities` bayrağı.,yetenek,boolean,yok / birimsiz,`getItemSurfaceCapabilities` bayrağı.,item yüzey capability · src/itemCapabilities.js · getItemSurfaceCapabilities,src/itemCapabilities.js,"Type default: `ITEM_SURFACE_CAPABILITIES_BY_TYPE` yalnız `door-leaf` (color/image true, glass/lightbox/mesh false). Diğer type: `NO_SURFACE_CAPABILITIES` (hepsi false). Item-level override yok.",Bu özellik için ayrı runtime ezme katmanı yok; değer owner katmanındaki tablodan/kayıttan gelir.,true,70,104,hayır,yok,Kod tablosu. Persist yok (her load'da type/itemKey ile yeniden çözülür).,SYSTEM_INTERNAL,`itemCapabilities.js` type tablosu. Bugün yalnız `door-leaf` color/image true. Cam/kumaş bu tabloda değil (`selectionMode==='panel'`).,hayır,hayır — kod tablosu,validation yok (genel proje şeması yok).,true,doğrudan yok veya dolaylı (kanıt bölümü).,yok veya dolaylı değil.,yok.,- `src/scene3d.js` (dosya düzeyi) :26 [read] | - `src/scene3d.js` `pickModuleContext` :1801 [read] | - `src/scene3d.js` `if` :3542 [read] | - `src/scene3d.js` `applyGlassMode` :3691 [read] | - `src/main.js` `changeContextPanelGlassMode` :858 [read] | - `src/itemCapabilities.js` `getItemSurfaceCapabilities` :23 [read] | - `src/moduleContextMenu.js` `if` :465 [read] | - `src/surfaceStateBinding.js` `applyGlassOverride` :50 [read] | - `test/coverModeExclusivity.test.js` (dosya düzeyi) :13 [test] | - `test/doorLeafItemContract.test.js` (dosya düzeyi) :31 [test] | - `test/showcaseBodyBoardsItemContract.test.js` (dosya düzeyi) :17 [test] | - `test/surfaceStateBinding.test.js` (dosya düzeyi) :6 [test],- `src/scene3d.js` `pickModuleContext` :1817 [write-or-literal] | - `src/itemCapabilities.js` (dosya düzeyi) :7 [write-or-literal] | - `src/itemCapabilities.js` (dosya düzeyi) :13 [define] | - `src/moduleContextMenu.js` `if` :388 [write]
capabilities.lightbox,Item yüzey lightbox capability bayrağı,Item yüzey lightbox capability bayrağı. `getItemSurfaceCapabilities` bayrağı.,yetenek,boolean,yok / birimsiz,`getItemSurfaceCapabilities` bayrağı.,item yüzey capability · src/itemCapabilities.js · getItemSurfaceCapabilities,src/itemCapabilities.js,"Type default: `ITEM_SURFACE_CAPABILITIES_BY_TYPE` yalnız `door-leaf` (color/image true, glass/lightbox/mesh false). Diğer type: `NO_SURFACE_CAPABILITIES` (hepsi false). Item-level override yok.",Bu özellik için ayrı runtime ezme katmanı yok; değer owner katmanındaki tablodan/kayıttan gelir.,true,70,104,hayır,yok,Kod tablosu. Persist yok (her load'da type/itemKey ile yeniden çözülür).,SYSTEM_INTERNAL,`itemCapabilities.js` type tablosu. Bugün yalnız `door-leaf` color/image true. Cam/kumaş bu tabloda değil (`selectionMode==='panel'`).,hayır,hayır — kod tablosu,validation yok (genel proje şeması yok).,true,doğrudan yok veya dolaylı (kanıt bölümü).,yok veya dolaylı değil.,yok.,- `src/scene3d.js` `pickModuleContext` :1825 [read] | - `src/scene3d.js` `suspendFabricSurface` :3152 [read] | - `src/scene3d.js` `applyFabricOverlayLighting` :3299 [read] | - `src/scene3d.js` `if` :3304 [read] | - `src/scene3d.js` `rebuildFabricOverlays` :3416 [read] | - `src/scene3d.js` `applyFabricCoverMode` :3539 [read] | - `src/main.js` `if` :1810 [read] | - `src/itemCapabilities.js` `getItemSurfaceCapabilities` :23 [read] | - `src/moduleContextMenu.js` `if` :397 [read] | - `src/selectionFeedback.js` `if` :162 [read] | - `src/surfaceStateBinding.js` (dosya düzeyi) :12 [read] | - `test/coverModeExclusivity.test.js` (dosya düzeyi) :15 [test] | - `test/doorLeafItemContract.test.js` (dosya düzeyi) :32 [test] | - `test/imageAssetDeletion.test.js` (dosya düzeyi) :25 [test] | - `test/lightboxFabric.test.js` (dosya düzeyi) :8 [test] | - `test/lightboxFabricLighting.test.js` (dosya düzeyi) :8 [test] | - `test/lightboxFabricPerformance.test.js` (dosya düzeyi) :7 [test] | - `test/materialAppearance.test.js` (dosya düzeyi) :68 [test] | - `test/selectionFeedback.test.js` `surface` :72 [test] | - `test/showcaseBodyBoardsItemContract.test.js` (dosya düzeyi) :18 [test],- `src/scene3d.js` `pickModuleContext` :1824 [write-or-literal] | - `src/scene3d.js` `suspendFabricSurface` :3143 [write] | - `src/scene3d.js` (dosya düzeyi) :3486 [write-or-literal] | - `src/scene3d.js` `if` :3512 [write] | - `src/scene3d.js` `applyFabricCoverMode` :3534 [write] | - `src/scene3d.js` `if` :3632 [write-or-literal] | - `src/itemCapabilities.js` (dosya düzeyi) :8 [write-or-literal] | - `src/itemCapabilities.js` (dosya düzeyi) :13 [define] | - `src/moduleContextMenu.js` `createModuleContextMenu` :52 [write]
capabilities.mesh,Item yüzey mesh capability bayrağı,Item yüzey mesh capability bayrağı. `getItemSurfaceCapabilities` bayrağı.,yetenek,boolean,yok / birimsiz,`getItemSurfaceCapabilities` bayrağı.,item yüzey capability · src/itemCapabilities.js · getItemSurfaceCapabilities,src/itemCapabilities.js,"Type default: `ITEM_SURFACE_CAPABILITIES_BY_TYPE` yalnız `door-leaf` (color/image true, glass/lightbox/mesh false). Diğer type: `NO_SURFACE_CAPABILITIES` (hepsi false). Item-level override yok.",Bu özellik için ayrı runtime ezme katmanı yok; değer owner katmanındaki tablodan/kayıttan gelir.,true,70,104,hayır,yok,Kod tablosu. Persist yok (her load'da type/itemKey ile yeniden çözülür).,SYSTEM_INTERNAL,`itemCapabilities.js` type tablosu. Bugün yalnız `door-leaf` color/image true. Cam/kumaş bu tabloda değil (`selectionMode==='panel'`).,hayır,hayır — kod tablosu,validation yok (genel proje şeması yok).,true,doğrudan yok veya dolaylı (kanıt bölümü).,yok veya dolaylı değil.,yok.,- `src/scene3d.js` `pickModuleContext` :1825 [read] | - `src/scene3d.js` `suspendFabricSurface` :3152 [read] | - `src/scene3d.js` `applyFabricOverlayLighting` :3299 [read] | - `src/scene3d.js` `if` :3304 [read] | - `src/scene3d.js` `rebuildFabricOverlays` :3416 [read] | - `src/scene3d.js` `applyFabricCoverMode` :3539 [read] | - `src/main.js` `if` :1810 [read] | - `src/itemCapabilities.js` `getItemSurfaceCapabilities` :23 [read] | - `src/moduleContextMenu.js` `if` :397 [read] | - `src/selectionFeedback.js` `if` :162 [read] | - `src/surfaceStateBinding.js` (dosya düzeyi) :12 [read] | - `test/coverModeExclusivity.test.js` (dosya düzeyi) :15 [test] | - `test/doorLeafItemContract.test.js` (dosya düzeyi) :33 [test] | - `test/imageAssetDeletion.test.js` (dosya düzeyi) :25 [test] | - `test/lightboxFabric.test.js` (dosya düzeyi) :8 [test] | - `test/lightboxFabricLighting.test.js` (dosya düzeyi) :8 [test] | - `test/lightboxFabricPerformance.test.js` (dosya düzeyi) :7 [test] | - `test/materialAppearance.test.js` (dosya düzeyi) :68 [test] | - `test/selectionFeedback.test.js` `surface` :72 [test] | - `test/showcaseBodyBoardsItemContract.test.js` (dosya düzeyi) :19 [test],- `src/scene3d.js` `pickModuleContext` :1824 [write-or-literal] | - `src/scene3d.js` `suspendFabricSurface` :3143 [write] | - `src/scene3d.js` (dosya düzeyi) :3486 [write-or-literal] | - `src/scene3d.js` `if` :3512 [write] | - `src/scene3d.js` `applyFabricCoverMode` :3534 [write] | - `src/scene3d.js` `if` :3632 [write-or-literal] | - `src/itemCapabilities.js` (dosya düzeyi) :9 [write-or-literal] | - `src/itemCapabilities.js` (dosya düzeyi) :13 [define] | - `src/moduleContextMenu.js` `createModuleContextMenu` :52 [write]
factory.fn,State factory fonksiyon adı,State factory fonksiyon adı. Factory audit sütunu.,audit-factory,string,yok / birimsiz,Factory audit sütunu.,runtime module state · src/designState.js · MODULE_STATE_FACTORIES / create*ModuleState,src/designState.js,Audit/çözümleyici sütunu. Runtime default değeri yok; canlı fonksiyondan türetilir veya tarama sonucudur.,Override yok (analiz/audit sütunu).,true,65,70,hayır,yok,Runtime-only / derived audit. Ayrı persist alanı yok.,DERIVED,Bu sütun runtime Item alanı değil; audit/çözümleyici görünümüdür veya başka alandan türetilir. Kullanıcı bu id ile form alanı görmez.,hayır,hayır — türetilmiş / audit sütunu,validation yok (tablo/audit).,true,doğrudan yok veya dolaylı (kanıt bölümü).,yok veya dolaylı değil.,yok.,- `src/designState.js` `createModuleStateFromDescriptor` :670 [read] | - `src/main.js` (dosya düzeyi) :15 [read] | - `src/main.js` `createCatalogModuleState` :529 [read] | - `test/baseItemsContract.test.js` (dosya düzeyi) :7 [test] | - `test/coatRackModule.test.js` (dosya düzeyi) :5 [test] | - `test/commercialItemsContract.test.js` (dosya düzeyi) :6 [test] | - `test/deskBankoItemsContract.test.js` (dosya düzeyi) :6 [test] | - `test/deskBankoItemsContract.test.js` `if` :102 [test] | - `test/doorCompositeItemContract.test.js` (dosya düzeyi) :6 [test] | - `test/furnitureItemsContract.test.js` (dosya düzeyi) :13 [test] | - `test/furnitureItemsContract.test.js` `if` :173 [test] | - `test/indoorPlantItemsContract.test.js` (dosya düzeyi) :6 [test] | - `test/indoorPlants.test.js` (dosya düzeyi) :5 [test] | - `test/lightingItemsContract.test.js` (dosya düzeyi) :7 [test] | - `test/moduleStateConstructionRegistry.test.js` (dosya düzeyi) :6 [test] | - `test/moduleStateConstructionRegistry.test.js` `for` :13 [test] | - `test/plasticTrashBinModule.test.js` (dosya düzeyi) :9 [test] | - `test/plasticTrashBinModule.test.js` `overlaps` :71 [test] | - `test/profileFieldPlacement.test.js` (dosya düzeyi) :5 [test] | - `test/profileFieldPlacement.test.js` `for` :47 [test] | - `test/systemImpactAnalysis.test.js` (dosya düzeyi) :79 [test] | - `test/uprightFieldPlacement.test.js` (dosya düzeyi) :5 [test] | - `test/uprightFieldPlacement.test.js` `for` :55 [test] | - `test/wallBaseItemsContract.test.js` (dosya düzeyi) :6 [test] | - `test/wallFlatPanelItemsContract.test.js` (dosya düzeyi) :6 [test] | - `test/wallMediaItemsContract.test.js` (dosya düzeyi) :5 [test] | - `test/wallMediaItemsContract.test.js` `for` :80 [test] | - `test/wallSeparatorItemsContract.test.js` (dosya düzeyi) :5 [test] | - … test/e2e ek 1 eşleşme (src listesi tam).,- `src/designState.js` `createLedFloodlightModuleState` :635 [define] | - `src/designState.js` `MODULE_STATE_TYPES` :668 [define] | - `src/designState.js` `createModuleStateFromDescriptor` :675 [write] | - `src/main.js` `createAutomaticDepotStates` :1006 [write] | - `src/main.js` `if` :1080 [write]
factory.ok,Factory bu itemKey için state üretir mi,Factory bu itemKey için state üretir mi. Audit: `createModuleStateFromDescriptor` null/throw mü. upright_99/49_5 hardcoded 346.5 yüzünden false.,audit-factory,boolean,yok / birimsiz,Audit: `createModuleStateFromDescriptor` null/throw mü. upright_99/49_5 hardcoded 346.5 yüzünden false.,runtime module state · src/designState.js · MODULE_STATE_FACTORIES / create*ModuleState,src/designState.js,Audit/çözümleyici sütunu. Runtime default değeri yok; canlı fonksiyondan türetilir veya tarama sonucudur.,Override yok (analiz/audit sütunu).,true,70,104,hayır,yok,Runtime-only / derived audit. Ayrı persist alanı yok.,DERIVED,Bu sütun runtime Item alanı değil; audit/çözümleyici görünümüdür veya başka alandan türetilir. Kullanıcı bu id ile form alanı görmez.,hayır,hayır — türetilmiş / audit sütunu,validation yok (tablo/audit).,true,doğrudan yok veya dolaylı (kanıt bölümü).,yok veya dolaylı değil.,yok.,- `src/designState.js` `createModuleStateFromDescriptor` :670 [read] | - `src/main.js` (dosya düzeyi) :15 [read] | - `src/main.js` `createCatalogModuleState` :529 [read] | - `test/baseItemsContract.test.js` (dosya düzeyi) :7 [test] | - `test/coatRackModule.test.js` (dosya düzeyi) :5 [test] | - `test/commercialItemsContract.test.js` (dosya düzeyi) :6 [test] | - `test/deskBankoItemsContract.test.js` (dosya düzeyi) :6 [test] | - `test/deskBankoItemsContract.test.js` `if` :102 [test] | - `test/doorCompositeItemContract.test.js` (dosya düzeyi) :6 [test] | - `test/furnitureItemsContract.test.js` (dosya düzeyi) :13 [test] | - `test/furnitureItemsContract.test.js` `if` :173 [test] | - `test/indoorPlantItemsContract.test.js` (dosya düzeyi) :6 [test] | - `test/indoorPlants.test.js` (dosya düzeyi) :5 [test] | - `test/lightingItemsContract.test.js` (dosya düzeyi) :7 [test] | - `test/moduleStateConstructionRegistry.test.js` (dosya düzeyi) :6 [test] | - `test/moduleStateConstructionRegistry.test.js` `for` :13 [test] | - `test/plasticTrashBinModule.test.js` (dosya düzeyi) :9 [test] | - `test/plasticTrashBinModule.test.js` `overlaps` :71 [test] | - `test/profileFieldPlacement.test.js` (dosya düzeyi) :5 [test] | - `test/profileFieldPlacement.test.js` `for` :47 [test] | - `test/systemImpactAnalysis.test.js` (dosya düzeyi) :79 [test] | - `test/uprightFieldPlacement.test.js` (dosya düzeyi) :5 [test] | - `test/uprightFieldPlacement.test.js` `for` :55 [test] | - `test/wallBaseItemsContract.test.js` (dosya düzeyi) :6 [test] | - `test/wallFlatPanelItemsContract.test.js` (dosya düzeyi) :6 [test] | - `test/wallMediaItemsContract.test.js` (dosya düzeyi) :5 [test] | - `test/wallMediaItemsContract.test.js` `for` :80 [test] | - `test/wallSeparatorItemsContract.test.js` (dosya düzeyi) :5 [test] | - … test/e2e ek 1 eşleşme (src listesi tam).,- `src/main.js` `createAutomaticDepotStates` :1006 [write] | - `src/main.js` `if` :1080 [write]
factory.reason,Factory başarısızlık gerekçesi,Factory başarısızlık gerekçesi. Factory audit sütunu.,audit-factory,string,yok / birimsiz,Factory audit sütunu.,runtime module state · src/designState.js · MODULE_STATE_FACTORIES / create*ModuleState,src/designState.js,Audit/çözümleyici sütunu. Runtime default değeri yok; canlı fonksiyondan türetilir veya tarama sonucudur.,Override yok (analiz/audit sütunu).,true,5,39,hayır,yok,Runtime-only / derived audit. Ayrı persist alanı yok.,DERIVED,Bu sütun runtime Item alanı değil; audit/çözümleyici görünümüdür veya başka alandan türetilir. Kullanıcı bu id ile form alanı görmez.,hayır,hayır — türetilmiş / audit sütunu,validation yok (tablo/audit).,true,doğrudan yok veya dolaylı (kanıt bölümü).,yok veya dolaylı değil.,yok.,- `src/designState.js` `createUprightModuleState` :478 [read],- `src/designState.js` `createLedFloodlightModuleState` :635 [define] | - `src/designState.js` `createLedFloodlightModuleState` :653 [write] | - `src/designState.js` `MODULE_STATE_TYPES` :668 [define] | - `src/designState.js` `createModuleStateFromDescriptor` :675 [write]
factory.stateKeys,Factory çıktı alan listesi,Factory çıktı alan listesi. Factory audit sütunu.,audit-factory,string,yok / birimsiz,Factory audit sütunu.,runtime module state · src/designState.js · MODULE_STATE_FACTORIES / create*ModuleState,src/designState.js,Audit/çözümleyici sütunu. Runtime default değeri yok; canlı fonksiyondan türetilir veya tarama sonucudur.,Override yok (analiz/audit sütunu).,true,65,65,hayır,yok,Runtime-only / derived audit. Ayrı persist alanı yok.,DERIVED,Bu sütun runtime Item alanı değil; audit/çözümleyici görünümüdür veya başka alandan türetilir. Kullanıcı bu id ile form alanı görmez.,hayır,hayır — türetilmiş / audit sütunu,validation yok (tablo/audit).,true,doğrudan yok veya dolaylı (kanıt bölümü).,yok veya dolaylı değil.,yok.,- `src/designState.js` `createFlatPanelModuleState` :94 [read] | - `src/designState.js` `createModuleStateFromDescriptor` :670 [read] | - `src/designState.js` `if` :935 [read] | - `src/main.js` (dosya düzeyi) :15 [read] | - `src/main.js` `createCatalogModuleState` :529 [read] | - `test/baseItemsContract.test.js` (dosya düzeyi) :7 [test] | - `test/coatRackModule.test.js` (dosya düzeyi) :5 [test] | - `test/commercialItemsContract.test.js` (dosya düzeyi) :6 [test] | - `test/designState.test.js` (dosya düzeyi) :6 [test] | - `test/deskBankoItemsContract.test.js` (dosya düzeyi) :6 [test] | - `test/deskBankoItemsContract.test.js` `if` :102 [test] | - `test/doorCompositeItemContract.test.js` (dosya düzeyi) :6 [test] | - `test/furnitureItemsContract.test.js` (dosya düzeyi) :13 [test] | - `test/furnitureItemsContract.test.js` `if` :173 [test] | - `test/indoorPlantItemsContract.test.js` (dosya düzeyi) :6 [test] | - `test/indoorPlants.test.js` (dosya düzeyi) :5 [test] | - `test/lightingItemsContract.test.js` (dosya düzeyi) :7 [test] | - `test/moduleStateConstructionRegistry.test.js` (dosya düzeyi) :6 [test] | - `test/moduleStateConstructionRegistry.test.js` `for` :13 [test] | - `test/plasticTrashBinModule.test.js` (dosya düzeyi) :9 [test] | - `test/plasticTrashBinModule.test.js` `overlaps` :71 [test] | - `test/profileFieldPlacement.test.js` (dosya düzeyi) :5 [test] | - `test/profileFieldPlacement.test.js` `for` :47 [test] | - `test/systemImpactAnalysis.test.js` (dosya düzeyi) :79 [test] | - `test/uprightFieldPlacement.test.js` (dosya düzeyi) :5 [test] | - `test/uprightFieldPlacement.test.js` `for` :55 [test] | - `test/wallBaseItemsContract.test.js` (dosya düzeyi) :6 [test] | - `test/wallFlatPanelItemsContract.test.js` (dosya düzeyi) :5 [test] | - `test/wallMediaItemsContract.test.js` (dosya düzeyi) :5 [test] | - `test/wallMediaItemsContract.test.js` `for` :80 [test] | - … test/e2e ek 2 eşleşme (src listesi tam).,- `src/designState.js` `createLedFloodlightModuleState` :636 [write] | - `src/main.js` `createAutomaticDepotStates` :1006 [write] | - `src/main.js` `if` :1080 [write]
state.bodySurface,Vitrin gövde yüzey state,Vitrin gövde yüzey state. Vitrin 4 sunta tek renk.,runtime-state,string,yok / birimsiz,Vitrin 4 sunta tek renk.,runtime module state · src/designState.js · MODULE_STATE_FACTORIES / create*ModuleState,src/designState.js,Factory default: `createEditablePanelState` / `createEditableItemSurfaceState`; renk `DEFAULT_PANEL_COLOR` `#ffffff` veya `itemDefaultColorHex`. Şerit sayısı: occupancy.stripCount ?? `STRIP_COUNT` 7.,"Item defaultColor / DEFAULT_PANEL_COLOR `#ffffff` → factory yüzey → kullanıcı applyColor/image/glass/fabric → persist modules[] → load clone → normalizeModuleItemState itemKey düzeltir, yüzey ezmesini silmez.",true,2,2,evet (iç alanlar: color/image/glass/fabric),"3D seçim + `#apply-color` / görsel asset / context menu cam-kumaş-mesh. `src/main.js` applyActiveColorToSelection, `src/scene3d.js` applyColor, `src/moduleContextMenu.js`.",Evet — `modules[]` nesnesinin parçası. `saveProject` şemasız put. Load `cloneProjectState`.,ITEM_EDITABLE,"Factory default yazar; kullanıcı yüzey rengi/görsel/cam/kumaş, raf ışığı, strafor boyut/hale veya zemin rengi ile ezer. `saveProject` module/stand blob içinde kalır.",evet,evet — modules[] / ilgili persist blob,validation yok (genel proje şeması yok).,true,"Material color/texture, cam, lightbox/mesh overlay. `scene3d.js` bindRendererSurfaceState + applyColor.",yok veya dolaylı değil.,yok.,- `src/designState.js` `if` :847 [read] | - `src/scene3d.js` `if` :7446 [read] | - `test/f017RendererSurfacePersist.test.js` (dosya düzeyi) :12 [test] | - `test/showcaseAppearance.test.js` `for` :30 [test] | - `test/showcaseBodyColorRegression.test.js` `for` :23 [test] | - `test/wallShowcaseItemContract.test.js` `for` :91 [test] | - `e2e/wall-showcase-item-contract.spec.mjs` `for` :78 [test],- `src/designState.js` `createShowcaseModuleState` :185 [write-or-literal] | - `src/designState.js` `if` :848 [write] | - `src/scene3d.js` `if` :7464 [write] | - `src/scene3d.js` `for` :7582 [write-or-literal]
state.chairCount,Eames takımı sandalye adedi (state kopyası),Eames takımı sandalye adedi (state kopyası). create*ModuleState çıktısı. Persist: modules[] blob.,runtime-state,number,adet,create*ModuleState çıktısı. Persist: modules[] blob.,runtime module state · src/designState.js · MODULE_STATE_FACTORIES / create*ModuleState,src/designState.js,Factory default: ilgili `create*ModuleState` Item/catalog ölçü veya media türevini kopyalar. Global state default yok.,Item/catalog ölçü → factory kopya → (nadiren) kullanıcı foam resize width/height → persist. normalizeModuleItemState tv/base/counter/flat-panel itemKey ve bazı ölçüleri yeniden yazar.,true,1,1,hayır,yok,Evet — `modules[]` nesnesinin parçası. `saveProject` şemasız put. Load `cloneProjectState`.,SYSTEM_INTERNAL,Factory `modules[]` state kopyası. Kullanıcı bu id'yi ayrı formda değiştirmez (ölçü/itemKey type kimliği). Placement ayrı `placement` alanındadır ve bu 188 sütunda yoktur.,hayır,dolaylı (şemasız project blob),validation yok (genel proje şeması yok).,true,doğrudan yok veya dolaylı (kanıt bölümü).,yok veya dolaylı değil.,yok.,- `test/chairEamesContract.test.js` (dosya düzeyi) :28 [test] | - `test/eamesTableChairSetContract.test.js` (dosya düzeyi) :19 [test] | - `test/furnitureItemsContract.test.js` (dosya düzeyi) :27 [test] | - `test/furnitureItemsContract.test.js` `if` :180 [test] | - `e2e/furniture-items-contract.spec.mjs` `saveAndReadProject` :70 [test] | - `e2e/furniture-items-contract.spec.mjs` `if` :119 [test],- `src/designState.js` `if` :414 [write] | - `src/catalog.js` `furniture_table_chair_set_eames_DIMENSIONS` :152 [write-or-literal]
state.depthCm,Runtime module state: depthCm,Runtime module state: depthCm. create*ModuleState çıktısı. Persist: modules[] blob.,runtime-state,number,cm,create*ModuleState çıktısı. Persist: modules[] blob.,runtime module state · src/designState.js · MODULE_STATE_FACTORIES / create*ModuleState,src/designState.js,Factory default: ilgili `create*ModuleState` Item/catalog ölçü veya media türevini kopyalar. Global state default yok.,Item/catalog ölçü → factory kopya → (nadiren) kullanıcı foam resize width/height → persist. normalizeModuleItemState tv/base/counter/flat-panel itemKey ve bazı ölçüleri yeniden yazar.,true,40,40,hayır,yok,Evet — `modules[]` nesnesinin parçası. `saveProject` şemasız put. Load `cloneProjectState`.,SYSTEM_INTERNAL,Factory `modules[]` state kopyası. Kullanıcı bu id'yi ayrı formda değiştirmez (ölçü/itemKey type kimliği). Placement ayrı `placement` alanındadır ve bu 188 sütunda yoktur.,hayır,dolaylı (şemasız project blob),validation yok (genel proje şeması yok).,true,Mesh ölçeği / proxy kutu boyutu (type renderer).,yok veya dolaylı değil.,yok.,- `src/items.js` `getFloorSelectLabel` :341 [read] | - `src/items.js` `isGridTileFloorItem` :355 [read] | - `src/items.js` `if` :990 [read] | - `src/designState.js` `if` :312 [read] | - `src/designState.js` `createBaseWallModuleState` :344 [read] | - `src/designState.js` `createBaseModuleState` :384 [read] | - `src/catalog.js` `if` :515 [read] | - `src/scene3d.js` `matchesConcreteParquetVisual` :554 [read] | - `src/scene3d.js` `if` :2143 [read] | - `src/scene3d.js` `rotateSelectedModule` :2249 [read] | - `src/scene3d.js` `createMiniFridgeModule` :5009 [read] | - `src/scene3d.js` `createCoatRackModule` :5238 [read] | - `src/scene3d.js` `createUprightModule` :5309 [read] | - `src/scene3d.js` `createKettleModule` :5403 [read] | - `src/scene3d.js` `createLedFloodlightModule` :5467 [read] | - `src/scene3d.js` `createBarStoolModule` :5679 [read] | - `src/scene3d.js` `createEamesChairModule` :5760 [read] | - `src/scene3d.js` `createGlassTableModule` :5872 [read] | - `src/scene3d.js` `createEamesTableChairSetModule` :5920 [read] | - `src/scene3d.js` `createBeigeSofaFurnitureProxy` :6229 [read] | - `src/autoDepot.js` `fixture` :24 [read] | - `src/autoDepot.js` `if` :64 [read] | - `src/modulePlacement.js` `hasStrictDepthBounds` :52 [read] | - `src/modulePlacement.js` `getRotatedHalfExtentsCm` :127 [read] | - `src/modulePlacement.js` `createLocalSegment` :299 [read] | - `src/modulePlacement.js` `validatePlacementAgainstModules` :574 [read] | - `src/modulePlacement.js` `snapUprightToShortUpJoints` :766 [read] | - `src/modulePlacement.js` `snapPlacementToModules` :828 [read] | - `src/modulePlacement.js` `addCandidate` :893 [read] | - `src/modulePlacement.js` `createFreePlacement` :1298 [read] | - `src/modulePlacement.js` `snapPlacementToStand` :1372 [read] | - `src/rawBomDebug.js` `parseLCounterSelection` :16 [read] | - `src/selectionFeedback.js` `if` :27 [read] | - `src/standStandardsCopy.js` `getStandStandardsFacts` :27 [read] | - `src/standStandardsCopy.js` `getHelpStandardsTableHtml` :72 [read] | - `test/barStool2.test.js` (dosya düzeyi) :12 [test] | - `test/baseItemsContract.test.js` (dosya düzeyi) :53 [test] | - `test/baseModule.test.js` (dosya düzeyi) :14 [test] | - `test/baseModule.test.js` `for` :49 [test] | - `test/baseRecipes.test.js` (dosya düzeyi) :9 [test] | - `test/baseRenderStyle.test.js` (dosya düzeyi) :21 [test] | - `test/baseTopsItemContract.test.js` (dosya düzeyi) :14 [test] | - `test/baseWallCatalog.test.js` `for` :17 [test] | - `test/baseWallRecipes.test.js` `for` :37 [test] | - `test/chairEamesContract.test.js` (dosya düzeyi) :17 [test] | - `test/coatRackModule.test.js` (dosya düzeyi) :16 [test] | - `test/commercialItemsContract.test.js` (dosya düzeyi) :42 [test] | - `test/counterModule.test.js` `for` :17 [test] | - `test/counterRecipes.test.js` (dosya düzeyi) :9 [test] | - `test/counterTopsItemContract.test.js` (dosya düzeyi) :8 [test] | - `test/depotFreeDragSnap.test.js` `for` :10 [test] | - `test/depotFrontRecipe.test.js` `front` :6 [test] | - `test/deskBankoItemsContract.test.js` (dosya düzeyi) :26 [test] | - `test/deskBankoItemsContract.test.js` `if` :98 [test] | - `test/eamesTableChairSetContract.test.js` (dosya düzeyi) :13 [test] | - `test/floorItemsContract.test.js` `for` :40 [test] | - `test/freePropsCollisionNone.test.js` `for` :36 [test] | - `test/furnitureItemsContract.test.js` (dosya düzeyi) :25 [test] | - `test/furnitureItemsContract.test.js` `if` :163 [test] | - `test/glassShelfItemContract.test.js` (dosya düzeyi) :11 [test] | - … test/e2e ek 50 eşleşme (src listesi tam).,- `src/items.js` `LEAF_ITEMS` :32 [define] | - `src/items.js` `COMMERCIAL_ITEMS` :122 [define] | - `src/items.js` `FURNITURE_ITEMS` :156 [write-or-literal] | - `src/items.js` (dosya düzeyi) :231 [write-or-literal] | - `src/items.js` `TOP_LIGHT_ITEMS` :260 [write-or-literal] | - `src/items.js` `NON_CATALOG_ITEMS` :280 [write-or-literal] | - `src/items.js` `FLOOR_ITEMS` :292 [define] | - `src/items.js` `getFloorSelectLabel` :340 [write] | - `src/items.js` `INDOOR_PLANT_ITEMS` :384 [define] | - `src/items.js` `WALL_MEDIA_ITEMS` :426 [write-or-literal] | - `src/items.js` `WALL_MEDIA_ITEMS` :443 [define] | - `src/items.js` `resolveWallMediaMetrics` :458 [write] | - `src/items.js` `resolveWallMediaMetrics` :460 [write-or-literal] | - `src/items.js` `COMPOSITE_ITEMS` :513 [define] | - `src/items.js` (dosya düzeyi) :582 [define] | - `src/designState.js` `createCounterModuleState` :293 [write] | - `src/designState.js` `createBaseWallModuleState` :337 [write] | - `src/designState.js` `createBaseModuleState` :377 [write] | - `src/designState.js` `createFurnitureModuleState` :402 [write-or-literal] | - `src/designState.js` `createUprightModuleState` :486 [write-or-literal] | - `src/designState.js` `createProfileModuleState` :502 [write-or-literal] | - `src/designState.js` `modelFile` :525 [write-or-literal] | - `src/designState.js` `createIndoorPlantModuleState` :543 [write] | - `src/designState.js` `createIndoorPlantModuleState` :559 [write-or-literal] | - `src/designState.js` `createIlluminatedFoamModuleState` :584 [write-or-literal] | - `src/designState.js` `createTvModuleState` :607 [write-or-literal] | - `src/designState.js` `createLedFloodlightModuleState` :626 [write-or-literal] | - `src/designState.js` `if` :711 [write] | - `src/catalog.js` `COUNTER_DIMENSIONS` :16 [write-or-literal] | - `src/catalog.js` `BASE_DIMENSIONS` :26 [write-or-literal] | - `src/catalog.js` `createUprightCatalogItem` :78 [write-or-literal] | - `src/catalog.js` `createProfileCatalogItem` :92 [write-or-literal] | - `src/catalog.js` `createBaseWallCatalogItem` :104 [write-or-literal] | - `src/catalog.js` `createWallMediaCatalogItem` :179 [write-or-literal] | - `src/catalog.js` `LED_FLOODLIGHT_DIMENSIONS` :210 [write-or-literal] | - `src/catalog.js` `createTopLightCatalogItem` :221 [write-or-literal] | - `src/catalog.js` `createIndoorPlantCatalogItem` :238 [write-or-literal] | - `src/catalog.js` `createFurnitureCatalogItem` :254 [write-or-literal] | - `src/catalog.js` `normalizeCatalogDescriptor` :488 [write-or-literal] | - `src/scene3d.js` `createFloorPattern` :572 [write] | - `src/scene3d.js` `createStage` :770 [write] | - `src/scene3d.js` `createStage` :810 [write-or-literal] | - `src/scene3d.js` `ensureModuleSelectionFrame` :977 [write] | - `src/scene3d.js` `createBaseWallModule` :1422 [write-or-literal] | - `src/scene3d.js` `if` :1723 [write] | - `src/scene3d.js` `pickModuleContext` :1809 [write-or-literal] | - `src/scene3d.js` `if` :1871 [write-or-literal] | - `src/scene3d.js` `rotateSelectedModule` :2262 [write-or-literal] | - `src/scene3d.js` `getFreeTvPlacement` :2302 [write-or-literal] | - `src/scene3d.js` `snap20` :2814 [write] | - `src/scene3d.js` `createIlluminatedFoamModule` :4707 [write] | - `src/scene3d.js` `createTvModule` :4833 [write] | - `src/scene3d.js` `createMiniFridgeModule` :4997 [write] | - `src/scene3d.js` `createIndoorPlantModule` :5067 [write] | - `src/scene3d.js` `createCoatRackModule` :5228 [write] | - `src/scene3d.js` `createUprightModule` :5294 [write] | - `src/scene3d.js` `createProfileModule` :5343 [write] | - `src/scene3d.js` `createProfileModule` :5359 [write-or-literal] | - `src/scene3d.js` `createKettleModule` :5393 [write] | - `src/scene3d.js` `createLedFloodlightModule` :5458 [write] | - `src/scene3d.js` `createBarStoolModule` :5670 [write] | - `src/scene3d.js` `createEamesChairModule` :5751 [write] | - `src/scene3d.js` `createGlassTableModule` :5863 [write] | - `src/scene3d.js` `createEamesTableChairSetModule` :5911 [write] | - `src/scene3d.js` `addClassicCoffeeTable` :6139 [write] | - `src/scene3d.js` `createBeigeSofaSetModule` :6269 [write] | - `src/main.js` `for` :676 [write-or-literal] | - `src/main.js` `resizeContextIlluminatedFoam` :881 [write] | - `src/main.js` `rebuildSceneFromSetup` :1046 [write-or-literal] | - `src/main.js` `if` :1410 [write-or-literal] | - `src/main.js` `onKeyDown` :1710 [write] | - `src/autoDepot.js` `AUTO_DEPOT_SIZES` :5 [write-or-literal] | - `src/autoDepot.js` `fixture` :20 [write] | - `src/autoDepot.js` `planAutomaticDepot` :54 [write-or-literal] | - `src/autoDepot.js` `if` :77 [write] | - `src/autoDepot.js` `if` :127 [write-or-literal] | - `src/moduleMove.js` `if` :187 [write-or-literal] | - `src/modulePlacement.js` `hasStrictDepthBounds` :53 [write] | - `src/modulePlacement.js` `snapDepthCenterCm` :57 [write] | - `src/modulePlacement.js` `rotateModulePlacementAroundCenter` :76 [write] | - `src/modulePlacement.js` `getRotatedHalfExtentsCm` :129 [write] | - `src/modulePlacement.js` `getLCounterCollisionSegments` :270 [write] | - `src/modulePlacement.js` `createLocalSegment` :295 [write] | - `src/modulePlacement.js` `validateModulePlacement` :343 [write] | - `src/modulePlacement.js` `if` :380 [write] | - `src/modulePlacement.js` `getModuleCollisionDepthCm` :409 [write] | - `src/modulePlacement.js` `validatePlacementAgainstModules` :560 [write] | - `src/modulePlacement.js` `validatePlacementAgainstModules` :578 [write-or-literal] | - `src/modulePlacement.js` `snapUprightToShortUpJoints` :711 [write] | - `src/modulePlacement.js` `snapPlacementToModules` :812 [write] | - `src/modulePlacement.js` `faceGapCm` :1073 [write] | - `src/modulePlacement.js` `touchesTargetFace` :1181 [write] | - `src/modulePlacement.js` `createFreePlacement` :1258 [write] | - `src/modulePlacement.js` `snapPlacementToStand` :1344 [write] | - `src/modulePlacement.js` `createFreeSideFixturePlacement` :1468 [write] | - `src/modulePlacement.js` `for` :1556 [write] | - `src/modulePlacement.js` `if` :1577 [write-or-literal] | - `src/rawBomDebug.js` `parseLCounterSelection` :15 [write] | - `src/rawBomDebug.js` `parseLCounterSelection` :21 [write-or-literal] | - `src/standStandardsCopy.js` `getStandStandardsFacts` :16 [write] | - `src/standStandardsCopy.js` `getStandStandardsListItems` :44 [write-or-literal]
state.eyeCount,Runtime module state: eyeCount,Runtime module state: eyeCount. create*ModuleState çıktısı. Persist: modules[] blob.,runtime-state,number,yok / birimsiz,create*ModuleState çıktısı. Persist: modules[] blob.,runtime module state · src/designState.js · MODULE_STATE_FACTORIES / create*ModuleState,src/designState.js,Factory default: ilgili `create*ModuleState` Item/catalog ölçü veya media türevini kopyalar. Global state default yok.,Item/catalog ölçü → factory kopya → (nadiren) kullanıcı foam resize width/height → persist. normalizeModuleItemState tv/base/counter/flat-panel itemKey ve bazı ölçüleri yeniden yazar.,true,2,2,hayır,yok,Evet — `modules[]` nesnesinin parçası. `saveProject` şemasız put. Load `cloneProjectState`.,SYSTEM_INTERNAL,Factory `modules[]` state kopyası. Kullanıcı bu id'yi ayrı formda değiştirmez (ölçü/itemKey type kimliği). Placement ayrı `placement` alanındadır ve bu 188 sütunda yoktur.,hayır,dolaylı (şemasız project blob),validation yok (genel proje şeması yok).,true,doğrudan yok veya dolaylı (kanıt bölümü).,yok veya dolaylı değil.,yok.,- `src/scene3d.js` `if` :7453 [read] | - `src/rawBomDebug.js` `if` :125 [read] | - `src/selectionFeedback.js` `if` :60 [read] | - `test/showcaseBodyColorRegression.test.js` (dosya düzeyi) :13 [test] | - `test/showcaseBodyColorRegression.test.js` `for` :22 [test] | - `test/wallShowcaseItemContract.test.js` (dosya düzeyi) :11 [test] | - `test/wallShowcaseItemContract.test.js` `for` :24 [test] | - `e2e/wall-showcase-item-contract.spec.mjs` `for` :80 [test],- `src/items.js` (dosya düzeyi) :935 [write-or-literal] | - `src/designState.js` `createShowcaseModuleState` :180 [write-or-literal] | - `src/designState.js` `if` :846 [write] | - `src/catalog.js` `MODULE_CATALOG` :283 [write-or-literal] | - `src/scene3d.js` `if` :7452 [write] | - `src/scene3d.js` `for` :7599 [write] | - `src/rawBomDebug.js` `if` :123 [write]
state.faces,Banko/baza cephe yüzeyleri,Banko/baza cephe yüzeyleri. Banko/baza cephe yüzeyleri.,runtime-state,string,yok / birimsiz,Banko/baza cephe yüzeyleri.,runtime module state · src/designState.js · MODULE_STATE_FACTORIES / create*ModuleState,src/designState.js,Factory default: `createEditablePanelState` / `createEditableItemSurfaceState`; renk `DEFAULT_PANEL_COLOR` `#ffffff` veya `itemDefaultColorHex`. Şerit sayısı: occupancy.stripCount ?? `STRIP_COUNT` 7.,"Item defaultColor / DEFAULT_PANEL_COLOR `#ffffff` → factory yüzey → kullanıcı applyColor/image/glass/fabric → persist modules[] → load clone → normalizeModuleItemState itemKey düzeltir, yüzey ezmesini silmez.",true,12,12,evet (iç alanlar: color/image/glass/fabric),"3D seçim + `#apply-color` / görsel asset / context menu cam-kumaş-mesh. `src/main.js` applyActiveColorToSelection, `src/scene3d.js` applyColor, `src/moduleContextMenu.js`.",Evet — `modules[]` nesnesinin parçası. `saveProject` şemasız put. Load `cloneProjectState`.,ITEM_EDITABLE,"Factory default yazar; kullanıcı yüzey rengi/görsel/cam/kumaş, raf ışığı, strafor boyut/hale veya zemin rengi ile ezer. `saveProject` module/stand blob içinde kalır.",evet,evet — modules[] / ilgili persist blob,validation yok (genel proje şeması yok).,true,"Material color/texture, cam, lightbox/mesh overlay. `scene3d.js` bindRendererSurfaceState + applyColor.",yok veya dolaylı değil.,yok.,- `src/designState.js` `createBaseWallModuleState` :350 [write-or-literal] | - `src/designState.js` `createBaseModuleState` :386 [write-or-literal] | - `src/scene3d.js` `if` :4688 [write] | - `src/scene3d.js` (dosya düzeyi) :4823 [write-or-literal] | - `src/scene3d.js` `for` :4902 [write-or-literal] | - `src/scene3d.js` `createMiniFridgeModule` :5058 [write-or-literal] | - `src/scene3d.js` `if` :5222 [write-or-literal] | - `src/scene3d.js` `createCoatRackModule` :5288 [write-or-literal] | - `src/scene3d.js` `createUprightModule` :5337 [write-or-literal] | - `src/scene3d.js` `createProfileModule` :5387 [write-or-literal] | - `src/scene3d.js` `createKettleModule` :5452 [write-or-literal] | - `src/scene3d.js` `createBarStoolModule` :5744 [write-or-literal] | - `src/scene3d.js` `createGlassTableModule` :5905 [write-or-literal] | - `src/scene3d.js` `chairCenterOffsetM` :6341 [write-or-literal] | - `src/scene3d.js` `createSofaPieceClassicModule` :6388 [write-or-literal] | - `src/scene3d.js` `createCoffeeTableClassicModule` :6436 [write-or-literal],- `src/designState.js` `createBaseWallModuleState` :350 [write-or-literal] | - `src/designState.js` `createBaseModuleState` :386 [write-or-literal] | - `src/scene3d.js` `if` :4688 [write] | - `src/scene3d.js` (dosya düzeyi) :4823 [write-or-literal] | - `src/scene3d.js` `for` :4902 [write-or-literal] | - `src/scene3d.js` `createMiniFridgeModule` :5058 [write-or-literal] | - `src/scene3d.js` `if` :5222 [write-or-literal] | - `src/scene3d.js` `createCoatRackModule` :5288 [write-or-literal] | - `src/scene3d.js` `createUprightModule` :5337 [write-or-literal] | - `src/scene3d.js` `createProfileModule` :5387 [write-or-literal] | - `src/scene3d.js` `createKettleModule` :5452 [write-or-literal] | - `src/scene3d.js` `createBarStoolModule` :5744 [write-or-literal] | - `src/scene3d.js` `createGlassTableModule` :5905 [write-or-literal] | - `src/scene3d.js` `chairCenterOffsetM` :6341 [write-or-literal] | - `src/scene3d.js` `createSofaPieceClassicModule` :6388 [write-or-literal] | - `src/scene3d.js` `createCoffeeTableClassicModule` :6436 [write-or-literal]
state.haloColor,Işıklı strafor hale rengi,Işıklı strafor hale rengi. Strafor hale. Color editor foam yolu `main.js`.,runtime-state,color (int 0xRRGGBB veya hex string; katmana göre değişir),yok / birimsiz,Strafor hale. Color editor foam yolu `main.js`.,runtime module state · src/designState.js · MODULE_STATE_FACTORIES / create*ModuleState,src/designState.js,Factory default: `#ffffff`; regex `/^#[0-9a-fA-F]{6}$/` geçmezse aynı fallback (`createIlluminatedFoamModuleState`).,factory `#ffffff` (regex geçmezse) → foam color UI `moduleState.haloColor=color` → persist → renderer MeshBasicMaterial color.,true,1,1,evet,Işıklı strafor seçiliyken renk; `main.js` moduleState.haloColor=color (~1707).,Evet — `modules[]` nesnesinin parçası. `saveProject` şemasız put. Load `cloneProjectState`.,ITEM_EDITABLE,"Factory default yazar; kullanıcı yüzey rengi/görsel/cam/kumaş, raf ışığı, strafor boyut/hale veya zemin rengi ile ezer. `saveProject` module/stand blob içinde kalır.",evet,evet — modules[] / ilgili persist blob,`createIlluminatedFoamModuleState`: `/^#[0-9a-fA-F]{6}$/` değilse `#ffffff`.,false,Strafor halo MeshBasicMaterial color.,yok veya dolaylı değil.,yok.,- `test/lightingItemsContract.test.js` (dosya düzeyi) :93 [test] | - `test/moduleStateConstructionRegistry.test.js` `for` :40 [test] | - `test/selectionFeedback.test.js` `surface` :47 [test] | - `e2e/f028-reset-features.spec.mjs` `seedIlluminatedFoam` :47 [test],- `src/designState.js` `createIlluminatedFoamModuleState` :586 [write-or-literal] | - `src/scene3d.js` `if` :4801 [write] | - `src/main.js` `resizeContextIlluminatedFoam` :881 [write] | - `src/main.js` `if` :1662 [write] | - `src/main.js` `onKeyDown` :1707 [write] | - `src/selectionFeedback.js` `if` :122 [write]
state.heightCm,Runtime module state: heightCm,Runtime module state: heightCm. create*ModuleState çıktısı. Persist: modules[] blob.,runtime-state,number,cm,create*ModuleState çıktısı. Persist: modules[] blob.,runtime module state · src/designState.js · MODULE_STATE_FACTORIES / create*ModuleState,src/designState.js,Factory: Item dimensions kopyası. Foam: kullanıcı `resize-foam` ezer; `Math.max` alt sınır factory içinde.,Item/catalog ölçü → factory kopya → (nadiren) kullanıcı foam resize width/height → persist. normalizeModuleItemState tv/base/counter/flat-panel itemKey ve bazı ölçüleri yeniden yazar.,true,40,40,koşullu,"Yalnız illuminated-foam `resize-foam`. Diğer type'larda factory kopyası, kullanıcı değiştirmez.",Evet — `modules[]` nesnesinin parçası. `saveProject` şemasız put. Load `cloneProjectState`.,ITEM_EDITABLE,"Factory default yazar; kullanıcı yüzey rengi/görsel/cam/kumaş, raf ışığı, strafor boyut/hale veya zemin rengi ile ezer. `saveProject` module/stand blob içinde kalır.",evet,evet — modules[] / ilgili persist blob,validation yok (genel proje şeması yok).,true,Mesh ölçeği / proxy kutu boyutu (type renderer).,yok veya dolaylı değil.,yok.,- `src/designState.js` `if` :313 [read] | - `src/designState.js` `createBaseWallModuleState` :345 [read] | - `src/designState.js` `createBaseModuleState` :385 [read] | - `src/designState.js` `createIlluminatedFoamModuleState` :583 [read] | - `src/scene3d.js` `fixedElevationM` :1397 [read] | - `src/scene3d.js` `createMiniFridgeTopLabel` :4905 [read] | - `src/scene3d.js` `createPlasticTrashBinTopLabel` :4950 [read] | - `src/scene3d.js` `createMiniFridgeModule` :5010 [read] | - `src/scene3d.js` `if` :5094 [read] | - `src/scene3d.js` `createCoatRackModule` :5239 [read] | - `src/scene3d.js` `createUprightModule` :5310 [read] | - `src/scene3d.js` `createProfileModule` :5360 [read] | - `src/scene3d.js` `createKettleModule` :5404 [read] | - `src/scene3d.js` `createLedFloodlightModule` :5468 [read] | - `src/scene3d.js` `createBarStoolModule` :5680 [read] | - `src/scene3d.js` `createEamesChairModule` :5761 [read] | - `src/scene3d.js` `createGlassTableModule` :5873 [read] | - `src/scene3d.js` `createEamesTableChairSetModule` :5921 [read] | - `src/scene3d.js` `createBeigeSofaFurnitureProxy` :6230 [read] | - `src/scene3d.js` `createBeigeSofaSetModule` :6280 [read] | - `src/main.js` `finish` :1634 [read] | - `src/modulePlacement.js` `clampWallOverlayZCm` :162 [read] | - `src/modulePlacement.js` `validatePlacementAgainstModules` :589 [read] | - `src/modulePlacement.js` `addCandidate` :897 [read] | - `src/selectionFeedback.js` `if` :117 [read] | - `src/standStandardsCopy.js` `getStandStandardsFacts` :26 [read] | - `src/standStandardsCopy.js` `getHelpStandardsTableHtml` :71 [read] | - `test/barStool2.test.js` (dosya düzeyi) :13 [test] | - `test/baseItemsContract.test.js` (dosya düzeyi) :54 [test] | - `test/baseModule.test.js` (dosya düzeyi) :15 [test] | - `test/baseRenderStyle.test.js` (dosya düzeyi) :22 [test] | - `test/baseWallCatalog.test.js` `for` :18 [test] | - `test/baseWallRecipes.test.js` `for` :38 [test] | - `test/chairEamesContract.test.js` (dosya düzeyi) :18 [test] | - `test/coatRackModule.test.js` (dosya düzeyi) :17 [test] | - `test/commercialItemsContract.test.js` (dosya düzeyi) :42 [test] | - `test/cornerPanelsItemContract.test.js` (dosya düzeyi) :16 [test] | - `test/counterModule.test.js` `for` :18 [test] | - `test/deskBankoItemsContract.test.js` (dosya düzeyi) :26 [test] | - `test/deskBankoItemsContract.test.js` `if` :99 [test] | - `test/doorLeafItemContract.test.js` (dosya düzeyi) :17 [test] | - `test/furnitureItemsContract.test.js` (dosya düzeyi) :26 [test] | - `test/furnitureItemsContract.test.js` `if` :164 [test] | - `test/glassTableContract.test.js` (dosya düzeyi) :19 [test] | - `test/illuminatedFoamInteraction.test.js` (dosya düzeyi) :16 [test] | - `test/indoorPlantItemsContract.test.js` (dosya düzeyi) :25 [test] | - `test/indoorPlants.test.js` (dosya düzeyi) :14 [test] | - `test/kettle.test.js` (dosya düzeyi) :12 [test] | - `test/lCounter150Contract.test.js` (dosya düzeyi) :12 [test] | - `test/lCounter200Contract.test.js` (dosya düzeyi) :12 [test] | - `test/ledFloodlightModule.test.js` (dosya düzeyi) :22 [test] | - `test/lightingItemsContract.test.js` (dosya düzeyi) :26 [test] | - … test/e2e ek 30 eşleşme (src listesi tam).,- `src/items.js` `LEAF_ITEMS` :12 [define] | - `src/items.js` `COMMERCIAL_ITEMS` :122 [define] | - `src/items.js` `FURNITURE_ITEMS` :157 [write-or-literal] | - `src/items.js` (dosya düzeyi) :232 [write-or-literal] | - `src/items.js` `TOP_LIGHT_ITEMS` :261 [write-or-literal] | - `src/items.js` `NON_CATALOG_ITEMS` :279 [write-or-literal] | - `src/items.js` `INDOOR_PLANT_ITEMS` :384 [define] | - `src/items.js` `COMPOSITE_ITEMS` :513 [define] | - `src/items.js` (dosya düzeyi) :582 [define] | - `src/designState.js` `createCounterModuleState` :293 [write] | - `src/designState.js` `createBaseWallModuleState` :337 [write] | - `src/designState.js` `createBaseModuleState` :377 [write] | - `src/designState.js` `createFurnitureModuleState` :403 [write-or-literal] | - `src/designState.js` `createUprightModuleState` :487 [write-or-literal] | - `src/designState.js` `createProfileModuleState` :503 [write-or-literal] | - `src/designState.js` `modelFile` :526 [write-or-literal] | - `src/designState.js` `createIndoorPlantModuleState` :544 [write] | - `src/designState.js` `createIndoorPlantModuleState` :560 [write-or-literal] | - `src/designState.js` `createIlluminatedFoamModuleState` :576 [write] | - `src/designState.js` `createTvModuleState` :608 [write-or-literal] | - `src/designState.js` `createLedFloodlightModuleState` :627 [write-or-literal] | - `src/designState.js` `if` :710 [write] | - `src/catalog.js` `COUNTER_DIMENSIONS` :17 [write-or-literal] | - `src/catalog.js` `BASE_DIMENSIONS` :27 [write-or-literal] | - `src/catalog.js` `createUprightCatalogItem` :79 [write-or-literal] | - `src/catalog.js` `createProfileCatalogItem` :93 [write-or-literal] | - `src/catalog.js` `createBaseWallCatalogItem` :105 [write-or-literal] | - `src/catalog.js` `createWallMediaCatalogItem` :180 [write-or-literal] | - `src/catalog.js` `TV_42_DIMENSIONS` :203 [write-or-literal] | - `src/catalog.js` `LED_FLOODLIGHT_DIMENSIONS` :211 [write-or-literal] | - `src/catalog.js` `createTopLightCatalogItem` :222 [write-or-literal] | - `src/catalog.js` `createIndoorPlantCatalogItem` :239 [write-or-literal] | - `src/catalog.js` `createFurnitureCatalogItem` :255 [write-or-literal] | - `src/moduleBehavior.js` `getModuleCollisionHeightRangeCm` :275 [write] | - `src/scene3d.js` `ensureModuleSelectionFrame` :978 [write] | - `src/scene3d.js` `createBaseWallModule` :1423 [write-or-literal] | - `src/scene3d.js` `if` :1872 [write-or-literal] | - `src/scene3d.js` `rotateSelectedModule` :2266 [write-or-literal] | - `src/scene3d.js` `getWallOverlayDragPoint` :2346 [write] | - `src/scene3d.js` `rawOffsetCm` :2349 [write] | - `src/scene3d.js` `if` :2407 [write] | - `src/scene3d.js` `createIlluminatedFoamModule` :4706 [write] | - `src/scene3d.js` `createTvModule` :4847 [write] | - `src/scene3d.js` `createMiniFridgeModule` :4998 [write] | - `src/scene3d.js` `createIndoorPlantModule` :5068 [write] | - `src/scene3d.js` `createCoatRackModule` :5229 [write] | - `src/scene3d.js` `createUprightModule` :5295 [write] | - `src/scene3d.js` `createProfileModule` :5344 [write] | - `src/scene3d.js` `createKettleModule` :5394 [write] | - `src/scene3d.js` `createLedFloodlightModule` :5459 [write] | - `src/scene3d.js` `createBarStoolModule` :5671 [write] | - `src/scene3d.js` `createEamesChairModule` :5752 [write] | - `src/scene3d.js` `addProceduralGlassTable` :5832 [write] | - `src/scene3d.js` `createGlassTableModule` :5864 [write] | - `src/scene3d.js` `createEamesTableChairSetModule` :5912 [write] | - `src/scene3d.js` `addClassicCoffeeTable` :6140 [write] | - `src/scene3d.js` `createBeigeSofaFurnitureProxy` :6241 [write] | - `src/scene3d.js` `createBeigeSofaSetModule` :6270 [write] | - `src/main.js` `for` :680 [write-or-literal] | - `src/main.js` `resizeContextIlluminatedFoam` :876 [write] | - `src/main.js` `finish` :1632 [write] | - `src/main.js` `if` :1662 [write] | - `src/main.js` `onKeyDown` :1710 [write] | - `src/autoDepot.js` `if` :84 [write] | - `src/autoDepot.js` `if` :120 [write-or-literal] | - `src/moduleMove.js` `if` :185 [write-or-literal] | - `src/modulePlacement.js` `getWallOverlayZBoundsCm` :151 [write] | - `src/modulePlacement.js` `clampWallOverlayZCm` :166 [write] | - `src/modulePlacement.js` `validatePlacementAgainstModules` :564 [write] | - `src/modulePlacement.js` `snapUprightToShortUpJoints` :770 [write-or-literal] | - `src/modulePlacement.js` `snapPlacementToModules` :809 [write] | - `src/modulePlacement.js` `if` :1581 [write-or-literal] | - `src/standStandardsCopy.js` `getStandStandardsFacts` :15 [write] | - `src/standStandardsCopy.js` `getStandStandardsListItems` :43 [write-or-literal] | - `src/stripOccupancy.js` `getStandStripMetrics` :9 [write-or-literal] | - `src/stripOccupancy.js` `if` :53 [write-or-literal]
state.imageAssetId,Modül/yüzey görsel asset id,Modül/yüzey görsel asset id. Strafor zorunlu görsel; yüzeylerde strips/faces içinde ayrı alan.,runtime-state,string,yok / birimsiz,Strafor zorunlu görsel; yüzeylerde strips/faces içinde ayrı alan.,runtime module state · src/designState.js · MODULE_STATE_FACTORIES / create*ModuleState,src/designState.js,Foam: factory argümanı zorunlu (`options.imageAssetId ?? descriptor.imageAssetId ?? null`). Yüzey görseli bu sütunda değil; `strips/faces/surface.imageAssetId`.,foam: createIlluminatedFoamModuleState(imageAssetId) zorunlu asset. Yüzey imageAssetId strips/faces içinde ayrı. Reset illuminated-foam siler (`main.js` resetModuleFeatures).,true,1,1,koşullu,Strafor: SVG/asset oluşturma. Panel yüzeyleri: strips[].imageAssetId asset library. Foam resize ayrı.,Evet — `modules[]` nesnesinin parçası. `saveProject` şemasız put. Load `cloneProjectState`.,ITEM_EDITABLE,"Factory default yazar; kullanıcı yüzey rengi/görsel/cam/kumaş, raf ışığı, strafor boyut/hale veya zemin rengi ile ezer. `saveProject` module/stand blob içinde kalır.",evet,evet — modules[] / ilgili persist blob,validation yok (genel proje şeması yok).,true,doğrudan yok veya dolaylı (kanıt bölümü).,yok veya dolaylı değil.,yok.,- `src/designState.js` `createIlluminatedFoamModuleState` :581 [read] | - `src/designState.js` `createLedFloodlightModuleState` :663 [read] | - `src/designState.js` `if` :855 [read] | - `src/scene3d.js` `if` :1508 [read] | - `src/scene3d.js` `loadGroupedImageOnSurface` :3853 [read] | - `src/scene3d.js` `clearImageAssetById` :4112 [read] | - `src/main.js` `restoreProject` :1391 [read] | - `test/baseModule.test.js` (dosya düzeyi) :36 [test] | - `test/designState.test.js` (dosya düzeyi) :17 [test] | - `test/doorLeafItemContract.test.js` (dosya düzeyi) :41 [test] | - `test/imageAssetDeletion.test.js` (dosya düzeyi) :9 [test] | - `test/imageAssetLiveDelete.test.js` (dosya düzeyi) :10 [test] | - `test/lCounter100Contract.test.js` (dosya düzeyi) :9 [test] | - `test/lightboxFabricPerformance.test.js` (dosya düzeyi) :19 [test] | - `test/lightingItemsContract.test.js` (dosya düzeyi) :94 [test] | - `test/moduleStateConstructionRegistry.test.js` `for` :41 [test] | - `test/projectImportFlow.test.js` (dosya düzeyi) :34 [test] | - `test/shelfModule.test.js` (dosya düzeyi) :43 [test] | - `test/surfaceStateBinding.test.js` (dosya düzeyi) :17 [test] | - `test/wallSeparatorItemsContract.test.js` (dosya düzeyi) :99 [test] | - `test/wallShowcaseItemContract.test.js` `for` :92 [test] | - `e2e/f010-module-construction.spec.mjs` `for` :162 [test] | - `e2e/f028-reset-features.spec.mjs` `seedIlluminatedFoam` :42 [test] | - `e2e/wall-separator-items-contract.spec.mjs` `for` :87 [test],- `src/designState.js` `if` :64 [write-or-literal] | - `src/designState.js` `createEditablePanelState` :73 [write-or-literal] | - `src/designState.js` `createIlluminatedFoamModuleState` :573 [write] | - `src/designState.js` `createModuleStateFromDescriptor` :672 [write] | - `src/designState.js` `if` :835 [write] | - `src/scene3d.js` `if` :3924 [write] | - `src/scene3d.js` `applyImageAsset` :3933 [write] | - `src/scene3d.js` `addPanelFace` :6551 [write-or-literal] | - `src/scene3d.js` `addFace` :6723 [write-or-literal] | - `src/scene3d.js` `addFace` :6851 [write] | - `src/scene3d.js` `if` :7073 [write-or-literal] | - `src/scene3d.js` `for` :7261 [write-or-literal] | - `src/main.js` `if` :1662 [write] | - `src/imageAssetReferences.js` (dosya düzeyi) :1 [write]
state.itemKey,Runtime module state: itemKey,Runtime module state: itemKey. create*ModuleState çıktısı. Persist: modules[] blob.,runtime-state,string,yok / birimsiz,create*ModuleState çıktısı. Persist: modules[] blob.,runtime module state · src/designState.js · MODULE_STATE_FACTORIES / create*ModuleState,src/designState.js,Factory default: ilgili `create*ModuleState` Item/catalog ölçü veya media türevini kopyalar. Global state default yok.,Item/catalog ölçü → factory kopya → (nadiren) kullanıcı foam resize width/height → persist. normalizeModuleItemState tv/base/counter/flat-panel itemKey ve bazı ölçüleri yeniden yazar.,true,65,65,hayır,yok,Evet — `modules[]` nesnesinin parçası. `saveProject` şemasız put. Load `cloneProjectState`.,SYSTEM_INTERNAL,Factory `modules[]` state kopyası. Kullanıcı bu id'yi ayrı formda değiştirmez (ölçü/itemKey type kimliği). Placement ayrı `placement` alanındadır ve bu 188 sütunda yoktur.,hayır,dolaylı (şemasız project blob),validation yok (genel proje şeması yok).,true,doğrudan yok veya dolaylı (kanıt bölümü).,yok veya dolaylı değil.,yok.,- `src/items.js` `getDoorLeafItem` :68 [read] | - `src/items.js` `if` :106 [read] | - `src/items.js` `getTopLightItemForType` :271 [read] | - `src/items.js` `NON_CATALOG_ITEMS` :286 [read] | - `src/items.js` `resolveStandFloorItemKey` :368 [read] | - `src/items.js` `getFurnitureClusterQuantity` :373 [read] | - `src/items.js` `COMPOSITE_ITEMS` :543 [read] | - `src/items.js` `getShowcaseBodyDefinition` :979 [read] | - `src/items.js` `getItem` :1003 [read] | - `src/designState.js` `separatorDefaultColor` :21 [read] | - `src/designState.js` `itemDefaultColorHex` :49 [read] | - `src/designState.js` `if` :57 [read] | - `src/designState.js` `createShowcaseModuleState` :169 [read] | - `src/designState.js` `isIndoorPlantItem` :512 [read] | - `src/designState.js` `createIndoorPlantModuleState` :540 [read] | - `src/catalog.js` `createBaseCatalogItem` :35 [read] | - `src/catalog.js` `createCounterCatalogItem` :45 [read] | - `src/catalog.js` `createFlatPanelCatalogItem` :57 [read] | - `src/catalog.js` `createUprightCatalogItem` :70 [read] | - `src/catalog.js` `createProfileCatalogItem` :84 [read] | - `src/catalog.js` `createBaseWallCatalogItem` :98 [read] | - `src/catalog.js` `createSeparatorCatalogItem` :110 [read] | - `src/catalog.js` `createShelfCatalogItem` :122 [read] | - `src/catalog.js` `createWallMediaCatalogItem` :173 [read] | - `src/catalog.js` `createTopLightCatalogItem` :215 [read] | - `src/catalog.js` `createCommercialCatalogItem` :227 [read] | - `src/catalog.js` `createIndoorPlantCatalogItem` :232 [read] | - `src/catalog.js` `createFurnitureCatalogItem` :248 [read] | - `src/moduleContracts.js` `resolveModuleContract` :210 [read] | - `src/itemBom.js` `positiveQuantity` :4 [read] | - `src/itemBom.js` `if` :27 [read] | - `src/moduleRecipes.js` `getStraightWallNominalWidthForProfileItem` :185 [read] | - `src/moduleRecipes.js` `getRecipeItemKey` :200 [read] | - `src/scene3d.js` `if` :1888 [read] | - `src/scene3d.js` `createSofaPieceClassicModule` :6344 [read] | - `src/main.js` `assignStandFloorItem` :521 [read] | - `src/main.js` `if` :1415 [read] | - `src/modulePlacement.js` `validatePlacementAgainstModules` :588 [read] | - `src/modulePlacement.js` `addCandidate` :896 [read] | - `src/rawBomDebug.js` `renderItemBom` :78 [read] | - `test/baseItemsContract.test.js` (dosya düzeyi) :39 [test] | - `test/baseItemsContract.test.js` `for` :115 [test] | - `test/baseRecipes.test.js` (dosya düzeyi) :35 [test] | - `test/baseTopsItemContract.test.js` (dosya düzeyi) :30 [test] | - `test/baseTopsItemContract.test.js` `for` :52 [test] | - `test/baseWallRecipes.test.js` (dosya düzeyi) :17 [test] | - `test/boardMaterialItemContract.test.js` `for` :34 [test] | - `test/catalogSingleSource.test.js` (dosya düzeyi) :24 [test] | - `test/chairEamesContract.test.js` (dosya düzeyi) :11 [test] | - `test/coatRackModule.test.js` (dosya düzeyi) :11 [test] | - `test/commercialItemsContract.test.js` (dosya düzeyi) :12 [test] | - `test/connectorBom.test.js` (dosya düzeyi) :18 [test] | - `test/cornerPanelsItemContract.test.js` (dosya düzeyi) :58 [test] | - `test/cornerPanelsItemContract.test.js` `for` :79 [test] | - `test/counterRecipes.test.js` (dosya düzeyi) :20 [test] | - `test/counterTopDefaultColor.test.js` `for` :16 [test] | - `test/counterTopsItemContract.test.js` (dosya düzeyi) :26 [test] | - `test/counterTopsItemContract.test.js` `for` :44 [test] | - `test/designState.test.js` (dosya düzeyi) :183 [test] | - `test/deskBankoItemsContract.test.js` (dosya düzeyi) :69 [test] | - `test/deskBankoItemsContract.test.js` `if` :94 [test] | - `test/developerEntrypointDocs.test.js` (dosya düzeyi) :53 [test] | - `test/doorCompositeItemContract.test.js` (dosya düzeyi) :35 [test] | - `test/doorLeafItemContract.test.js` (dosya düzeyi) :12 [test] | - `test/floorItemsContract.test.js` (dosya düzeyi) :26 [test] | - … test/e2e ek 99 eşleşme (src listesi tam).,- `src/items.js` `LEAF_ITEMS` :3 [define] | - `src/items.js` `getDoorLeafItem` :67 [write] | - `src/items.js` `for` :98 [write] | - `src/items.js` `if` :101 [write-or-literal] | - `src/items.js` `if` :112 [write] | - `src/items.js` `if` :114 [define] | - `src/items.js` `COMMERCIAL_ITEMS` :121 [write-or-literal] | - `src/items.js` `FURNITURE_ITEMS` :151 [write-or-literal] | - `src/items.js` `FURNITURE_ITEMS` :161 [define] | - `src/items.js` (dosya düzeyi) :237 [write-or-literal] | - `src/items.js` `TOP_LIGHT_ITEMS` :255 [write-or-literal] | - `src/items.js` `NON_CATALOG_ITEMS` :274 [write-or-literal] | - `src/items.js` `FLOOR_ITEMS` :289 [write-or-literal] | - `src/items.js` `INDOOR_PLANT_ITEMS` :381 [write-or-literal] | - `src/items.js` `WALL_MEDIA_ITEMS` :424 [write-or-literal] | - `src/items.js` `resolveWallMediaMetrics` :460 [write-or-literal] | - `src/items.js` `COMPOSITE_ITEMS` :495 [write-or-literal] | - `src/items.js` `isShortUpFamilyDescriptor` :1017 [write] | - `src/designState.js` `separatorDefaultColor` :22 [write] | - `src/designState.js` `if` :61 [write-or-literal] | - `src/designState.js` `resolveFlatPanelItemKey` :87 [write] | - `src/designState.js` `createFlatPanelModuleState` :95 [write] | - `src/designState.js` `createFlatPanelModuleState` :104 [write-or-literal] | - `src/designState.js` `resolveSeparatorItemKey` :122 [write] | - `src/designState.js` `resolveSeparatorItemKey` :128 [write-or-literal] | - `src/designState.js` `createSeparatorModuleState` :149 [write] | - `src/designState.js` `createSeparatorModuleState` :156 [write-or-literal] | - `src/designState.js` `createShowcaseModuleState` :168 [write] | - `src/designState.js` `createShowcaseModuleState` :177 [write-or-literal] | - `src/designState.js` `resolveShelfItemKey` :200 [write] | - `src/designState.js` `resolveShelfItemKey` :206 [write-or-literal] | - `src/designState.js` `createShelfModuleState` :222 [write] | - `src/designState.js` `createShelfModuleState` :230 [write-or-literal] | - `src/designState.js` `createDoorModuleState` :251 [write-or-literal] | - `src/designState.js` `resolveCounterItemKey` :275 [write] | - `src/designState.js` `createCounterModuleState` :289 [write] | - `src/designState.js` `resolveBaseWallItemKey` :326 [write] | - `src/designState.js` `createBaseWallModuleState` :334 [write] | - `src/designState.js` `createBaseWallModuleState` :341 [write-or-literal] | - `src/designState.js` `resolveBaseItemKey` :366 [write] | - `src/designState.js` `createBaseModuleState` :374 [write] | - `src/designState.js` `createBaseModuleState` :381 [write-or-literal] | - `src/designState.js` `createFurnitureModuleState` :399 [write-or-literal] | - `src/designState.js` `createCommercialModuleState` :454 [write-or-literal] | - `src/designState.js` `createUprightModuleState` :483 [write-or-literal] | - `src/designState.js` `createProfileModuleState` :492 [write] | - `src/designState.js` `createProfileModuleState` :499 [write-or-literal] | - `src/designState.js` `resolveIndoorPlantItemKey` :517 [write] | - `src/designState.js` `modelFile` :528 [write-or-literal] | - `src/designState.js` `createIndoorPlantModuleState` :546 [write] | - `src/designState.js` `createIndoorPlantModuleState` :556 [write-or-literal] | - `src/designState.js` `createIlluminatedFoamModuleState` :579 [write-or-literal] | - `src/catalog.js` `createBaseCatalogItem` :36 [write] | - `src/catalog.js` `createBaseCatalogItem` :38 [write-or-literal] | - `src/catalog.js` `createCounterCatalogItem` :46 [write] | - `src/catalog.js` `createCounterCatalogItem` :48 [write-or-literal] | - `src/catalog.js` `createFlatPanelCatalogItem` :58 [write] | - `src/catalog.js` `createFlatPanelCatalogItem` :60 [write-or-literal] | - `src/catalog.js` `createUprightCatalogItem` :71 [write] | - `src/catalog.js` `createUprightCatalogItem` :75 [write-or-literal] | - `src/catalog.js` `createProfileCatalogItem` :85 [write] | - `src/catalog.js` `createProfileCatalogItem` :89 [write-or-literal] | - `src/catalog.js` `createBaseWallCatalogItem` :99 [write] | - `src/catalog.js` `createBaseWallCatalogItem` :101 [write-or-literal] | - `src/catalog.js` `createSeparatorCatalogItem` :111 [write] | - `src/catalog.js` `createSeparatorCatalogItem` :113 [write-or-literal] | - `src/catalog.js` `createShelfCatalogItem` :123 [write] | - `src/catalog.js` `createShelfCatalogItem` :125 [write-or-literal] | - `src/catalog.js` `createWallMediaCatalogItem` :174 [write] | - `src/catalog.js` `createWallMediaCatalogItem` :176 [write-or-literal] | - `src/catalog.js` `createTopLightCatalogItem` :216 [write] | - `src/catalog.js` `createTopLightCatalogItem` :218 [write-or-literal] | - `src/catalog.js` `createCommercialCatalogItem` :228 [write] | - `src/catalog.js` `createIndoorPlantCatalogItem` :233 [write] | - `src/catalog.js` `createIndoorPlantCatalogItem` :235 [write-or-literal] | - `src/catalog.js` `createFurnitureCatalogItem` :249 [write] | - `src/catalog.js` `createFurnitureCatalogItem` :251 [write-or-literal] | - `src/catalog.js` `MODULE_CATALOG` :280 [write-or-literal] | - `src/catalog.js` `normalizeCatalogDescriptor` :485 [write-or-literal] | - `src/moduleBehavior.js` `getModuleCollisionHeightRangeCm` :280 [write] | - `src/moduleContracts.js` `resolveModuleContract` :202 [write-or-literal] | - `src/moduleContracts.js` `resolveModuleContract` :215 [write] | - `src/itemBom.js` `positiveQuantity` :7 [write-or-literal] | - `src/itemBom.js` `resolveLines` :32 [write] | - `src/itemBom.js` `resolveLines` :34 [write-or-literal] | - `src/itemBom.js` `if` :39 [write-or-literal] | - `src/itemBom.js` `if` :47 [write] | - `src/itemBom.js` `resolveItemBom` :61 [write] | - `src/itemBom.js` `for` :66 [write] | - `src/moduleRecipes.js` (dosya düzeyi) :5 [write-or-literal] | - `src/moduleRecipes.js` `for` :210 [write] | - `src/moduleRecipes.js` `if` :259 [write-or-literal] | - `src/scene3d.js` (dosya düzeyi) :73 [define] | - `src/scene3d.js` `fine` :516 [write] | - `src/scene3d.js` `setFloorType` :610 [write] | - `src/scene3d.js` `pickModuleContext` :1806 [write-or-literal] | - `src/scene3d.js` `if` :2090 [write] | - `src/scene3d.js` `rotateSelectedModule` :2265 [write-or-literal] | - `src/scene3d.js` `if` :2576 [write-or-literal] | - `src/scene3d.js` `createProfileModule` :5341 [write] | - `src/scene3d.js` `createSofaPieceClassicModule` :6345 [write] | - `src/scene3d.js` `for` :7173 [write] | - `src/scene3d.js` `createShowcaseModule` :7445 [write] | - `src/main.js` `syncFloorTypeSelect` :89 [write] | - `src/main.js` `assignStandFloorItem` :522 [write] | - `src/main.js` `createCatalogModuleState` :527 [write] | - `src/main.js` `createCatalogModuleState` :530 [write-or-literal] | - `src/main.js` `for` :679 [write-or-literal] | - `src/main.js` `resizeContextIlluminatedFoam` :901 [write] | - `src/autoDepot.js` `if` :119 [write-or-literal] | - `src/moduleMove.js` `if` :184 [write-or-literal] | - `src/modulePlacement.js` `validatePlacementAgainstModules` :563 [write] | - `src/modulePlacement.js` `snapUprightToShortUpJoints` :769 [write-or-literal] | - `src/modulePlacement.js` `snapPlacementToModules` :808 [write] | - `src/modulePlacement.js` `if` :1580 [write-or-literal] | - `src/rawBomDebug.js` `if` :72 [write] | - `src/rawBomDebug.js` `renderItemBom` :83 [write] | - `src/selectionFeedback.js` `if` :76 [write] | - `src/stripOccupancy.js` `resolveModuleStripOccupancy` :23 [write]
state.modelFile,Runtime module state: modelFile,Runtime module state: modelFile. create*ModuleState çıktısı. Persist: modules[] blob.,runtime-state,string,yok / birimsiz,create*ModuleState çıktısı. Persist: modules[] blob.,runtime module state · src/designState.js · MODULE_STATE_FACTORIES / create*ModuleState,src/designState.js,Factory default: ilgili `create*ModuleState` Item/catalog ölçü veya media türevini kopyalar. Global state default yok.,Item/catalog ölçü → factory kopya → (nadiren) kullanıcı foam resize width/height → persist. normalizeModuleItemState tv/base/counter/flat-panel itemKey ve bazı ölçüleri yeniden yazar.,true,9,9,hayır,yok,Evet — `modules[]` nesnesinin parçası. `saveProject` şemasız put. Load `cloneProjectState`.,SYSTEM_INTERNAL,Factory `modules[]` state kopyası. Kullanıcı bu id'yi ayrı formda değiştirmez (ölçü/itemKey type kimliği). Placement ayrı `placement` alanındadır ve bu 188 sütunda yoktur.,hayır,dolaylı (şemasız project blob),validation yok (genel proje şeması yok).,true,GLB yükleme yolu.,yok veya dolaylı değil.,yok.,- `src/items.js` `getFurnitureClusterQuantity` :377 [read] | - `src/items.js` `INDOOR_PLANT_ITEMS` :385 [read] | - `src/designState.js` `if` :135 [read] | - `src/designState.js` `resolveIndoorPlantItemKey` :519 [read] | - `src/designState.js` `modelFile` :521 [read] | - `src/designState.js` `createIndoorPlantModuleState` :541 [read] | - `src/catalog.js` `if` :519 [read] | - `src/scene3d.js` `loadMiniFridgeModel` :124 [read] | - `src/scene3d.js` `loadCoatRackModel` :128 [read] | - `src/scene3d.js` `loadKettleModel` :132 [read] | - `src/scene3d.js` `loadIndoorPlantModel` :135 [read] | - `src/scene3d.js` `if` :5219 [read] | - `src/moduleDragSidebar.js` `if` :224 [read] | - `test/catalogSingleSource.test.js` (dosya düzeyi) :29 [test] | - `test/coatRackModule.test.js` (dosya düzeyi) :12 [test] | - `test/commercialItemsContract.test.js` (dosya düzeyi) :16 [test] | - `test/furnitureItemsContract.test.js` (dosya düzeyi) :156 [test] | - `test/indoorPlantItemsContract.test.js` (dosya düzeyi) :26 [test] | - `test/moduleStateConstructionRegistry.test.js` `for` :60 [test] | - `test/plasticTrashBinModule.test.js` `overlaps` :50 [test] | - `test/plasticTrashBinModule.test.js` (dosya düzeyi) :138 [test] | - `test/wallSeparatorItemsContract.test.js` (dosya düzeyi) :25 [test] | - `test/wallSeparatorItemsContract.test.js` `if` :101 [test] | - `test/wallSeparatorItemsContract.test.js` `for` :141 [test] | - `e2e/indoor-plant-items-contract.spec.mjs` `saveAndReadProject` :41 [test] | - `e2e/plastic-trash-bin-module.spec.mjs` `if` :119 [test] | - `e2e/wall-separator-items-contract.spec.mjs` `for` :51 [test],- `src/items.js` `COMMERCIAL_ITEMS` :123 [write-or-literal] | - `src/items.js` `INDOOR_PLANT_ITEMS` :395 [write-or-literal] | - `src/items.js` (dosya düzeyi) :829 [write-or-literal] | - `src/designState.js` `resolveSeparatorItemKey` :127 [write-or-literal] | - `src/designState.js` `resolveSeparatorItemKey` :134 [write] | - `src/designState.js` `createSeparatorModuleState` :159 [write-or-literal] | - `src/designState.js` `createCommercialModuleState` :458 [write] | - `src/designState.js` `resolveIndoorPlantItemKey` :520 [write] | - `src/designState.js` `createIndoorPlantModuleState` :552 [write] | - `src/catalog.js` `createSeparatorCatalogItem` :118 [write] | - `src/catalog.js` `createIndoorPlantCatalogItem` :244 [write] | - `src/catalog.js` `normalizeCatalogDescriptor` :491 [write-or-literal] | - `src/scene3d.js` `createIndoorPlantModule` :5065 [write] | - `src/scene3d.js` `if` :5125 [write] | - `src/scene3d.js` `if` :5216 [write-or-literal] | - `src/autoDepot.js` `if` :121 [write-or-literal]
state.modelRotationYDeg,Runtime module state: modelRotationYDeg,Runtime module state: modelRotationYDeg. create*ModuleState çıktısı. Persist: modules[] blob.,runtime-state,number (derece),derece,create*ModuleState çıktısı. Persist: modules[] blob.,runtime module state · src/designState.js · MODULE_STATE_FACTORIES / create*ModuleState,src/designState.js,Factory default: ilgili `create*ModuleState` Item/catalog ölçü veya media türevini kopyalar. Global state default yok.,Item/catalog ölçü → factory kopya → (nadiren) kullanıcı foam resize width/height → persist. normalizeModuleItemState tv/base/counter/flat-panel itemKey ve bazı ölçüleri yeniden yazar.,true,5,5,hayır,yok,Evet — `modules[]` nesnesinin parçası. `saveProject` şemasız put. Load `cloneProjectState`.,SYSTEM_INTERNAL,Factory `modules[]` state kopyası. Kullanıcı bu id'yi ayrı formda değiştirmez (ölçü/itemKey type kimliği). Placement ayrı `placement` alanındadır ve bu 188 sütunda yoktur.,hayır,dolaylı (şemasız project blob),validation yok (genel proje şeması yok).,true,doğrudan yok veya dolaylı (kanıt bölümü).,yok veya dolaylı değil.,yok.,- `test/commercialItemsContract.test.js` (dosya düzeyi) :64 [test] | - `test/indoorPlantItemsContract.test.js` (dosya düzeyi) :28 [test] | - `test/indoorPlants.test.js` (dosya düzeyi) :16 [test],- `src/items.js` `COMMERCIAL_ITEMS` :139 [write-or-literal] | - `src/items.js` `INDOOR_PLANT_ITEMS` :387 [write-or-literal] | - `src/designState.js` `createCommercialModuleState` :459 [write] | - `src/designState.js` `createIndoorPlantModuleState` :562 [write-or-literal] | - `src/catalog.js` `createIndoorPlantCatalogItem` :241 [write-or-literal] | - `src/scene3d.js` `if` :5191 [write]
state.panelScreenHeightCm,Runtime module state: panelScreenHeightCm,Runtime module state: panelScreenHeightCm. create*ModuleState çıktısı. Persist: modules[] blob.,runtime-state,number,cm,create*ModuleState çıktısı. Persist: modules[] blob.,runtime module state · src/designState.js · MODULE_STATE_FACTORIES / create*ModuleState,src/designState.js,Factory default: ilgili `create*ModuleState` Item/catalog ölçü veya media türevini kopyalar. Global state default yok.,Item/catalog ölçü → factory kopya → (nadiren) kullanıcı foam resize width/height → persist. normalizeModuleItemState tv/base/counter/flat-panel itemKey ve bazı ölçüleri yeniden yazar.,true,5,5,hayır,yok,Evet — `modules[]` nesnesinin parçası. `saveProject` şemasız put. Load `cloneProjectState`.,SYSTEM_INTERNAL,Factory `modules[]` state kopyası. Kullanıcı bu id'yi ayrı formda değiştirmez (ölçü/itemKey type kimliği). Placement ayrı `placement` alanındadır ve bu 188 sütunda yoktur.,hayır,dolaylı (şemasız project blob),validation yok (genel proje şeması yok).,true,doğrudan yok veya dolaylı (kanıt bölümü).,yok veya dolaylı değil.,yok.,- `src/items.js` `if` :475 [read] | - `test/wallMediaItemsContract.test.js` (dosya düzeyi) :43 [test] | - `test/wallMediaItemsContract.test.js` `for` :77 [test],- `src/items.js` `WALL_MEDIA_ITEMS` :444 [define] | - `src/items.js` `if` :463 [write] | - `src/items.js` `if` :489 [write-or-literal] | - `src/designState.js` `createTvModuleState` :615 [write-or-literal] | - `src/catalog.js` `if` :190 [write-or-literal] | - `src/scene3d.js` `createTvModule` :4832 [write]
state.panelScreenWidthCm,Runtime module state: panelScreenWidthCm,Runtime module state: panelScreenWidthCm. create*ModuleState çıktısı. Persist: modules[] blob.,runtime-state,number,cm,create*ModuleState çıktısı. Persist: modules[] blob.,runtime module state · src/designState.js · MODULE_STATE_FACTORIES / create*ModuleState,src/designState.js,Factory default: ilgili `create*ModuleState` Item/catalog ölçü veya media türevini kopyalar. Global state default yok.,Item/catalog ölçü → factory kopya → (nadiren) kullanıcı foam resize width/height → persist. normalizeModuleItemState tv/base/counter/flat-panel itemKey ve bazı ölçüleri yeniden yazar.,true,5,5,hayır,yok,Evet — `modules[]` nesnesinin parçası. `saveProject` şemasız put. Load `cloneProjectState`.,SYSTEM_INTERNAL,Factory `modules[]` state kopyası. Kullanıcı bu id'yi ayrı formda değiştirmez (ölçü/itemKey type kimliği). Placement ayrı `placement` alanındadır ve bu 188 sütunda yoktur.,hayır,dolaylı (şemasız project blob),validation yok (genel proje şeması yok).,true,doğrudan yok veya dolaylı (kanıt bölümü).,yok veya dolaylı değil.,yok.,- `src/items.js` `if` :474 [read] | - `test/wallMediaItemsContract.test.js` (dosya düzeyi) :27 [test] | - `test/wallMediaItemsContract.test.js` `for` :76 [test],- `src/items.js` `WALL_MEDIA_ITEMS` :444 [define] | - `src/items.js` `if` :463 [write] | - `src/items.js` `if` :488 [write-or-literal] | - `src/designState.js` `createTvModuleState` :614 [write-or-literal] | - `src/catalog.js` `if` :189 [write-or-literal] | - `src/scene3d.js` `createTvModule` :4831 [write]
state.preserveModelScale,Runtime module state: preserveModelScale,Runtime module state: preserveModelScale. create*ModuleState çıktısı. Persist: modules[] blob.,runtime-state,boolean,yok / birimsiz,create*ModuleState çıktısı. Persist: modules[] blob.,runtime module state · src/designState.js · MODULE_STATE_FACTORIES / create*ModuleState,src/designState.js,Factory default: ilgili `create*ModuleState` Item/catalog ölçü veya media türevini kopyalar. Global state default yok.,Item/catalog ölçü → factory kopya → (nadiren) kullanıcı foam resize width/height → persist. normalizeModuleItemState tv/base/counter/flat-panel itemKey ve bazı ölçüleri yeniden yazar.,true,5,5,hayır,yok,Evet — `modules[]` nesnesinin parçası. `saveProject` şemasız put. Load `cloneProjectState`.,SYSTEM_INTERNAL,Factory `modules[]` state kopyası. Kullanıcı bu id'yi ayrı formda değiştirmez (ölçü/itemKey type kimliği). Placement ayrı `placement` alanındadır ve bu 188 sütunda yoktur.,hayır,dolaylı (şemasız project blob),validation yok (genel proje şeması yok).,true,doğrudan yok veya dolaylı (kanıt bölümü).,yok veya dolaylı değil.,yok.,- `src/designState.js` `createCommercialModuleState` :457 [read] | - `src/scene3d.js` `if` :5197 [read] | - `test/commercialItemsContract.test.js` (dosya düzeyi) :66 [test] | - `test/indoorPlantItemsContract.test.js` (dosya düzeyi) :29 [test] | - `test/indoorPlants.test.js` (dosya düzeyi) :17 [test] | - `test/plasticTrashBinModule.test.js` `overlaps` :51 [test],- `src/items.js` `COMMERCIAL_ITEMS` :138 [write-or-literal] | - `src/items.js` `INDOOR_PLANT_ITEMS` :388 [write-or-literal] | - `src/designState.js` `createCommercialModuleState` :461 [write] | - `src/designState.js` `createIndoorPlantModuleState` :563 [write-or-literal] | - `src/catalog.js` `createIndoorPlantCatalogItem` :242 [write-or-literal] | - `src/autoDepot.js` `if` :122 [write-or-literal]
state.screenHeightCm,Runtime module state: screenHeightCm,Runtime module state: screenHeightCm. create*ModuleState çıktısı. Persist: modules[] blob.,runtime-state,number,cm,create*ModuleState çıktısı. Persist: modules[] blob.,runtime module state · src/designState.js · MODULE_STATE_FACTORIES / create*ModuleState,src/designState.js,Factory default: ilgili `create*ModuleState` Item/catalog ölçü veya media türevini kopyalar. Global state default yok.,Item/catalog ölçü → factory kopya → (nadiren) kullanıcı foam resize width/height → persist. normalizeModuleItemState tv/base/counter/flat-panel itemKey ve bazı ölçüleri yeniden yazar.,true,5,5,hayır,yok,Evet — `modules[]` nesnesinin parçası. `saveProject` şemasız put. Load `cloneProjectState`.,SYSTEM_INTERNAL,Factory `modules[]` state kopyası. Kullanıcı bu id'yi ayrı formda değiştirmez (ölçü/itemKey type kimliği). Placement ayrı `placement` alanındadır ve bu 188 sütunda yoktur.,hayır,dolaylı (şemasız project blob),validation yok (genel proje şeması yok).,true,doğrudan yok veya dolaylı (kanıt bölümü).,yok veya dolaylı değil.,yok.,- `src/items.js` `if` :471 [read] | - `src/scene3d.js` `if` :1897 [read] | - `src/selectionFeedback.js` `if` :138 [read] | - `test/tv42Module.test.js` (dosya düzeyi) :13 [test] | - `test/tv42Module.test.js` `for` :53 [test] | - `test/wallMediaItemsContract.test.js` (dosya düzeyi) :24 [test] | - `test/wallMediaItemsContract.test.js` `for` :77 [test],- `src/items.js` `WALL_MEDIA_ITEMS` :426 [write-or-literal] | - `src/items.js` `if` :465 [write] | - `src/items.js` `if` :469 [write-or-literal] | - `src/designState.js` `createTvModuleState` :608 [write-or-literal] | - `src/designState.js` `if` :709 [write] | - `src/catalog.js` `createWallMediaCatalogItem` :182 [write-or-literal] | - `src/catalog.js` `TV_42_DIMENSIONS` :202 [write-or-literal] | - `src/scene3d.js` `getWallOverlayDragPoint` :2346 [write] | - `src/scene3d.js` `if` :2407 [write] | - `src/scene3d.js` `createTvModule` :4830 [write] | - `src/selectionFeedback.js` `if` :137 [write]
state.screenWidthCm,Runtime module state: screenWidthCm,Runtime module state: screenWidthCm. create*ModuleState çıktısı. Persist: modules[] blob.,runtime-state,number,cm,create*ModuleState çıktısı. Persist: modules[] blob.,runtime module state · src/designState.js · MODULE_STATE_FACTORIES / create*ModuleState,src/designState.js,Factory default: ilgili `create*ModuleState` Item/catalog ölçü veya media türevini kopyalar. Global state default yok.,Item/catalog ölçü → factory kopya → (nadiren) kullanıcı foam resize width/height → persist. normalizeModuleItemState tv/base/counter/flat-panel itemKey ve bazı ölçüleri yeniden yazar.,true,5,5,hayır,yok,Evet — `modules[]` nesnesinin parçası. `saveProject` şemasız put. Load `cloneProjectState`.,SYSTEM_INTERNAL,Factory `modules[]` state kopyası. Kullanıcı bu id'yi ayrı formda değiştirmez (ölçü/itemKey type kimliği). Placement ayrı `placement` alanındadır ve bu 188 sütunda yoktur.,hayır,dolaylı (şemasız project blob),validation yok (genel proje şeması yok).,true,TV/video wall ekran boyutu / texture `createTvScreenTexture`.,yok veya dolaylı değil.,yok.,- `src/items.js` `if` :470 [read] | - `src/catalog.js` `if` :521 [read] | - `src/scene3d.js` `if` :1896 [read] | - `src/selectionFeedback.js` `if` :138 [read] | - `test/tv42Module.test.js` (dosya düzeyi) :12 [test] | - `test/tv42Module.test.js` `for` :41 [test] | - `test/wallMediaItemsContract.test.js` (dosya düzeyi) :23 [test] | - `test/wallMediaItemsContract.test.js` `for` :76 [test],- `src/items.js` `WALL_MEDIA_ITEMS` :426 [write-or-literal] | - `src/items.js` `if` :464 [write] | - `src/items.js` `if` :468 [write-or-literal] | - `src/designState.js` `createTvModuleState` :610 [write-or-literal] | - `src/designState.js` `if` :708 [write] | - `src/catalog.js` `createWallMediaCatalogItem` :181 [write-or-literal] | - `src/catalog.js` `TV_42_DIMENSIONS` :201 [write-or-literal] | - `src/catalog.js` `normalizeCatalogDescriptor` :493 [write-or-literal] | - `src/scene3d.js` `pickModuleContext` :1813 [write-or-literal] | - `src/scene3d.js` `createTvModule` :4829 [write] | - `src/selectionFeedback.js` `if` :136 [write]
state.shape,Runtime module state: shape,Runtime module state: shape. create*ModuleState çıktısı. Persist: modules[] blob.,runtime-state,string,yok / birimsiz,create*ModuleState çıktısı. Persist: modules[] blob.,runtime module state · src/designState.js · MODULE_STATE_FACTORIES / create*ModuleState,src/designState.js,Factory default: ilgili `create*ModuleState` Item/catalog ölçü veya media türevini kopyalar. Global state default yok.,Item/catalog ölçü → factory kopya → (nadiren) kullanıcı foam resize width/height → persist. normalizeModuleItemState tv/base/counter/flat-panel itemKey ve bazı ölçüleri yeniden yazar.,true,6,6,hayır,yok,Evet — `modules[]` nesnesinin parçası. `saveProject` şemasız put. Load `cloneProjectState`.,SYSTEM_INTERNAL,Factory `modules[]` state kopyası. Kullanıcı bu id'yi ayrı formda değiştirmez (ölçü/itemKey type kimliği). Placement ayrı `placement` alanındadır ve bu 188 sütunda yoktur.,hayır,dolaylı (şemasız project blob),validation yok (genel proje şeması yok).,true,doğrudan yok veya dolaylı (kanıt bölümü).,"Etkiler: snap, collision, side insert, short-up joint, L rotasyon, overlay mount. Ayrıntı `src/modulePlacement.js` + `getModuleBehavior`.",yok.,- `src/designState.js` `resolveCounterItemKey` :278 [read] | - `src/designState.js` `createCounterModuleState` :292 [read] | - `src/designState.js` `if` :302 [read] | - `src/catalog.js` `createCounterCatalogItem` :53 [read] | - `src/catalog.js` `optionalNumber` :470 [read] | - `src/catalog.js` `shapesMatch` :471 [read] | - `src/catalog.js` `if` :516 [read] | - `src/moduleBehavior.js` `if` :230 [read] | - `src/moduleRecipes.js` `getModuleRecipe` :197 [read] | - `src/scene3d.js` `if` :1893 [read] | - `src/scene3d.js` `roundedRectShape` :5505 [read] | - `src/scene3d.js` `createCounterModule` :6602 [read] | - `src/modulePlacement.js` `isLCounterModule` :241 [read] | - `src/modulePlacement.js` `validatePlacementAgainstModules` :590 [read] | - `src/modulePlacement.js` `addCandidate` :898 [read] | - `test/counterTopsItemContract.test.js` (dosya düzeyi) :17 [test] | - `test/counterTopsItemContract.test.js` `for` :56 [test] | - `test/deskBankoItemsContract.test.js` (dosya düzeyi) :26 [test] | - `test/deskBankoItemsContract.test.js` `if` :88 [test] | - `test/lCounter100Contract.test.js` (dosya düzeyi) :8 [test] | - `test/lCounter150Contract.test.js` (dosya düzeyi) :12 [test] | - `test/lCounter200Contract.test.js` (dosya düzeyi) :12 [test] | - `test/lCounterDefaultOrientation.test.js` (dosya düzeyi) :8 [test] | - `test/lCounterPlacement.test.js` (dosya düzeyi) :10 [test] | - `test/moduleRecipes.test.js` (dosya düzeyi) :87 [test] | - `test/moduleRotationPolicy.test.js` (dosya düzeyi) :12 [test] | - `test/panel197ItemContract.test.js` (dosya düzeyi) :11 [test] | - `test/profile190ItemContract.test.js` (dosya düzeyi) :17 [test] | - `test/profile190ItemContract.test.js` `for` :55 [test] | - `test/profilesItemContract.test.js` (dosya düzeyi) :18 [test] | - `test/rawBomSelectionParser.test.js` `for` :34 [test] | - `test/rectImageLayout.test.js` `for` :64 [test] | - `test/straightPanelsItemContract.test.js` (dosya düzeyi) :12 [test] | - `test/systemDevelopmentContract.test.js` `for` :71 [test] | - `test/systemImpactAnalysis.test.js` (dosya düzeyi) :157 [test] | - `test/upright3465ItemContract.test.js` `listAllVerifiedRecipes` :27 [test] | - `test/upright99And495ItemContract.test.js` (dosya düzeyi) :16 [test] | - `e2e/desk-banko-items-contract.spec.mjs` `saveAndReadProject` :77 [test],- `src/items.js` (dosya düzeyi) :581 [write-or-literal] | - `src/items.js` (dosya düzeyi) :587 [define] | - `src/designState.js` `resolveCounterItemKey` :279 [write-or-literal] | - `src/catalog.js` `normalizeCatalogDescriptor` :489 [write-or-literal] | - `src/moduleRecipes.js` (dosya düzeyi) :142 [write-or-literal] | - `src/scene3d.js` `pickModuleContext` :1810 [write-or-literal] | - `src/scene3d.js` `rotateSelectedModule` :2267 [write-or-literal] | - `src/scene3d.js` `getFreeTvPlacement` :2300 [write-or-literal] | - `src/scene3d.js` `if` :2459 [write-or-literal] | - `src/scene3d.js` `if` :4752 [write] | - `src/scene3d.js` `roundedRectShape` :5501 [write] | - `src/scene3d.js` `for` :7529 [write-or-literal] | - `src/main.js` `for` :681 [write-or-literal] | - `src/moduleMove.js` `if` :186 [write-or-literal] | - `src/modulePlacement.js` `createLocalSegment` :295 [write] | - `src/modulePlacement.js` `validatePlacementAgainstModules` :565 [write] | - `src/modulePlacement.js` `snapPlacementToModules` :810 [write] | - `src/modulePlacement.js` `if` :1582 [write-or-literal] | - `src/rawBomDebug.js` `parseLCounterSelection` :22 [write-or-literal]
state.shelfCount,Runtime module state: shelfCount,Runtime module state: shelfCount. create*ModuleState çıktısı. Persist: modules[] blob.,runtime-state,number,adet,create*ModuleState çıktısı. Persist: modules[] blob.,runtime module state · src/designState.js · MODULE_STATE_FACTORIES / create*ModuleState,src/designState.js,Factory default: ilgili `create*ModuleState` Item/catalog ölçü veya media türevini kopyalar. Global state default yok.,Item/catalog ölçü → factory kopya → (nadiren) kullanıcı foam resize width/height → persist. normalizeModuleItemState tv/base/counter/flat-panel itemKey ve bazı ölçüleri yeniden yazar.,true,6,6,hayır,yok,Evet — `modules[]` nesnesinin parçası. `saveProject` şemasız put. Load `cloneProjectState`.,SYSTEM_INTERNAL,Factory `modules[]` state kopyası. Kullanıcı bu id'yi ayrı formda değiştirmez (ölçü/itemKey type kimliği). Placement ayrı `placement` alanındadır ve bu 188 sütunda yoktur.,hayır,dolaylı (şemasız project blob),validation yok (genel proje şeması yok).,true,doğrudan yok veya dolaylı (kanıt bölümü).,yok veya dolaylı değil.,yok.,- `src/items.js` (dosya düzeyi) :850 [read] | - `src/catalog.js` `if` :518 [read] | - `src/moduleRecipes.js` `getModuleRecipe` :196 [read] | - `src/scene3d.js` `if` :1894 [read] | - `src/scene3d.js` `createShelfModule` :6866 [read] | - `src/moduleDragSidebar.js` `if` :132 [read] | - `src/rawBomDebug.js` `if` :117 [read] | - `src/selectionFeedback.js` `if` :69 [read] | - `test/cornerPanelsItemContract.test.js` (dosya düzeyi) :34 [test] | - `test/moduleRecipes.test.js` (dosya düzeyi) :77 [test] | - `test/panel197ItemContract.test.js` (dosya düzeyi) :9 [test] | - `test/panelCorner192ItemContract.test.js` (dosya düzeyi) :14 [test] | - `test/profile190ItemContract.test.js` (dosya düzeyi) :15 [test] | - `test/profilesItemContract.test.js` (dosya düzeyi) :38 [test] | - `test/shelfItemsItemContract.test.js` `for` :39 [test] | - `test/shelfLegItemContract.test.js` (dosya düzeyi) :7 [test] | - `test/shelfLegItemContract.test.js` `for` :22 [test] | - `test/shelfModule.test.js` (dosya düzeyi) :14 [test] | - `test/straightPanelsItemContract.test.js` (dosya düzeyi) :31 [test] | - `test/straightPanelsItemContract.test.js` `for` :91 [test] | - `test/systemDevelopmentContract.test.js` `for` :70 [test] | - `test/upright3465ItemContract.test.js` `listAllVerifiedRecipes` :17 [test] | - `test/wallShelfItemsContract.test.js` (dosya düzeyi) :27 [test] | - `e2e/shelf-board-appearance.spec.mjs` `saveAndReadProject` :77 [test] | - `e2e/wall-shelf-items-contract.spec.mjs` `for` :51 [test],- `src/items.js` (dosya düzeyi) :855 [write-or-literal] | - `src/items.js` (dosya düzeyi) :861 [define] | - `src/designState.js` `resolveShelfItemKey` :198 [write] | - `src/designState.js` `resolveShelfItemKey` :205 [write-or-literal] | - `src/designState.js` `createShelfModuleState` :221 [write] | - `src/designState.js` `createShelfModuleState` :233 [write-or-literal] | - `src/catalog.js` `createShelfCatalogItem` :128 [write-or-literal] | - `src/catalog.js` `normalizeCatalogDescriptor` :490 [write-or-literal] | - `src/moduleRecipes.js` (dosya düzeyi) :34 [write-or-literal] | - `src/scene3d.js` `pickModuleContext` :1811 [write-or-literal] | - `src/scene3d.js` `if` :2090 [write] | - `src/rawBomDebug.js` `if` :116 [write] | - `src/selectionFeedback.js` `if` :68 [write]
state.shelfLightingOn,Raf altı LED açık/kapalı,Raf altı LED açık/kapalı. Raf altı LED. Context menu toggle. `createShelfModule` görünürlük.,runtime-state,boolean,yok / birimsiz,Raf altı LED. Context menu toggle. `createShelfModule` görünürlük.,runtime module state · src/designState.js · MODULE_STATE_FACTORIES / create*ModuleState,src/designState.js,Factory default: `false` (`createShelfModuleState`).,factory `false` → context menu toggle `main.js` yazar → persist modules[] → createShelfModule LED visible.,true,6,6,evet,Context menu toggle-shelf-light; `main.js` currentModules[index].shelfLightingOn.,Evet — `modules[]` nesnesinin parçası. `saveProject` şemasız put. Load `cloneProjectState`.,ITEM_EDITABLE,"Factory default yazar; kullanıcı yüzey rengi/görsel/cam/kumaş, raf ışığı, strafor boyut/hale veya zemin rengi ile ezer. `saveProject` module/stand blob içinde kalır.",evet,evet — modules[] / ilgili persist blob,validation yok (genel proje şeması yok).,true,`createShelfModule` LED strip/spot `.visible`.,yok veya dolaylı değil.,yok.,- `src/main.js` `getContextShelfLightingState` :789 [read] | - `test/shelfLighting.test.js` (dosya düzeyi) :9 [test] | - `test/wallShelfItemsContract.test.js` (dosya düzeyi) :103 [test] | - `e2e/shelf-board-appearance.spec.mjs` `saveAndReadProject` :78 [test] | - `e2e/wall-shelf-items-contract.spec.mjs` `for` :89 [test],- `src/designState.js` `createShelfModuleState` :234 [write-or-literal] | - `src/scene3d.js` `setShelfLightingVisible` :4644 [write] | - `src/scene3d.js` `if` :6876 [write] | - `src/scene3d.js` (dosya düzeyi) :6955 [write] | - `src/main.js` `changeContextShelfLighting` :797 [write] | - `src/moduleContextMenu.js` `if` :419 [write]
state.sizeInch,Runtime module state: sizeInch,Runtime module state: sizeInch. create*ModuleState çıktısı. Persist: modules[] blob.,runtime-state,number,inç,create*ModuleState çıktısı. Persist: modules[] blob.,runtime module state · src/designState.js · MODULE_STATE_FACTORIES / create*ModuleState,src/designState.js,Factory default: ilgili `create*ModuleState` Item/catalog ölçü veya media türevini kopyalar. Global state default yok.,Item/catalog ölçü → factory kopya → (nadiren) kullanıcı foam resize width/height → persist. normalizeModuleItemState tv/base/counter/flat-panel itemKey ve bazı ölçüleri yeniden yazar.,true,5,5,hayır,yok,Evet — `modules[]` nesnesinin parçası. `saveProject` şemasız put. Load `cloneProjectState`.,SYSTEM_INTERNAL,Factory `modules[]` state kopyası. Kullanıcı bu id'yi ayrı formda değiştirmez (ölçü/itemKey type kimliği). Placement ayrı `placement` alanındadır ve bu 188 sütunda yoktur.,hayır,dolaylı (şemasız project blob),validation yok (genel proje şeması yok).,true,doğrudan yok veya dolaylı (kanıt bölümü).,yok veya dolaylı değil.,yok.,- `src/designState.js` `resolveWallMediaItemKey` :592 [read] | - `src/catalog.js` `if` :520 [read] | - `src/scene3d.js` `if` :1895 [read] | - `src/selectionFeedback.js` `if` :138 [read] | - `test/tv42Module.test.js` `for` :30 [test] | - `test/wallMediaItemsContract.test.js` (dosya düzeyi) :19 [test] | - `e2e/wall-media-items-contract.spec.mjs` `saveAndReadProject` :43 [test],- `src/items.js` `WALL_MEDIA_ITEMS` :424 [write-or-literal] | - `src/items.js` `resolveWallMediaMetrics` :460 [write-or-literal] | - `src/designState.js` `createTvModuleState` :598 [write] | - `src/designState.js` `createTvModuleState` :609 [write-or-literal] | - `src/designState.js` `createLedFloodlightModuleState` :657 [write] | - `src/catalog.js` `createWallMediaCatalogItem` :183 [write-or-literal] | - `src/catalog.js` `normalizeCatalogDescriptor` :492 [write-or-literal] | - `src/scene3d.js` `pickModuleContext` :1812 [write-or-literal] | - `src/scene3d.js` `if` :2090 [write] | - `src/selectionFeedback.js` `if` :135 [write]
state.stripOccupancy,Runtime module state: stripOccupancy,Runtime module state: stripOccupancy. create*ModuleState çıktısı. Persist: modules[] blob.,runtime-state,string,yok / birimsiz,create*ModuleState çıktısı. Persist: modules[] blob.,runtime module state · src/designState.js · MODULE_STATE_FACTORIES / create*ModuleState,src/designState.js,Factory default: ilgili `create*ModuleState` Item/catalog ölçü veya media türevini kopyalar. Global state default yok.,Item/catalog ölçü → factory kopya → (nadiren) kullanıcı foam resize width/height → persist. normalizeModuleItemState tv/base/counter/flat-panel itemKey ve bazı ölçüleri yeniden yazar.,true,8,8,hayır,yok,Evet — `modules[]` nesnesinin parçası. `saveProject` şemasız put. Load `cloneProjectState`.,SYSTEM_INTERNAL,Factory `modules[]` state kopyası. Kullanıcı bu id'yi ayrı formda değiştirmez (ölçü/itemKey type kimliği). Placement ayrı `placement` alanındadır ve bu 188 sütunda yoktur.,hayır,dolaylı (şemasız project blob),validation yok (genel proje şeması yok).,true,doğrudan yok veya dolaylı (kanıt bölümü).,yok veya dolaylı değil.,yok.,- `src/designState.js` (dosya düzeyi) :2 [read] | - `src/moduleBehavior.js` (dosya düzeyi) :3 [read] | - `src/scene3d.js` (dosya düzeyi) :19 [read] | - `src/moduleDragSidebar.js` (dosya düzeyi) :2 [read] | - `src/stripOccupancy.js` `resolveModuleStripOccupancy` :25 [read] | - `src/systemChangeContract.js` `SOURCE_FILE_REQUIRED_DOMAINS` :137 [read] | - `test/stripOccupancy.test.js` (dosya düzeyi) :11 [test] | - `test/wallFlatPanelItemsContract.test.js` (dosya düzeyi) :153 [test],- `src/items.js` (dosya düzeyi) :667 [define] | - `src/designState.js` `createFlatPanelModuleState` :99 [write] | - `src/designState.js` `createFlatPanelModuleState` :107 [write-or-literal] | - `src/designState.js` `if` :738 [write] | - `src/catalog.js` `createFlatPanelCatalogItem` :66 [write] | - `src/moduleDragSidebar.js` `if` :354 [write] | - `src/stripOccupancy.js` `resolveModuleStripOccupancy` :23 [write]
state.stripOccupancy.align,Runtime module state: stripOccupancy.align,Runtime module state: stripOccupancy.align. create*ModuleState çıktısı. Persist: modules[] blob.,runtime-state,string,yok / birimsiz,create*ModuleState çıktısı. Persist: modules[] blob.,runtime module state · src/designState.js · MODULE_STATE_FACTORIES / create*ModuleState,src/designState.js,Factory default: ilgili `create*ModuleState` Item/catalog ölçü veya media türevini kopyalar. Global state default yok.,Item/catalog ölçü → factory kopya → (nadiren) kullanıcı foam resize width/height → persist. normalizeModuleItemState tv/base/counter/flat-panel itemKey ve bazı ölçüleri yeniden yazar.,true,8,8,hayır,yok,Evet — `modules[]` nesnesinin parçası. `saveProject` şemasız put. Load `cloneProjectState`.,SYSTEM_INTERNAL,Factory `modules[]` state kopyası. Kullanıcı bu id'yi ayrı formda değiştirmez (ölçü/itemKey type kimliği). Placement ayrı `placement` alanındadır ve bu 188 sütunda yoktur.,hayır,dolaylı (şemasız project blob),validation yok (genel proje şeması yok).,true,doğrudan yok veya dolaylı (kanıt bölümü).,yok veya dolaylı değil.,yok.,- `src/scene3d.js` `if` :1898 [read] | - `src/moduleDragSidebar.js` `ensureStyles` :16 [read] | - `src/moduleDragSidebar.js` `if` :355 [read] | - `src/stripOccupancy.js` `normalizeStripOccupancy` :17 [read] | - `src/stripOccupancy.js` `getOccupiedStripLayout` :39 [read] | - `src/stripOccupancy.js` `if` :57 [read] | - `test/kettle.test.js` (dosya düzeyi) :9 [test] | - `test/miniFridge.test.js` (dosya düzeyi) :8 [test] | - `test/stripOccupancy.test.js` (dosya düzeyi) :14 [test] | - `test/wallFlatPanelItemsContract.test.js` (dosya düzeyi) :153 [test],- `src/items.js` (dosya düzeyi) :667 [define] | - `src/scene3d.js` `if` :2076 [write] | - `src/scene3d.js` `resolveOccupiedStripLayout` :6973 [write-or-literal] | - `src/moduleContextMenu.js` `createModuleContextMenu` :76 [write] | - `src/moduleContextMenu.js` `createPickerCard` :284 [write] | - `index.html` (dosya düzeyi) :64 [write]
state.stripOccupancy.stripCount,Runtime module state: stripOccupancy.stripCount,Runtime module state: stripOccupancy.stripCount. create*ModuleState çıktısı. Persist: modules[] blob.,runtime-state,string,yok / birimsiz,create*ModuleState çıktısı. Persist: modules[] blob.,runtime module state · src/designState.js · MODULE_STATE_FACTORIES / create*ModuleState,src/designState.js,Factory default: ilgili `create*ModuleState` Item/catalog ölçü veya media türevini kopyalar. Global state default yok.,Item/catalog ölçü → factory kopya → (nadiren) kullanıcı foam resize width/height → persist. normalizeModuleItemState tv/base/counter/flat-panel itemKey ve bazı ölçüleri yeniden yazar.,true,8,8,hayır,yok,Evet — `modules[]` nesnesinin parçası. `saveProject` şemasız put. Load `cloneProjectState`.,SYSTEM_INTERNAL,Factory `modules[]` state kopyası. Kullanıcı bu id'yi ayrı formda değiştirmez (ölçü/itemKey type kimliği). Placement ayrı `placement` alanındadır ve bu 188 sütunda yoktur.,hayır,dolaylı (şemasız project blob),validation yok (genel proje şeması yok).,true,doğrudan yok veya dolaylı (kanıt bölümü).,yok veya dolaylı değil.,yok.,- `src/scene3d.js` `if` :1899 [read] | - `src/scene3d.js` `resolveOccupiedStripLayout` :6966 [read] | - `src/scene3d.js` `createFlatPanelModule` :6984 [read] | - `src/scene3d.js` `createShowcaseModule` :7440 [read] | - `src/scene3d.js` `for` :7485 [read] | - `src/standStandardsCopy.js` `getStandStandardsFacts` :28 [read] | - `src/standStandardsCopy.js` `getHelpStandardsTableHtml` :73 [read] | - `src/stripOccupancy.js` `normalizeStripOccupancy` :18 [read] | - `test/globalSilhouetteGhost.test.js` (dosya düzeyi) :60 [test] | - `test/horizontalPanelRails.test.js` (dosya düzeyi) :8 [test] | - `test/profileFieldPlacement.test.js` (dosya düzeyi) :157 [test] | - `test/stripOccupancy.test.js` (dosya düzeyi) :14 [test] | - `test/visibleUiContract.test.js` (dosya düzeyi) :14 [test] | - `test/wallFlatPanelItemsContract.test.js` (dosya düzeyi) :153 [test],- `src/items.js` (dosya düzeyi) :667 [define] | - `src/designState.js` `createFlatPanelModuleState` :100 [write] | - `src/designState.js` `createFlatPanelModuleState` :109 [write-or-literal] | - `src/catalog.js` `STAND_DIMENSIONS` :7 [write-or-literal] | - `src/scene3d.js` `resolveOccupiedStripLayout` :6968 [write] | - `src/scene3d.js` `resolveOccupiedStripLayout` :6973 [write-or-literal] | - `src/scene3d.js` `createFlatPanelModule` :6990 [write] | - `src/scene3d.js` `for` :7495 [write] | - `src/moduleDragSidebar.js` `if` :360 [write] | - `src/standStandardsCopy.js` `getStandStandardsFacts` :17 [write] | - `src/standStandardsCopy.js` `getStandStandardsListItems` :45 [write-or-literal] | - `src/stripOccupancy.js` `getStandStripMetrics` :6 [write-or-literal] | - `src/stripOccupancy.js` `normalizeStripOccupancy` :15 [write] | - `src/stripOccupancy.js` `getOccupiedStripLayout` :29 [write] | - `src/stripOccupancy.js` `getOccupiedStripLayout` :41 [write-or-literal] | - `src/stripOccupancy.js` `if` :56 [write]
state.strips,Duvar şerit yüzey dizisi,Duvar şerit yüzey dizisi. Düzenlenebilir şerit yüzeyleri (renk/görsel/cam/kumaş).,runtime-state,string,yok / birimsiz,Düzenlenebilir şerit yüzeyleri (renk/görsel/cam/kumaş).,runtime module state · src/designState.js · MODULE_STATE_FACTORIES / create*ModuleState,src/designState.js,Factory default: `createEditablePanelState` / `createEditableItemSurfaceState`; renk `DEFAULT_PANEL_COLOR` `#ffffff` veya `itemDefaultColorHex`. Şerit sayısı: occupancy.stripCount ?? `STRIP_COUNT` 7.,"Item defaultColor / DEFAULT_PANEL_COLOR `#ffffff` → factory yüzey → kullanıcı applyColor/image/glass/fabric → persist modules[] → load clone → normalizeModuleItemState itemKey düzeltir, yüzey ezmesini silmez.",true,24,24,evet (iç alanlar: color/image/glass/fabric),"3D seçim + `#apply-color` / görsel asset / context menu cam-kumaş-mesh. `src/main.js` applyActiveColorToSelection, `src/scene3d.js` applyColor, `src/moduleContextMenu.js`.",Evet — `modules[]` nesnesinin parçası. `saveProject` şemasız put. Load `cloneProjectState`.,ITEM_EDITABLE,"Factory default yazar; kullanıcı yüzey rengi/görsel/cam/kumaş, raf ışığı, strafor boyut/hale veya zemin rengi ile ezer. `saveProject` module/stand blob içinde kalır.",evet,evet — modules[] / ilgili persist blob,Renk: `applyColor` hex. Cam/kumaş surfaceState bayrakları. Şema validator yok.,false,"Material color/texture, cam, lightbox/mesh overlay. `scene3d.js` bindRendererSurfaceState + applyColor.",yok veya dolaylı değil.,yok.,- `test/doorLeafItemContract.test.js` (dosya düzeyi) :50 [test] | - `test/imageAssetDeletion.test.js` (dosya düzeyi) :9 [test] | - `test/wallShowcaseItemContract.test.js` `for` :101 [test],- `src/designState.js` `createFlatPanelModuleState` :108 [write-or-literal] | - `src/designState.js` `createShowcaseModuleState` :181 [write-or-literal] | - `src/designState.js` `createShelfModuleState` :235 [write-or-literal] | - `src/designState.js` `createDoorModuleState` :255 [write-or-literal] | - `src/designState.js` `createBaseWallModuleState` :346 [write-or-literal]
state.surface,Tekil yüzey state,"Tekil yüzey state. Tek yüzey (separator, kapı kanadı, mobilya, led, planter).",runtime-state,string,yok / birimsiz,"Tek yüzey (separator, kapı kanadı, mobilya, led, planter).",runtime module state · src/designState.js · MODULE_STATE_FACTORIES / create*ModuleState,src/designState.js,Factory default: `createEditablePanelState` / `createEditableItemSurfaceState`; renk `DEFAULT_PANEL_COLOR` `#ffffff` veya `itemDefaultColorHex`. Şerit sayısı: occupancy.stripCount ?? `STRIP_COUNT` 7.,"Item defaultColor / DEFAULT_PANEL_COLOR `#ffffff` → factory yüzey → kullanıcı applyColor/image/glass/fabric → persist modules[] → load clone → normalizeModuleItemState itemKey düzeltir, yüzey ezmesini silmez.",true,15,15,evet (iç alanlar: color/image/glass/fabric),"3D seçim + `#apply-color` / görsel asset / context menu cam-kumaş-mesh. `src/main.js` applyActiveColorToSelection, `src/scene3d.js` applyColor, `src/moduleContextMenu.js`.",Evet — `modules[]` nesnesinin parçası. `saveProject` şemasız put. Load `cloneProjectState`.,ITEM_EDITABLE,"Factory default yazar; kullanıcı yüzey rengi/görsel/cam/kumaş, raf ışığı, strafor boyut/hale veya zemin rengi ile ezer. `saveProject` module/stand blob içinde kalır.",evet,evet — modules[] / ilgili persist blob,Renk: `applyColor` hex. Cam/kumaş surfaceState bayrakları. Şema validator yok.,false,"Material color/texture, cam, lightbox/mesh overlay. `scene3d.js` bindRendererSurfaceState + applyColor.",yok veya dolaylı değil.,yok.,- `test/doorLeafItemContract.test.js` (dosya düzeyi) :51 [test],- `src/designState.js` `createSeparatorModuleState` :160 [write-or-literal] | - `src/designState.js` `createDoorModuleState` :260 [write-or-literal] | - `src/designState.js` `createIndoorPlantModuleState` :565 [write-or-literal] | - `src/designState.js` `createLedFloodlightModuleState` :628 [write-or-literal]
state.type,Runtime module state: type,Runtime module state: type. create*ModuleState çıktısı. Persist: modules[] blob.,runtime-state,string,yok / birimsiz,create*ModuleState çıktısı. Persist: modules[] blob.,runtime module state · src/designState.js · MODULE_STATE_FACTORIES / create*ModuleState,src/designState.js,Factory default: ilgili `create*ModuleState` Item/catalog ölçü veya media türevini kopyalar. Global state default yok.,Item/catalog ölçü → factory kopya → (nadiren) kullanıcı foam resize width/height → persist. normalizeModuleItemState tv/base/counter/flat-panel itemKey ve bazı ölçüleri yeniden yazar.,true,65,65,hayır,yok,Evet — `modules[]` nesnesinin parçası. `saveProject` şemasız put. Load `cloneProjectState`.,SYSTEM_INTERNAL,Factory `modules[]` state kopyası. Kullanıcı bu id'yi ayrı formda değiştirmez (ölçü/itemKey type kimliği). Placement ayrı `placement` alanındadır ve bu 188 sütunda yoktur.,hayır,dolaylı (şemasız project blob),validation yok (genel proje şeması yok).,true,doğrudan yok veya dolaylı (kanıt bölümü).,yok veya dolaylı değil.,yok.,- `src/items.js` `getShelfLeafItem` :57 [read] | - `src/items.js` `if` :100 [read] | - `src/items.js` `getCommercialItemForType` :143 [read] | - `src/items.js` `getFurnitureItemForType` :248 [read] | - `src/items.js` `getTopLightItemForType` :267 [read] | - `src/items.js` `isParquetFloorItem` :348 [read] | - `src/items.js` `isGridTileFloorItem` :352 [read] | - `src/items.js` `isCarpetFloorItem` :360 [read] | - `src/items.js` `resolveStandFloorItemKey` :366 [read] | - `src/items.js` `getFurnitureClusterQuantity` :377 [read] | - `src/items.js` `resolveWallMediaMetrics` :456 [read] | - `src/items.js` `COMPOSITE_ITEMS` :506 [read] | - `src/items.js` (dosya düzeyi) :766 [read] | - `src/items.js` `getShowcaseItemKeyForType` :972 [read] | - `src/items.js` `getShowcaseBodyDefinition` :977 [read] | - `src/designState.js` `resolveFlatPanelItemKey` :86 [read] | - `src/designState.js` `createFlatPanelModuleState` :97 [read] | - `src/designState.js` `resolveSeparatorItemKey` :121 [read] | - `src/designState.js` `if` :141 [read] | - `src/designState.js` `createSeparatorModuleState` :151 [read] | - `src/designState.js` `isWallShelfCompositeItem` :193 [read] | - `src/designState.js` `resolveShelfItemKey` :199 [read] | - `src/designState.js` `resolveCounterItemKey` :274 [read] | - `src/designState.js` `createCounterModuleState` :291 [read] | - `src/designState.js` `resolveBaseWallItemKey` :325 [read] | - `src/designState.js` `createBaseWallModuleState` :336 [read] | - `src/designState.js` `resolveBaseItemKey` :365 [read] | - `src/designState.js` `createBaseModuleState` :376 [read] | - `src/designState.js` `createFurnitureModuleState` :394 [read] | - `src/designState.js` `createCommercialModuleState` :451 [read] | - `src/designState.js` `createProfileModuleState` :494 [read] | - `src/designState.js` `isIndoorPlantItem` :512 [read] | - `src/designState.js` `resolveIndoorPlantItemKey` :516 [read] | - `src/designState.js` `createIndoorPlantModuleState` :537 [read] | - `src/designState.js` `resolveWallMediaItemKey` :594 [read] | - `src/catalog.js` `normalizeCatalogDescriptor` :480 [read] | - `src/catalog.js` `resolveItemKey` :501 [read] | - `src/catalog.js` `if` :512 [read] | - `src/catalog.js` `getModuleCatalogLabel` :539 [read] | - `src/moduleBehavior.js` `hasExplicitModuleBehavior` :214 [read] | - `src/moduleBehavior.js` `if` :230 [read] | - `src/moduleBehavior.js` `isUprightJointSnapTarget` :298 [read] | - `src/moduleBehavior.js` `canModulesOverlapByBehavior` :328 [read] | - `src/moduleContracts.js` `resolveModuleContract` :197 [read] | - `src/moduleRecipes.js` `if` :242 [read] | - `src/scene3d.js` `notifyGltfLoadFailure` :90 [read] | - `src/scene3d.js` `isFloorFixtureType` :143 [read] | - `src/scene3d.js` `isTopFixtureType` :147 [read] | - `src/scene3d.js` `fixedElevationM` :1396 [read] | - `src/scene3d.js` `if` :1453 [read] | - `src/scene3d.js` `previewCatalogModuleDrag` :2422 [read] | - `src/scene3d.js` `updatePlacementDrag` :2701 [read] | - `src/scene3d.js` `normalizeFabricOwnership` :3216 [read] | - `src/scene3d.js` `setShelfLightingVisible` :4642 [read] | - `src/scene3d.js` `createIndoorPlantModule` :5063 [read] | - `src/scene3d.js` `createBeigeSofaFurnitureProxy` :6227 [read] | - `src/main.js` `getContextShelfLightingState` :789 [read] | - `src/main.js` `changeContextShelfLighting` :794 [read] | - `src/main.js` `resizeContextIlluminatedFoam` :874 [read] | - `src/main.js` `if` :1196 [read] | - `src/main.js` `openAssetContextMenu` :1459 [read] | - `src/main.js` `beginIlluminatedFoamAssetDrag` :1644 [read] | - `src/main.js` `onKeyDown` :1705 [read] | - `src/autoDepot.js` `if` :112 [read] | - `src/autosaveController.js` `createAutosaveController` :22 [read] | - `src/autosaveController.js` `if` :24 [read] | - `src/imageAssetReferences.js` `walkImageAssetReferences` :4 [read] | - `src/imageAssetReferences.js` `remapImageAssetReferences` :22 [read] | - `src/itemCapabilities.js` `getItemSurfaceCapabilities` :22 [read] | - `src/moduleContextMenu.js` `allowsModuleSideInsert` :6 [read] | - `src/moduleContextMenu.js` `if` :451 [read] | - `src/moduleDragSidebar.js` (dosya düzeyi) :107 [read] | - `src/moduleDragSidebar.js` `if` :127 [read] | - `src/modulePlacement.js` `isLCounterModule` :241 [read] | - `src/projectImportValidation.js` `isAllowedImportImageType` :15 [read] | - `src/projectImportValidation.js` `isAllowedImportZipFile` :24 [read] | - `src/projectImportValidation.js` `validateImportedModuleState` :28 [read] | - `src/projectImportValidation.js` `validateImportedStandState` :41 [read] | - `src/projectImportValidation.js` `validateImportedProjectState` :58 [read] | - `src/projectImportValidation.js` `validateProjectArchiveManifest` :82 [read] | - `src/projectImportValidation.js` `validateImportedAssetRecord` :97 [read] | - `src/projectImportValidation.js` `if` :100 [read] | - `src/projectNaming.js` `buildAutomaticProjectNameSuffix` :13 [read] | - `src/rawBomDebug.js` (dosya düzeyi) :5 [read] | - `src/stripOccupancy.js` `normalizeStripOccupancy` :14 [read] | - `src/stripOccupancy.js` `resolveModuleStripOccupancy` :22 [read] | - `src/surfaceStateBinding.js` `cloneSurfaceStateForRenderer` :18 [read] | - `src/surfaceStateBinding.js` `if` :23 [read] | - `src/systemChangeContract.js` `isNonEmptyString` :165 [read] | - `src/systemChangeContract.js` `requiresBrowserE2E` :200 [read] | - `src/systemChangeContract.js` `validateSystemChangeContract` :207 [read] | - `src/systemChangeContract.js` `if` :221 [read] | - `src/systemChangeContract.js` `overlap` :291 [read] | - `src/theme.js` `ALUMINUM_PROFILE_COLOR` :3 [read] | - `index.html` (dosya düzeyi) :1 [read] | - `test/barStool2.test.js` (dosya düzeyi) :9 [test] | - `test/baseItemsContract.test.js` (dosya düzeyi) :46 [test] | - `test/baseItemsContract.test.js` `for` :113 [test] | - `test/baseModule.test.js` (dosya düzeyi) :23 [test] | - `test/baseModule.test.js` `for` :70 [test] | - `test/baseTopsItemContract.test.js` (dosya düzeyi) :36 [test] | - `test/baseTopsItemContract.test.js` `for` :72 [test] | - `test/baseWallCatalog.test.js` `for` :9 [test] | - `test/baseWallRecipes.test.js` `for` :35 [test] | - `test/catalogSingleSource.test.js` (dosya düzeyi) :30 [test] | - `test/chairEamesContract.test.js` (dosya düzeyi) :12 [test] | - `test/coatRackModule.test.js` (dosya düzeyi) :13 [test] | - `test/commercialItemsContract.test.js` (dosya düzeyi) :40 [test] | - `test/connectorBom.test.js` (dosya düzeyi) :6 [test] | - `test/cornerPanelsItemContract.test.js` (dosya düzeyi) :63 [test] | - `test/cornerPanelsItemContract.test.js` `for` :76 [test] | - `test/counterModule.test.js` `for` :15 [test] | - `test/counterTopsItemContract.test.js` (dosya düzeyi) :30 [test] | - `test/counterTopsItemContract.test.js` `for` :58 [test] | - `test/depotFreeDragSnap.test.js` `for` :16 [test] | - `test/designState.test.js` (dosya düzeyi) :83 [test] | - `test/deskBankoItemsContract.test.js` (dosya düzeyi) :77 [test] | - `test/deskBankoItemsContract.test.js` `if` :96 [test] | - `test/developerEntrypointDocs.test.js` (dosya düzeyi) :61 [test] | - `test/doorCompositeItemContract.test.js` (dosya düzeyi) :37 [test] | - … test/e2e ek 114 eşleşme (src listesi tam).,- `src/items.js` `LEAF_ITEMS` :3 [define] | - `src/items.js` `COMMERCIAL_ITEMS` :121 [write-or-literal] | - `src/items.js` `FURNITURE_ITEMS` :153 [write-or-literal] | - `src/items.js` (dosya düzeyi) :239 [write-or-literal] | - `src/items.js` `TOP_LIGHT_ITEMS` :257 [write-or-literal] | - `src/items.js` `NON_CATALOG_ITEMS` :276 [write-or-literal] | - `src/items.js` `FLOOR_ITEMS` :291 [write-or-literal] | - `src/items.js` `INDOOR_PLANT_ITEMS` :383 [write-or-literal] | - `src/items.js` `WALL_MEDIA_ITEMS` :424 [write-or-literal] | - `src/items.js` `resolveWallMediaMetrics` :460 [write-or-literal] | - `src/items.js` `COMPOSITE_ITEMS` :497 [write-or-literal] | - `src/items.js` `getShowcaseBodyDefinition` :978 [write] | - `src/designState.js` `createFlatPanelModuleState` :105 [write-or-literal] | - `src/designState.js` `resolveSeparatorItemKey` :125 [write-or-literal] | - `src/designState.js` `if` :137 [write-or-literal] | - `src/designState.js` `createSeparatorModuleState` :157 [write-or-literal] | - `src/designState.js` `createShowcaseModuleState` :167 [write] | - `src/designState.js` `createShowcaseModuleState` :178 [write-or-literal] | - `src/designState.js` `resolveShelfItemKey` :203 [write-or-literal] | - `src/designState.js` `createShelfModuleState` :231 [write-or-literal] | - `src/designState.js` `createDoorModuleState` :252 [write-or-literal] | - `src/designState.js` `createBaseWallModuleState` :342 [write-or-literal] | - `src/designState.js` `createBaseModuleState` :382 [write-or-literal] | - `src/designState.js` `createFurnitureModuleState` :395 [write] | - `src/designState.js` `createFurnitureModuleState` :400 [write-or-literal] | - `src/designState.js` `createCommercialModuleState` :452 [write] | - `src/designState.js` `createCommercialModuleState` :455 [write-or-literal] | - `src/designState.js` `createUprightModuleState` :484 [write-or-literal] | - `src/designState.js` `createProfileModuleState` :500 [write-or-literal] | - `src/designState.js` `modelFile` :523 [write-or-literal] | - `src/designState.js` `createIndoorPlantModuleState` :557 [write-or-literal] | - `src/designState.js` `createIlluminatedFoamModuleState` :580 [write-or-literal] | - `src/catalog.js` `createBaseCatalogItem` :39 [write-or-literal] | - `src/catalog.js` `createCounterCatalogItem` :49 [write-or-literal] | - `src/catalog.js` `createFlatPanelCatalogItem` :61 [write-or-literal] | - `src/catalog.js` `createUprightCatalogItem` :76 [write-or-literal] | - `src/catalog.js` `createProfileCatalogItem` :90 [write-or-literal] | - `src/catalog.js` `createBaseWallCatalogItem` :102 [write-or-literal] | - `src/catalog.js` `createSeparatorCatalogItem` :114 [write-or-literal] | - `src/catalog.js` `createShelfCatalogItem` :126 [write-or-literal] | - `src/catalog.js` `createWallMediaCatalogItem` :177 [write-or-literal] | - `src/catalog.js` `createTopLightCatalogItem` :219 [write-or-literal] | - `src/catalog.js` `createIndoorPlantCatalogItem` :236 [write-or-literal] | - `src/catalog.js` `createFurnitureCatalogItem` :252 [write-or-literal] | - `src/catalog.js` `MODULE_CATALOG` :281 [write-or-literal] | - `src/catalog.js` `normalizeCatalogDescriptor` :486 [write-or-literal] | - `src/moduleBehavior.js` `normalizeDescriptor` :207 [write-or-literal] | - `src/moduleBehavior.js` `hasExplicitModuleBehavior` :213 [write] | - `src/moduleBehavior.js` `getModuleBehavior` :219 [write] | - `src/moduleBehavior.js` `canModulesOverlapByBehavior` :326 [write] | - `src/moduleContracts.js` `resolveModuleContract` :203 [write-or-literal] | - `src/scene3d.js` `updateStageFog` :188 [write] | - `src/scene3d.js` (dosya düzeyi) :291 [write] | - `src/scene3d.js` `createBaseWallModule` :1417 [write] | - `src/scene3d.js` `createBaseWallModule` :1421 [write-or-literal] | - `src/scene3d.js` `pickModuleContext` :1807 [write-or-literal] | - `src/scene3d.js` `if` :2042 [write] | - `src/scene3d.js` `rotateSelectedModule` :2252 [write] | - `src/scene3d.js` `rotateSelectedModule` :2264 [write-or-literal] | - `src/scene3d.js` `getFreeTvPlacement` :2299 [write-or-literal] | - `src/scene3d.js` `if` :2458 [write-or-literal] | - `src/scene3d.js` `createIlluminatedFoamModule` :4719 [write] | - `src/scene3d.js` `createTvModule` :4844 [write] | - `src/scene3d.js` `createMiniFridgeModule` :5007 [write-or-literal] | - `src/scene3d.js` `createIndoorPlantModule` :5064 [write] | - `src/scene3d.js` `createCoatRackModule` :5236 [write-or-literal] | - `src/scene3d.js` `createUprightModule` :5307 [write-or-literal] | - `src/scene3d.js` `createProfileModule` :5357 [write-or-literal] | - `src/scene3d.js` `createKettleModule` :5401 [write-or-literal] | - `src/scene3d.js` `createLedFloodlightModule` :5465 [write-or-literal] | - `src/scene3d.js` `createBarStoolModule` :5677 [write-or-literal] | - `src/scene3d.js` `createEamesChairModule` :5758 [write-or-literal] | - `src/scene3d.js` `createGlassTableModule` :5870 [write-or-literal] | - `src/scene3d.js` `createEamesTableChairSetModule` :5918 [write-or-literal] | - `src/scene3d.js` `createBeigeSofaFurnitureProxy` :6246 [write-or-literal] | - `src/scene3d.js` `createBeigeSofaSetModule` :6277 [write-or-literal] | - `src/scene3d.js` `chairCenterOffsetM` :6293 [write-or-literal] | - `src/scene3d.js` `createSofaPieceClassicModule` :6354 [write-or-literal] | - `src/scene3d.js` `createCoffeeTableClassicModule` :6419 [write-or-literal] | - `src/scene3d.js` `createBaseModule` :6463 [write-or-literal] | - `src/main.js` `if` :82 [write] | - `src/main.js` (dosya düzeyi) :197 [write] | - `src/main.js` `for` :678 [write-or-literal] | - `src/main.js` `createAutomaticDepotStates` :1004 [write-or-literal] | - `src/main.js` `if` :1101 [write-or-literal] | - `src/main.js` `requestIlluminatedFoamDimensions` :1611 [write] | - `src/main.js` `ext` :1908 [write-or-literal] | - `src/main.js` `ext` :1919 [write] | - `src/assetStore.js` `saveImageAsset` :19 [write-or-literal] | - `src/assetStore.js` `saveImportedImageAsset` :102 [write-or-literal] | - `src/helpGuide.js` `initHelpGuide` :248 [write] | - `src/moduleContextMenu.js` `allowsModuleSideInsert` :9 [write-or-literal] | - `src/moduleContextMenu.js` `createModuleContextMenu` :46 [write] | - `src/moduleContextMenu.js` `renderSelectionQueue` :148 [write] | - `src/moduleContextMenu.js` `createPickerCard` :276 [write] | - `src/moduleContextMenu.js` `if` :415 [write] | - `src/moduleMove.js` `if` :183 [write-or-literal] | - `src/modulePlacement.js` `validatePlacementAgainstModules` :571 [write] | - `src/modulePlacement.js` `validatePlacementAgainstModules` :587 [write-or-literal] | - `src/modulePlacement.js` `snapPlacementToModules` :822 [write] | - `src/modulePlacement.js` `if` :1312 [write] | - `src/modulePlacement.js` `if` :1579 [write-or-literal] | - `src/projectImportValidation.js` `isAllowedImportZipFile` :22 [write] | - `src/projectNaming.js` `buildAutomaticProjectNameSuffix` :6 [write] | - `src/projectNaming.js` `if` :61 [write] | - `src/projectNaming.js` `updatePreview` :84 [write] | - `src/viewCube.js` `createViewCube` :43 [write] | - `src/viewKeyboardShortcuts.js` `if` :16 [write-or-literal] | - `index.html` (dosya düzeyi) :53 [write]
state.videoWallCols,Runtime module state: videoWallCols,Runtime module state: videoWallCols. create*ModuleState çıktısı. Persist: modules[] blob.,runtime-state,string,yok / birimsiz,create*ModuleState çıktısı. Persist: modules[] blob.,runtime module state · src/designState.js · MODULE_STATE_FACTORIES / create*ModuleState,src/designState.js,Factory default: ilgili `create*ModuleState` Item/catalog ölçü veya media türevini kopyalar. Global state default yok.,Item/catalog ölçü → factory kopya → (nadiren) kullanıcı foam resize width/height → persist. normalizeModuleItemState tv/base/counter/flat-panel itemKey ve bazı ölçüleri yeniden yazar.,true,5,5,hayır,yok,Evet — `modules[]` nesnesinin parçası. `saveProject` şemasız put. Load `cloneProjectState`.,SYSTEM_INTERNAL,Factory `modules[]` state kopyası. Kullanıcı bu id'yi ayrı formda değiştirmez (ölçü/itemKey type kimliği). Placement ayrı `placement` alanındadır ve bu 188 sütunda yoktur.,hayır,dolaylı (şemasız project blob),validation yok (genel proje şeması yok).,true,doğrudan yok veya dolaylı (kanıt bölümü).,yok veya dolaylı değil.,yok.,- `src/catalog.js` `if` :186 [read] | - `src/moduleDragSidebar.js` `if` :272 [read] | - `test/wallMediaItemsContract.test.js` (dosya düzeyi) :26 [test] | - `test/wallMediaItemsContract.test.js` `for` :82 [test] | - `e2e/wall-media-items-contract.spec.mjs` `saveAndReadProject` :43 [test],- `src/items.js` `if` :473 [write-or-literal] | - `src/designState.js` `createTvModuleState` :613 [write-or-literal] | - `src/catalog.js` `if` :192 [write-or-literal] | - `src/scene3d.js` `createTvModule` :4828 [write]
state.videoWallRows,Runtime module state: videoWallRows,Runtime module state: videoWallRows. create*ModuleState çıktısı. Persist: modules[] blob.,runtime-state,string,yok / birimsiz,create*ModuleState çıktısı. Persist: modules[] blob.,runtime module state · src/designState.js · MODULE_STATE_FACTORIES / create*ModuleState,src/designState.js,Factory default: ilgili `create*ModuleState` Item/catalog ölçü veya media türevini kopyalar. Global state default yok.,Item/catalog ölçü → factory kopya → (nadiren) kullanıcı foam resize width/height → persist. normalizeModuleItemState tv/base/counter/flat-panel itemKey ve bazı ölçüleri yeniden yazar.,true,5,5,hayır,yok,Evet — `modules[]` nesnesinin parçası. `saveProject` şemasız put. Load `cloneProjectState`.,SYSTEM_INTERNAL,Factory `modules[]` state kopyası. Kullanıcı bu id'yi ayrı formda değiştirmez (ölçü/itemKey type kimliği). Placement ayrı `placement` alanındadır ve bu 188 sütunda yoktur.,hayır,dolaylı (şemasız project blob),validation yok (genel proje şeması yok).,true,doğrudan yok veya dolaylı (kanıt bölümü).,yok veya dolaylı değil.,yok.,- `src/catalog.js` `if` :186 [read] | - `src/moduleDragSidebar.js` `if` :272 [read] | - `test/wallMediaItemsContract.test.js` (dosya düzeyi) :25 [test] | - `test/wallMediaItemsContract.test.js` `for` :81 [test] | - `e2e/wall-media-items-contract.spec.mjs` `saveAndReadProject` :43 [test],- `src/items.js` `if` :472 [write-or-literal] | - `src/designState.js` `createTvModuleState` :612 [write-or-literal] | - `src/catalog.js` `if` :191 [write-or-literal] | - `src/scene3d.js` `createTvModule` :4827 [write]
state.visualRotationYDeg,Runtime module state: visualRotationYDeg,Runtime module state: visualRotationYDeg. create*ModuleState çıktısı. Persist: modules[] blob.,runtime-state,number (derece),derece,create*ModuleState çıktısı. Persist: modules[] blob.,runtime module state · src/designState.js · MODULE_STATE_FACTORIES / create*ModuleState,src/designState.js,Factory default: ilgili `create*ModuleState` Item/catalog ölçü veya media türevini kopyalar. Global state default yok.,Item/catalog ölçü → factory kopya → (nadiren) kullanıcı foam resize width/height → persist. normalizeModuleItemState tv/base/counter/flat-panel itemKey ve bazı ölçüleri yeniden yazar.,true,3,3,hayır,yok,Evet — `modules[]` nesnesinin parçası. `saveProject` şemasız put. Load `cloneProjectState`.,SYSTEM_INTERNAL,Factory `modules[]` state kopyası. Kullanıcı bu id'yi ayrı formda değiştirmez (ölçü/itemKey type kimliği). Placement ayrı `placement` alanındadır ve bu 188 sütunda yoktur.,hayır,dolaylı (şemasız project blob),validation yok (genel proje şeması yok).,true,"Model Y rotasyonu (çöp kutusu, koltuk).",yok veya dolaylı değil.,yok.,- `src/designState.js` `if` :411 [read] | - `test/commercialItemsContract.test.js` (dosya düzeyi) :65 [test] | - `test/furnitureItemsContract.test.js` (dosya düzeyi) :53 [test] | - `test/furnitureItemsContract.test.js` `if` :181 [test] | - `test/plasticTrashBinTopLabel.test.js` (dosya düzeyi) :17 [test] | - `test/sofaClassicPiecesContract.test.js` (dosya düzeyi) :30 [test],- `src/items.js` `COMMERCIAL_ITEMS` :139 [write-or-literal] | - `src/items.js` `FURNITURE_ITEMS` :176 [write-or-literal] | - `src/designState.js` `if` :412 [write] | - `src/designState.js` `createCommercialModuleState` :460 [write] | - `src/scene3d.js` `if` :5080 [write] | - `src/scene3d.js` `createSofaPieceClassicModule` :6379 [write-or-literal]
state.wallGapCm,Runtime module state: wallGapCm,Runtime module state: wallGapCm. create*ModuleState çıktısı. Persist: modules[] blob.,runtime-state,number,cm,create*ModuleState çıktısı. Persist: modules[] blob.,runtime module state · src/designState.js · MODULE_STATE_FACTORIES / create*ModuleState,src/designState.js,Factory default: ilgili `create*ModuleState` Item/catalog ölçü veya media türevini kopyalar. Global state default yok.,Item/catalog ölçü → factory kopya → (nadiren) kullanıcı foam resize width/height → persist. normalizeModuleItemState tv/base/counter/flat-panel itemKey ve bazı ölçüleri yeniden yazar.,true,1,1,hayır,yok,Evet — `modules[]` nesnesinin parçası. `saveProject` şemasız put. Load `cloneProjectState`.,SYSTEM_INTERNAL,Factory `modules[]` state kopyası. Kullanıcı bu id'yi ayrı formda değiştirmez (ölçü/itemKey type kimliği). Placement ayrı `placement` alanındadır ve bu 188 sütunda yoktur.,hayır,dolaylı (şemasız project blob),validation yok (genel proje şeması yok).,true,doğrudan yok veya dolaylı (kanıt bölümü).,yok veya dolaylı değil.,yok.,- `test/illuminatedFoamModule.test.js` (dosya düzeyi) :17 [test] | - `test/lightingItemsContract.test.js` (dosya düzeyi) :81 [test] | - `e2e/f028-reset-features.spec.mjs` `seedIlluminatedFoam` :46 [test],- `src/items.js` `NON_CATALOG_ITEMS` :281 [write-or-literal] | - `src/designState.js` `createIlluminatedFoamModuleState` :585 [write-or-literal] | - `src/scene3d.js` `createIlluminatedFoamModule` :4708 [write]
state.widthCm,Runtime module state: widthCm,Runtime module state: widthCm. create*ModuleState çıktısı. Persist: modules[] blob.,runtime-state,number,cm,create*ModuleState çıktısı. Persist: modules[] blob.,runtime module state · src/designState.js · MODULE_STATE_FACTORIES / create*ModuleState,src/designState.js,Factory: Item dimensions kopyası. Foam: kullanıcı `resize-foam` ezer; `Math.max` alt sınır factory içinde.,Item/catalog ölçü → factory kopya → (nadiren) kullanıcı foam resize width/height → persist. normalizeModuleItemState tv/base/counter/flat-panel itemKey ve bazı ölçüleri yeniden yazar.,true,65,65,koşullu,"Yalnız illuminated-foam `resize-foam`. Diğer type'larda factory kopyası, kullanıcı değiştirmez.",Evet — `modules[]` nesnesinin parçası. `saveProject` şemasız put. Load `cloneProjectState`.,ITEM_EDITABLE,"Factory default yazar; kullanıcı yüzey rengi/görsel/cam/kumaş, raf ışığı, strafor boyut/hale veya zemin rengi ile ezer. `saveProject` module/stand blob içinde kalır.",evet,evet — modules[] / ilgili persist blob,validation yok (genel proje şeması yok).,true,Mesh ölçeği / proxy kutu boyutu (type renderer).,"Etkiler: snap, collision, side insert, short-up joint, L rotasyon, overlay mount. Ayrıntı `src/modulePlacement.js` + `getModuleBehavior`.",yok.,- `src/items.js` `getFloorSelectLabel` :341 [read] | - `src/items.js` `isGridTileFloorItem` :354 [read] | - `src/items.js` `isCarpetFloorItem` :362 [read] | - `src/items.js` `INDOOR_PLANT_ITEMS` :420 [read] | - `src/designState.js` `separatorDefaultColor` :20 [read] | - `src/designState.js` `resolveFlatPanelItemKey` :85 [read] | - `src/designState.js` `createFlatPanelModuleState` :94 [read] | - `src/designState.js` `resolveSeparatorItemKey` :121 [read] | - `src/designState.js` `if` :145 [read] | - `src/designState.js` `createSeparatorModuleState` :158 [read] | - `src/designState.js` `createShowcaseModuleState` :172 [read] | - `src/designState.js` `resolveShelfItemKey` :199 [read] | - `src/designState.js` `createShelfModuleState` :232 [read] | - `src/designState.js` `createDoorModuleState` :245 [read] | - `src/designState.js` `resolveCounterItemKey` :274 [read] | - `src/designState.js` `resolveBaseWallItemKey` :324 [read] | - `src/designState.js` `createBaseWallModuleState` :333 [read] | - `src/designState.js` `resolveBaseItemKey` :364 [read] | - `src/designState.js` `createBaseModuleState` :373 [read] | - `src/designState.js` `createProfileModuleState` :501 [read] | - `src/catalog.js` `COUNTER_DIMENSIONS` :19 [read] | - `src/catalog.js` `BASE_DIMENSIONS` :29 [read] | - `src/catalog.js` `createProfileCatalogItem` :91 [read] | - `src/catalog.js` `resolveItemKey` :511 [read] | - `src/catalog.js` `if` :513 [read] | - `src/catalog.js` `flatPanelKey` :543 [read] | - `src/moduleBehavior.js` `if` :238 [read] | - `src/scene3d.js` `applyPlacementToGroup` :1388 [read] | - `src/scene3d.js` `if` :1578 [read] | - `src/scene3d.js` `createFallbackPlacementGhost` :1972 [read] | - `src/scene3d.js` `snapTopFixturePlacement` :2123 [read] | - `src/scene3d.js` `rotateSelectedModule` :2247 [read] | - `src/scene3d.js` `snap20` :2827 [read] | - `src/scene3d.js` `createMiniFridgeModule` :5008 [read] | - `src/scene3d.js` `createCoatRackModule` :5237 [read] | - `src/scene3d.js` `createKettleModule` :5402 [read] | - `src/scene3d.js` `createLedFloodlightModule` :5466 [read] | - `src/scene3d.js` `for` :5655 [read] | - `src/main.js` `deleteContextModule` :350 [read] | - `src/main.js` `if` :479 [read] | - `src/main.js` `finish` :1634 [read] | - `src/autoDepot.js` `fixture` :23 [read] | - `src/autoDepot.js` `addFront` :30 [read] | - `src/autoDepot.js` `if` :31 [read] | - `src/automaticWall.js` `if` :68 [read] | - `src/automaticWall.js` `for` :108 [read] | - `src/moduleDragSidebar.js` `previewWidthPx` :116 [read] | - `src/moduleMove.js` `if` :31 [read] | - `src/moduleMove.js` `findInsertionTarget` :117 [read] | - `src/modulePlacement.js` `getPlacementCenterCm` :102 [read] | - `src/modulePlacement.js` `getRotatedHalfExtentsCm` :127 [read] | - `src/modulePlacement.js` `getPlacementInterval` :201 [read] | - `src/modulePlacement.js` `createLocalSegment` :298 [read] | - `src/modulePlacement.js` `getWallUsedCm` :327 [read] | - `src/modulePlacement.js` `validateModulePlacement` :342 [read] | - `src/modulePlacement.js` `validatePlacementAgainstModules` :559 [read] | - `src/modulePlacement.js` `getPlacementCenter` :610 [read] | - `src/modulePlacement.js` `createEndpointConnectionPlacement` :686 [read] | - `src/modulePlacement.js` `snapUprightToShortUpJoints` :710 [read] | - `src/modulePlacement.js` `snapPlacementToModules` :811 [read] | - `src/modulePlacement.js` `createFreePlacement` :1257 [read] | - `src/modulePlacement.js` `snapPlacementToStand` :1343 [read] | - `src/rawBomDebug.js` `parseLCounterSelection` :16 [read] | - `src/rawBomDebug.js` `if` :117 [read] | - `src/selectionFeedback.js` `if` :27 [read] | - `src/wallReflow.js` `if` :57 [read] | - `src/wallReflow.js` `createPlacement` :65 [read] | - `src/wallReflow.js` `findNextPlacement` :95 [read] | - `src/wallReflow.js` `findPreviousPlacement` :115 [read] | - `src/wallReflow.js` `for` :124 [read] | - `test/autoDepotOrientation.test.js` `sideWalls` :6 [test] | - `test/barStool2.test.js` (dosya düzeyi) :11 [test] | - `test/baseItemsContract.test.js` (dosya düzeyi) :20 [test] | - `test/baseModule.test.js` (dosya düzeyi) :24 [test] | - `test/baseModule.test.js` `for` :48 [test] | - `test/baseRecipes.test.js` (dosya düzeyi) :9 [test] | - `test/baseRenderStyle.test.js` (dosya düzeyi) :20 [test] | - `test/baseTopsItemContract.test.js` (dosya düzeyi) :14 [test] | - `test/baseWallRecipes.test.js` `for` :36 [test] | - `test/catalogSingleSource.test.js` (dosya düzeyi) :30 [test] | - `test/chairEamesContract.test.js` (dosya düzeyi) :16 [test] | - `test/coatRackModule.test.js` (dosya düzeyi) :15 [test] | - `test/commercialItemsContract.test.js` (dosya düzeyi) :25 [test] | - `test/cornerPanelsItemContract.test.js` (dosya düzeyi) :16 [test] | - `test/counterModule.test.js` `for` :13 [test] | - `test/counterRecipes.test.js` (dosya düzeyi) :9 [test] | - `test/counterTopsItemContract.test.js` (dosya düzeyi) :8 [test] | - `test/depotBackWallRecipe.test.js` (dosya düzeyi) :11 [test] | - `test/depotFreeDragSnap.test.js` `for` :9 [test] | - `test/depotFrontRecipe.test.js` `for` :15 [test] | - `test/designState.test.js` (dosya düzeyi) :24 [test] | - `test/deskBankoItemsContract.test.js` (dosya düzeyi) :26 [test] | - `test/deskBankoItemsContract.test.js` `if` :97 [test] | - `test/doorCompositeItemContract.test.js` (dosya düzeyi) :39 [test] | - `test/doorLeafItemContract.test.js` (dosya düzeyi) :17 [test] | - … test/e2e ek 81 eşleşme (src listesi tam).,- `src/items.js` `LEAF_ITEMS` :12 [define] | - `src/items.js` `COMMERCIAL_ITEMS` :122 [define] | - `src/items.js` `FURNITURE_ITEMS` :155 [write-or-literal] | - `src/items.js` (dosya düzeyi) :230 [write-or-literal] | - `src/items.js` `TOP_LIGHT_ITEMS` :259 [write-or-literal] | - `src/items.js` `NON_CATALOG_ITEMS` :278 [write-or-literal] | - `src/items.js` `FLOOR_ITEMS` :292 [define] | - `src/items.js` `getFloorSelectLabel` :339 [write] | - `src/items.js` `INDOOR_PLANT_ITEMS` :384 [define] | - `src/items.js` `WALL_MEDIA_ITEMS` :426 [write-or-literal] | - `src/items.js` `if` :468 [write-or-literal] | - `src/items.js` `COMPOSITE_ITEMS` :499 [define] | - `src/items.js` (dosya düzeyi) :582 [define] | - `src/designState.js` `resolveFlatPanelItemKey` :87 [write] | - `src/designState.js` `createFlatPanelModuleState` :95 [write] | - `src/designState.js` `resolveSeparatorItemKey` :120 [write] | - `src/designState.js` `resolveSeparatorItemKey` :126 [write-or-literal] | - `src/designState.js` `if` :138 [write-or-literal] | - `src/designState.js` `createSeparatorModuleState` :148 [write] | - `src/designState.js` `createSeparatorModuleState` :162 [write-or-literal] | - `src/designState.js` `createShowcaseModuleState` :167 [write] | - `src/designState.js` `createShowcaseModuleState` :179 [write-or-literal] | - `src/designState.js` `resolveShelfItemKey` :198 [write] | - `src/designState.js` `resolveShelfItemKey` :204 [write-or-literal] | - `src/designState.js` `createShelfModuleState` :221 [write] | - `src/designState.js` `createDoorModuleState` :242 [write] | - `src/designState.js` `createDoorModuleState` :253 [write-or-literal] | - `src/designState.js` `resolveCounterItemKey` :273 [write] | - `src/designState.js` `createCounterModuleState` :288 [write] | - `src/designState.js` `resolveBaseWallItemKey` :326 [write] | - `src/designState.js` `createBaseWallModuleState` :334 [write] | - `src/designState.js` `resolveBaseItemKey` :366 [write] | - `src/designState.js` `createBaseModuleState` :374 [write] | - `src/designState.js` `createFurnitureModuleState` :401 [write-or-literal] | - `src/designState.js` `createUprightModuleState` :485 [write-or-literal] | - `src/designState.js` `createProfileModuleState` :495 [write] | - `src/designState.js` `modelFile` :524 [write-or-literal] | - `src/catalog.js` `createFlatPanelCatalogItem` :62 [write-or-literal] | - `src/catalog.js` `createUprightCatalogItem` :77 [write-or-literal] | - `src/catalog.js` `createProfileCatalogItem` :87 [write] | - `src/catalog.js` `createBaseWallCatalogItem` :103 [write-or-literal] | - `src/catalog.js` `createSeparatorCatalogItem` :115 [write-or-literal] | - `src/catalog.js` `createShelfCatalogItem` :127 [write-or-literal] | - `src/catalog.js` `createWallMediaCatalogItem` :178 [write-or-literal] | - `src/catalog.js` `TV_42_DIMENSIONS` :200 [write-or-literal] | - `src/catalog.js` `LED_FLOODLIGHT_DIMENSIONS` :209 [write-or-literal] | - `src/catalog.js` `createTopLightCatalogItem` :220 [write-or-literal] | - `src/catalog.js` `createIndoorPlantCatalogItem` :237 [write-or-literal] | - `src/catalog.js` `createFurnitureCatalogItem` :253 [write-or-literal] | - `src/catalog.js` `MODULE_CATALOG` :282 [write-or-literal] | - `src/catalog.js` `normalizeCatalogDescriptor` :487 [write-or-literal] | - `src/scene3d.js` `createFloorPattern` :563 [write] | - `src/scene3d.js` `createStage` :770 [write] | - `src/scene3d.js` `createStage` :809 [write-or-literal] | - `src/scene3d.js` `ensureModuleSelectionFrame` :976 [write] | - `src/scene3d.js` `getSurfaceSelectionPlaneMeta` :1124 [write] | - `src/scene3d.js` `getSurfaceSelectionPlaneMeta` :1133 [write-or-literal] | - `src/scene3d.js` `applyPlacementToGroup` :1390 [write] | - `src/scene3d.js` `buildWall` :1541 [write] | - `src/scene3d.js` `if` :1556 [write] | - `src/scene3d.js` `if` :1735 [write-or-literal] | - `src/scene3d.js` `pickModuleContext` :1808 [write-or-literal] | - `src/scene3d.js` `createFallbackPlacementGhost` :1988 [write-or-literal] | - `src/scene3d.js` `snapTopFixturePlacement` :2131 [write] | - `src/scene3d.js` `inferWallIdForRotation` :2173 [write] | - `src/scene3d.js` `rotateSelectedModule` :2261 [write-or-literal] | - `src/scene3d.js` `getFreeTvPlacement` :2301 [write-or-literal] | - `src/scene3d.js` `snap20` :2813 [write] | - `src/scene3d.js` `createIlluminatedFoamModule` :4705 [write] | - `src/scene3d.js` `createTvModule` :4845 [write] | - `src/scene3d.js` `createMiniFridgeModule` :4996 [write] | - `src/scene3d.js` `createIndoorPlantModule` :5066 [write] | - `src/scene3d.js` `createCoatRackModule` :5227 [write] | - `src/scene3d.js` `createUprightModule` :5293 [write] | - `src/scene3d.js` `createUprightModule` :5308 [write-or-literal] | - `src/scene3d.js` `createProfileModule` :5342 [write] | - `src/scene3d.js` `createProfileModule` :5358 [write-or-literal] | - `src/scene3d.js` `createKettleModule` :5392 [write] | - `src/scene3d.js` `createLedFloodlightModule` :5457 [write] | - `src/scene3d.js` `createBarStoolModule` :5669 [write] | - `src/main.js` `duplicateContextModule` :475 [write] | - `src/main.js` `getContinuousModulePathStartCm` :541 [write] | - `src/main.js` `if` :549 [write] | - `src/main.js` `for` :675 [write-or-literal] | - `src/main.js` `for` :691 [write] | - `src/main.js` `resizeContextIlluminatedFoam` :876 [write] | - `src/main.js` `rebuildSceneFromSetup` :1045 [write-or-literal] | - `src/main.js` `if` :1089 [write-or-literal] | - `src/main.js` `finish` :1631 [write] | - `src/main.js` `onKeyDown` :1710 [write] | - `src/autoDepot.js` `AUTO_DEPOT_SIZES` :5 [write-or-literal] | - `src/autoDepot.js` `wall` :14 [write] | - `src/autoDepot.js` `wall` :15 [write-or-literal] | - `src/autoDepot.js` `door` :18 [write-or-literal] | - `src/autoDepot.js` `fixture` :20 [write] | - `src/autoDepot.js` `planAutomaticDepot` :54 [write-or-literal] | - `src/autoDepot.js` `if` :61 [write] | - `src/autoDepot.js` `if` :127 [write-or-literal] | - `src/automaticWall.js` `if` :66 [write] | - `src/automaticWall.js` `if` :102 [write-or-literal] | - `src/automaticWall.js` `for` :109 [write-or-literal] | - `src/automaticWall.js` `for` :110 [write] | - `src/moduleDragSidebar.js` `previewWidthPx` :117 [write] | - `src/moduleDragSidebar.js` `if` :130 [write] | - `src/moduleMove.js` `placementToPathStart` :11 [write] | - `src/moduleMove.js` `if` :19 [write] | - `src/moduleMove.js` `findInsertionTarget` :108 [write] | - `src/moduleMove.js` `if` :181 [write-or-literal] | - `src/modulePlacement.js` `rotateModulePlacementAroundCenter` :76 [write] | - `src/modulePlacement.js` `rotateModulePlacementAroundCenter` :87 [write-or-literal] | - `src/modulePlacement.js` `getPlacementCenterCm` :104 [write] | - `src/modulePlacement.js` `placementFromCenterCm` :115 [write] | - `src/modulePlacement.js` `getRotatedHalfExtentsCm` :128 [write] | - `src/modulePlacement.js` `getPlacementInterval` :209 [write-or-literal] | - `src/modulePlacement.js` `getGroundSegment` :215 [write] | - `src/modulePlacement.js` `getGroundSegment` :228 [write-or-literal] | - `src/modulePlacement.js` `getLCounterCollisionSegments` :269 [write] | - `src/modulePlacement.js` `getWallExtentCm` :335 [write] | - `src/modulePlacement.js` `validateModulePlacement` :350 [write] | - `src/modulePlacement.js` `getOrientedFootprint` :490 [write] | - `src/modulePlacement.js` `validatePlacementAgainstModules` :571 [write] | - `src/modulePlacement.js` `getPlacementCenter` :611 [write] | - `src/modulePlacement.js` `createEndpointConnectionPlacement` :692 [write] | - `src/modulePlacement.js` `snapUprightToShortUpJoints` :720 [write] | - `src/modulePlacement.js` `snapUprightToShortUpJoints` :748 [write-or-literal] | - `src/modulePlacement.js` `snapPlacementToModules` :822 [write] | - `src/modulePlacement.js` `snapPlacementToModules` :861 [write-or-literal] | - `src/modulePlacement.js` `addCandidate` :892 [write-or-literal] | - `src/modulePlacement.js` `if` :931 [write-or-literal] | - `src/modulePlacement.js` `faceGapCm` :1073 [write] | - `src/modulePlacement.js` `touchesTargetFace` :1181 [write] | - `src/modulePlacement.js` `createFreePlacement` :1266 [write] | - `src/modulePlacement.js` `createFreePlacement` :1283 [write-or-literal] | - `src/modulePlacement.js` `snapPlacementToStand` :1353 [write] | - `src/modulePlacement.js` `snapPlacementToStand` :1371 [write-or-literal] | - `src/rawBomDebug.js` `parseLCounterSelection` :14 [write] | - `src/rawBomDebug.js` `parseLCounterSelection` :21 [write-or-literal] | - `src/rawBomDebug.js` `renderRecipe` :55 [write] | - `src/rawBomDebug.js` `if` :115 [write] | - `src/selectionFeedback.js` `if` :18 [write] | - `src/selectionFeedback.js` `if` :56 [write-or-literal] | - `src/standStandardsCopy.js` `getStandStandardsFacts` :21 [write] | - `src/wallReflow.js` `placementToPathStart` :37 [write] | - `src/wallReflow.js` `if` :45 [write] | - `src/wallReflow.js` `if` :69 [write-or-literal] | - `src/wallReflow.js` `for` :126 [write]
bom.ok,resolveItemBom başarısı,resolveItemBom başarısı. Audit: `resolveItemBom` throw etmedi. Furniture/floor/foam unit yok → false.,bom,boolean,yok / birimsiz,Audit: `resolveItemBom` throw etmedi. Furniture/floor/foam unit yok → false.,BOM/recipe · src/itemBom.js + src/moduleRecipes.js · resolveItemBom / getExpandedModuleRecipe,src/itemBom.js + src/moduleRecipes.js,Audit/çözümleyici sütunu. Runtime default değeri yok; canlı fonksiyondan türetilir veya tarama sonucudur.,Override yok (analiz/audit sütunu).,true,70,104,hayır,yok,Runtime-only / derived audit. Ayrı persist alanı yok.,DERIVED,Bu sütun runtime Item alanı değil; audit/çözümleyici görünümüdür veya başka alandan türetilir. Kullanıcı bu id ile form alanı görmez.,hayır,hayır — türetilmiş / audit sütunu,validation yok (tablo/audit).,true,doğrudan yok veya dolaylı (kanıt bölümü).,yok veya dolaylı değil.,Etkiler: `resolveItemBom` / recipe items / inner-corner variant. Miktar uydurulmaz; recipe satırı kanoniktir.,- `src/rawBomDebug.js` (dosya düzeyi) :1 [read] | - `test/commercialItemsContract.test.js` (dosya düzeyi) :4 [test] | - `test/doorCompositeItemContract.test.js` (dosya düzeyi) :7 [test] | - `test/profileFieldPlacement.test.js` (dosya düzeyi) :6 [test] | - `test/profileFieldPlacement.test.js` `for` :33 [test] | - `test/showcaseBodyBoardsItemContract.test.js` (dosya düzeyi) :5 [test] | - `test/showcaseBodyBoardsItemContract.test.js` `for` :43 [test] | - `test/uprightFieldPlacement.test.js` (dosya düzeyi) :6 [test] | - `test/uprightFieldPlacement.test.js` `for` :45 [test] | - `test/wallShowcaseItemContract.test.js` (dosya düzeyi) :7 [test] | - `test/wallShowcaseItemContract.test.js` `for` :44 [test],- `src/itemBom.js` `resolveItemBom` :61 [write] | - `src/rawBomDebug.js` `renderItemBom` :83 [write]
bom.error,resolveItemBom hata metni,resolveItemBom hata metni. `resolveItemBom` sonuç/hata sütunu (audit).,bom,string,yok / birimsiz,`resolveItemBom` sonuç/hata sütunu (audit).,BOM/recipe · src/itemBom.js + src/moduleRecipes.js · resolveItemBom / getExpandedModuleRecipe,src/itemBom.js + src/moduleRecipes.js,Audit/çözümleyici sütunu. Runtime default değeri yok; canlı fonksiyondan türetilir veya tarama sonucudur.,Override yok (analiz/audit sütunu).,true,24,24,hayır,yok,Runtime-only / derived audit. Ayrı persist alanı yok.,DERIVED,Bu sütun runtime Item alanı değil; audit/çözümleyici görünümüdür veya başka alandan türetilir. Kullanıcı bu id ile form alanı görmez.,hayır,hayır — türetilmiş / audit sütunu,validation yok (tablo/audit).,true,doğrudan yok veya dolaylı (kanıt bölümü).,yok veya dolaylı değil.,Etkiler: `resolveItemBom` / recipe items / inner-corner variant. Miktar uydurulmaz; recipe satırı kanoniktir.,- `src/rawBomDebug.js` (dosya düzeyi) :1 [read] | - `test/commercialItemsContract.test.js` (dosya düzeyi) :4 [test] | - `test/doorCompositeItemContract.test.js` (dosya düzeyi) :7 [test] | - `test/profileFieldPlacement.test.js` (dosya düzeyi) :6 [test] | - `test/profileFieldPlacement.test.js` `for` :33 [test] | - `test/showcaseBodyBoardsItemContract.test.js` (dosya düzeyi) :5 [test] | - `test/showcaseBodyBoardsItemContract.test.js` `for` :43 [test] | - `test/uprightFieldPlacement.test.js` (dosya düzeyi) :6 [test] | - `test/uprightFieldPlacement.test.js` `for` :45 [test] | - `test/wallShowcaseItemContract.test.js` (dosya düzeyi) :7 [test] | - `test/wallShowcaseItemContract.test.js` `for` :44 [test],- `src/itemBom.js` `if` :39 [write-or-literal] | - `src/itemBom.js` `resolveItemBom` :61 [write] | - `src/rawBomDebug.js` `renderItemBom` :83 [write]
bom.lineCount,BOM satır adedi,BOM satır adedi. `resolveItemBom` sonuç/hata sütunu (audit).,bom,number,yok / birimsiz,`resolveItemBom` sonuç/hata sütunu (audit).,BOM/recipe · src/itemBom.js + src/moduleRecipes.js · resolveItemBom / getExpandedModuleRecipe,src/itemBom.js + src/moduleRecipes.js,Audit/çözümleyici sütunu. Runtime default değeri yok; canlı fonksiyondan türetilir veya tarama sonucudur.,Override yok (analiz/audit sütunu).,true,46,80,hayır,yok,Runtime-only / derived audit. Ayrı persist alanı yok.,DERIVED,Bu sütun runtime Item alanı değil; audit/çözümleyici görünümüdür veya başka alandan türetilir. Kullanıcı bu id ile form alanı görmez.,hayır,hayır — türetilmiş / audit sütunu,validation yok (tablo/audit).,true,doğrudan yok veya dolaylı (kanıt bölümü).,yok veya dolaylı değil.,Etkiler: `resolveItemBom` / recipe items / inner-corner variant. Miktar uydurulmaz; recipe satırı kanoniktir.,- `src/rawBomDebug.js` (dosya düzeyi) :1 [read] | - `test/commercialItemsContract.test.js` (dosya düzeyi) :4 [test] | - `test/doorCompositeItemContract.test.js` (dosya düzeyi) :7 [test] | - `test/profileFieldPlacement.test.js` (dosya düzeyi) :6 [test] | - `test/profileFieldPlacement.test.js` `for` :33 [test] | - `test/showcaseBodyBoardsItemContract.test.js` (dosya düzeyi) :5 [test] | - `test/showcaseBodyBoardsItemContract.test.js` `for` :43 [test] | - `test/uprightFieldPlacement.test.js` (dosya düzeyi) :6 [test] | - `test/uprightFieldPlacement.test.js` `for` :45 [test] | - `test/wallShowcaseItemContract.test.js` (dosya düzeyi) :7 [test] | - `test/wallShowcaseItemContract.test.js` `for` :44 [test],- `src/itemBom.js` `resolveItemBom` :61 [write] | - `src/rawBomDebug.js` `renderItemBom` :83 [write]
bom.lines,BOM satırları (itemKey×qty unit),BOM satırları (itemKey×qty unit). `resolveItemBom` sonuç/hata sütunu (audit).,bom,string,yok / birimsiz,`resolveItemBom` sonuç/hata sütunu (audit).,BOM/recipe · src/itemBom.js + src/moduleRecipes.js · resolveItemBom / getExpandedModuleRecipe,src/itemBom.js + src/moduleRecipes.js,Audit/çözümleyici sütunu. Runtime default değeri yok; canlı fonksiyondan türetilir veya tarama sonucudur.,Override yok (analiz/audit sütunu).,true,46,80,hayır,yok,Runtime-only / derived audit. Ayrı persist alanı yok.,DERIVED,Bu sütun runtime Item alanı değil; audit/çözümleyici görünümüdür veya başka alandan türetilir. Kullanıcı bu id ile form alanı görmez.,hayır,hayır — türetilmiş / audit sütunu,validation yok (tablo/audit).,true,doğrudan yok veya dolaylı (kanıt bölümü).,yok veya dolaylı değil.,Etkiler: `resolveItemBom` / recipe items / inner-corner variant. Miktar uydurulmaz; recipe satırı kanoniktir.,- `src/rawBomDebug.js` (dosya düzeyi) :1 [read] | - `test/commercialItemsContract.test.js` (dosya düzeyi) :4 [test] | - `test/doorCompositeItemContract.test.js` (dosya düzeyi) :7 [test] | - `test/profileFieldPlacement.test.js` (dosya düzeyi) :6 [test] | - `test/profileFieldPlacement.test.js` `for` :33 [test] | - `test/showcaseBodyBoardsItemContract.test.js` (dosya düzeyi) :5 [test] | - `test/showcaseBodyBoardsItemContract.test.js` `for` :43 [test] | - `test/uprightFieldPlacement.test.js` (dosya düzeyi) :6 [test] | - `test/uprightFieldPlacement.test.js` `for` :45 [test] | - `test/wallShowcaseItemContract.test.js` (dosya düzeyi) :7 [test] | - `test/wallShowcaseItemContract.test.js` `for` :44 [test],- `src/itemBom.js` `resolveItemBom` :61 [write] | - `src/rawBomDebug.js` `renderItemBom` :83 [write]
recipe.id,recipeId,recipeId. Parent composition recipe üstverisi.,bom-recipe,string,yok / birimsiz,Parent composition recipe üstverisi.,BOM/recipe · src/itemBom.js + src/moduleRecipes.js · resolveItemBom / getExpandedModuleRecipe,src/itemBom.js + src/moduleRecipes.js,Audit/çözümleyici sütunu. Runtime default değeri yok; canlı fonksiyondan türetilir veya tarama sonucudur.,Bu özellik için ayrı runtime ezme katmanı yok; değer owner katmanındaki tablodan/kayıttan gelir.,true,37,37,hayır,yok,Kod recipe tablosu. Persist yok.,DERIVED,Bu sütun runtime Item alanı değil; audit/çözümleyici görünümüdür veya başka alandan türetilir. Kullanıcı bu id ile form alanı görmez.,hayır,hayır — türetilmiş / audit sütunu,validation yok (genel proje şeması yok).,true,doğrudan yok veya dolaylı (kanıt bölümü).,yok veya dolaylı değil.,Etkiler: `resolveItemBom` / recipe items / inner-corner variant. Miktar uydurulmaz; recipe satırı kanoniktir.,- `src/itemBom.js` `if` :51 [read] | - `src/moduleRecipes.js` `for` :213 [read] | - `src/moduleRecipes.js` `if` :220 [read] | - `test/baseTopsItemContract.test.js` `for` :53 [test] | - `test/cornerPanelsItemContract.test.js` `for` :79 [test] | - `test/counterTopsItemContract.test.js` `for` :44 [test] | - `test/lCounter150Contract.test.js` (dosya düzeyi) :36 [test] | - `test/lCounter200Contract.test.js` (dosya düzeyi) :36 [test] | - `test/moduleRecipes.test.js` `if` :138 [test] | - `test/panel197ItemContract.test.js` `for` :37 [test] | - `test/panelCorner192ItemContract.test.js` `for` :38 [test] | - `test/profile190ItemContract.test.js` `for` :40 [test] | - `test/profilesItemContract.test.js` `for` :87 [test] | - `test/rawBomSelectionParser.test.js` `for` :28 [test] | - `test/separatorPanelsItemContract.test.js` `for` :52 [test] | - `test/shelfItemsItemContract.test.js` `for` :42 [test] | - `test/shelfLegItemContract.test.js` `for` :25 [test] | - `test/straightPanelsItemContract.test.js` `for` :77 [test],- `src/moduleRecipes.js` (dosya düzeyi) :4 [write-or-literal] | - `src/moduleRecipes.js` `applyVariantItemReplacements` :206 [write]
recipe.moduleType,Recipe moduleType,Recipe moduleType. Parent composition recipe üstverisi.,bom-recipe,string,yok / birimsiz,Parent composition recipe üstverisi.,BOM/recipe · src/itemBom.js + src/moduleRecipes.js · resolveItemBom / getExpandedModuleRecipe,src/itemBom.js + src/moduleRecipes.js,Audit/çözümleyici sütunu. Runtime default değeri yok; canlı fonksiyondan türetilir veya tarama sonucudur.,Bu özellik için ayrı runtime ezme katmanı yok; değer owner katmanındaki tablodan/kayıttan gelir.,true,37,37,hayır,yok,Kod recipe tablosu. Persist yok.,DERIVED,Bu sütun runtime Item alanı değil; audit/çözümleyici görünümüdür veya başka alandan türetilir. Kullanıcı bu id ile form alanı görmez.,hayır,hayır — türetilmiş / audit sütunu,validation yok (genel proje şeması yok).,true,doğrudan yok veya dolaylı (kanıt bölümü).,yok veya dolaylı değil.,Etkiler: `resolveItemBom` / recipe items / inner-corner variant. Miktar uydurulmaz; recipe satırı kanoniktir.,- `src/itemBom.js` `resolveRecipe` :22 [read] | - `src/moduleRecipes.js` `getExpandedModuleRecipe` :278 [read] | - `test/baseItemsContract.test.js` (dosya düzeyi) :14 [test] | - `test/baseItemsContract.test.js` `for` :117 [test] | - `test/baseRecipes.test.js` (dosya düzeyi) :5 [test] | - `test/baseTopsItemContract.test.js` (dosya düzeyi) :7 [test] | - `test/baseTopsItemContract.test.js` `for` :50 [test] | - `test/baseWallRecipes.test.js` (dosya düzeyi) :3 [test] | - `test/cornerPanelsItemContract.test.js` (dosya düzeyi) :7 [test] | - `test/cornerPanelsItemContract.test.js` `for` :77 [test] | - `test/counterRecipes.test.js` (dosya düzeyi) :5 [test] | - `test/counterTopsItemContract.test.js` (dosya düzeyi) :5 [test] | - `test/doorCompositeItemContract.test.js` (dosya düzeyi) :11 [test] | - `test/doorLeafItemContract.test.js` (dosya düzeyi) :7 [test] | - `test/glassShelfItemContract.test.js` (dosya düzeyi) :6 [test] | - `test/glassShelfItemContract.test.js` `for` :34 [test] | - `test/lCounter150Contract.test.js` (dosya düzeyi) :6 [test] | - `test/lCounter200Contract.test.js` (dosya düzeyi) :6 [test] | - `test/moduleRecipes.test.js` (dosya düzeyi) :8 [test] | - `test/panel197ItemContract.test.js` (dosya düzeyi) :5 [test] | - `test/panel197ItemContract.test.js` `for` :34 [test] | - `test/panelCorner192ItemContract.test.js` (dosya düzeyi) :7 [test] | - `test/panelCorner192ItemContract.test.js` `for` :36 [test] | - `test/profile190ItemContract.test.js` (dosya düzeyi) :8 [test] | - `test/profilesItemContract.test.js` (dosya düzeyi) :7 [test] | - `test/profilesItemContract.test.js` `for` :84 [test] | - `test/separatorPanelsItemContract.test.js` (dosya düzeyi) :5 [test] | - … test/e2e ek 21 eşleşme (src listesi tam).,- `src/moduleRecipes.js` `getModuleRecipe` :194 [write]
recipe.connectionMode,Recipe connectionMode,Recipe connectionMode. Parent composition recipe üstverisi.,bom-recipe,string,yok / birimsiz,Parent composition recipe üstverisi.,BOM/recipe · src/itemBom.js + src/moduleRecipes.js · resolveItemBom / getExpandedModuleRecipe,src/itemBom.js + src/moduleRecipes.js,Audit/çözümleyici sütunu. Runtime default değeri yok; canlı fonksiyondan türetilir veya tarama sonucudur.,Bu özellik için ayrı runtime ezme katmanı yok; değer owner katmanındaki tablodan/kayıttan gelir.,true,28,28,hayır,yok,Kod recipe tablosu. Persist yok.,DERIVED,Bu sütun runtime Item alanı değil; audit/çözümleyici görünümüdür veya başka alandan türetilir. Kullanıcı bu id ile form alanı görmez.,hayır,hayır — türetilmiş / audit sütunu,validation yok (genel proje şeması yok).,true,doğrudan yok veya dolaylı (kanıt bölümü).,yok veya dolaylı değil.,Etkiler: `resolveItemBom` / recipe items / inner-corner variant. Miktar uydurulmaz; recipe satırı kanoniktir.,- `src/moduleRecipes.js` (dosya düzeyi) :4 [write-or-literal],- `src/moduleRecipes.js` (dosya düzeyi) :4 [write-or-literal]
recipe.innerCornerPanelItemKey,İç köşe panel replacement anahtarı,İç köşe panel replacement anahtarı. Parent composition recipe üstverisi.,bom-recipe,string,yok / birimsiz,Parent composition recipe üstverisi.,BOM/recipe · src/itemBom.js + src/moduleRecipes.js · resolveItemBom / getExpandedModuleRecipe,src/itemBom.js + src/moduleRecipes.js,Audit/çözümleyici sütunu. Runtime default değeri yok; canlı fonksiyondan türetilir veya tarama sonucudur.,Bu özellik için ayrı runtime ezme katmanı yok; değer owner katmanındaki tablodan/kayıttan gelir.,true,24,24,hayır,yok,Kod recipe tablosu. Persist yok.,DERIVED,Bu sütun runtime Item alanı değil; audit/çözümleyici görünümüdür veya başka alandan türetilir. Kullanıcı bu id ile form alanı görmez.,hayır,hayır — türetilmiş / audit sütunu,validation yok (genel proje şeması yok).,true,doğrudan yok veya dolaylı (kanıt bölümü).,yok veya dolaylı değil.,Etkiler: `resolveItemBom` / recipe items / inner-corner variant. Miktar uydurulmaz; recipe satırı kanoniktir.,- `src/moduleRecipes.js` `getRecipeInnerCornerPanelKey` :203 [read] | - `test/cornerPanelsItemContract.test.js` `for` :79 [test] | - `test/panel197ItemContract.test.js` `for` :64 [test] | - `test/panelCorner192ItemContract.test.js` `for` :38 [test] | - `test/showcaseRecipes.test.js` (dosya düzeyi) :26 [test] | - `test/straightPanelsItemContract.test.js` `for` :111 [test] | - `test/wallBaseItemsContract.test.js` (dosya düzeyi) :119 [test] | - `test/wallFlatPanelItemsContract.test.js` (dosya düzeyi) :97 [test] | - `test/wallShelfItemsContract.test.js` (dosya düzeyi) :123 [test],- `src/moduleRecipes.js` (dosya düzeyi) :6 [write-or-literal] | - `src/moduleRecipes.js` `resolveRecipeItemsForPanelVariant` :238 [write]
parents.recipe,Bu item'ı child alan recipe parent'lar,Bu item'ı child alan recipe parent'lar. Ters indeks: bu itemKey hangi parent recipe/küme/body içinde child.,ters-indeks,string,yok / birimsiz,Ters indeks: bu itemKey hangi parent recipe/küme/body içinde child.,BOM/recipe · src/itemBom.js + src/moduleRecipes.js · resolveItemBom / getExpandedModuleRecipe,src/itemBom.js + src/moduleRecipes.js,Audit/çözümleyici sütunu. Runtime default değeri yok; canlı fonksiyondan türetilir veya tarama sonucudur.,Bu özellik için ayrı runtime ezme katmanı yok; değer owner katmanındaki tablodan/kayıttan gelir.,true,5,33,hayır,yok,Runtime-only / derived audit. Ayrı persist alanı yok.,DERIVED,Bu sütun runtime Item alanı değil; audit/çözümleyici görünümüdür veya başka alandan türetilir. Kullanıcı bu id ile form alanı görmez.,hayır,hayır — türetilmiş / audit sütunu,validation yok (genel proje şeması yok).,true,doğrudan yok veya dolaylı (kanıt bölümü).,yok veya dolaylı değil.,Etkiler: `resolveItemBom` / recipe items / inner-corner variant. Miktar uydurulmaz; recipe satırı kanoniktir.,- `src/itemBom.js` (dosya düzeyi) :2 [read] | - `src/moduleRecipes.js` `getStraightWallNominalWidthForProfileItem` :187 [read] | - `src/moduleRecipes.js` `resolveRecipeItemsForPanelVariant` :235 [read] | - `src/rawBomDebug.js` (dosya düzeyi) :2 [read] | - `test/baseItemsContract.test.js` (dosya düzeyi) :85 [test] | - `test/baseRecipes.test.js` (dosya düzeyi) :5 [test] | - `test/baseTopsItemContract.test.js` (dosya düzeyi) :6 [test] | - `test/baseTopsItemContract.test.js` `for` :52 [test] | - `test/baseWallRecipes.test.js` (dosya düzeyi) :17 [test] | - `test/cornerPanelsItemContract.test.js` (dosya düzeyi) :6 [test] | - `test/cornerPanelsItemContract.test.js` `for` :95 [test] | - `test/counterRecipes.test.js` (dosya düzeyi) :5 [test] | - `test/counterTopsItemContract.test.js` (dosya düzeyi) :5 [test] | - `test/counterTopsItemContract.test.js` `for` :41 [test] | - `test/deskBankoItemsContract.test.js` (dosya düzeyi) :13 [test] | - `test/deskBankoItemsContract.test.js` `if` :127 [test] | - `test/doorCompositeItemContract.test.js` (dosya düzeyi) :11 [test] | - `test/doorLeafItemContract.test.js` (dosya düzeyi) :7 [test] | - `test/glassShelfItemContract.test.js` (dosya düzeyi) :6 [test] | - `test/glassShelfItemContract.test.js` `for` :35 [test] | - `test/lCounter100Contract.test.js` (dosya düzeyi) :6 [test] | - `test/lCounter150Contract.test.js` (dosya düzeyi) :37 [test] | - `test/lCounter200Contract.test.js` (dosya düzeyi) :37 [test] | - `test/moduleRecipes.test.js` (dosya düzeyi) :6 [test] | - `test/moduleRecipes.test.js` `for` :118 [test] | - `test/moduleRecipes.test.js` `if` :196 [test] | - `test/panel197ItemContract.test.js` (dosya düzeyi) :5 [test] | - `test/panel197ItemContract.test.js` `for` :36 [test] | - `test/panelCorner192ItemContract.test.js` (dosya düzeyi) :6 [test] | - … test/e2e ek 24 eşleşme (src listesi tam).,- `src/itemBom.js` `resolveRecipe` :21 [write] | - `src/itemBom.js` `if` :48 [write] | - `src/moduleRecipes.js` `if` :246 [write] | - `src/moduleRecipes.js` `getExpandedModuleRecipe` :277 [write] | - `src/rawBomDebug.js` `renderRecipe` :56 [write] | - `src/rawBomDebug.js` `if` :70 [write]
parents.innerCorner,innerCornerPanelItemKey olarak kullanım,innerCornerPanelItemKey olarak kullanım. Ters indeks: bu itemKey hangi parent recipe/küme/body içinde child.,ters-indeks,string,yok / birimsiz,Ters indeks: bu itemKey hangi parent recipe/küme/body içinde child.,recipe variant · src/moduleRecipes.js · variants,src/moduleRecipes.js,Audit/çözümleyici sütunu. Runtime default değeri yok; canlı fonksiyondan türetilir veya tarama sonucudur.,Bu özellik için ayrı runtime ezme katmanı yok; değer owner katmanındaki tablodan/kayıttan gelir.,false,0,4,hayır,yok,Runtime-only / derived audit. Ayrı persist alanı yok.,DERIVED,Bu sütun runtime Item alanı değil; audit/çözümleyici görünümüdür veya başka alandan türetilir. Kullanıcı bu id ile form alanı görmez.,hayır,hayır — türetilmiş / audit sütunu,validation yok (genel proje şeması yok).,true,doğrudan yok veya dolaylı (kanıt bölümü).,yok veya dolaylı değil.,Etkiler: `resolveItemBom` / recipe items / inner-corner variant. Miktar uydurulmaz; recipe satırı kanoniktir.,- `src/moduleRecipes.js` `getRecipeInnerCornerPanelKey` :202 [read] | - `test/baseWallRecipes.test.js` (dosya düzeyi) :3 [test] | - `test/cornerPanelsItemContract.test.js` (dosya düzeyi) :8 [test] | - `test/cornerPanelsItemContract.test.js` `for` :79 [test] | - `test/moduleRecipes.test.js` (dosya düzeyi) :9 [test] | - `test/panel197ItemContract.test.js` `for` :64 [test] | - `test/panelCorner192ItemContract.test.js` (dosya düzeyi) :8 [test] | - `test/panelCorner192ItemContract.test.js` `for` :38 [test] | - `test/showcaseRecipes.test.js` (dosya düzeyi) :26 [test] | - `test/straightPanelsItemContract.test.js` `for` :111 [test] | - `test/wallBaseItemsContract.test.js` (dosya düzeyi) :119 [test] | - `test/wallFlatPanelItemsContract.test.js` (dosya düzeyi) :97 [test] | - `test/wallShelfItemsContract.test.js` (dosya düzeyi) :123 [test],- `src/moduleRecipes.js` (dosya düzeyi) :6 [write-or-literal] | - `src/moduleRecipes.js` `resolveRecipeItemsForPanelVariant` :238 [write]
parents.replacement,innerCornerItemReplacements child kullanımı,innerCornerItemReplacements child kullanımı. Ters indeks: bu itemKey hangi parent recipe/küme/body içinde child.,ters-indeks,string,yok / birimsiz,Ters indeks: bu itemKey hangi parent recipe/küme/body içinde child.,recipe variant · src/moduleRecipes.js · variants,src/moduleRecipes.js,Audit/çözümleyici sütunu. Runtime default değeri yok; canlı fonksiyondan türetilir veya tarama sonucudur.,Bu özellik için ayrı runtime ezme katmanı yok; değer owner katmanındaki tablodan/kayıttan gelir.,false,0,2,hayır,yok,Runtime-only / derived audit. Ayrı persist alanı yok.,DERIVED,Bu sütun runtime Item alanı değil; audit/çözümleyici görünümüdür veya başka alandan türetilir. Kullanıcı bu id ile form alanı görmez.,hayır,hayır — türetilmiş / audit sütunu,validation yok (genel proje şeması yok).,true,doğrudan yok veya dolaylı (kanıt bölümü).,yok veya dolaylı değil.,Etkiler: `resolveItemBom` / recipe items / inner-corner variant. Miktar uydurulmaz; recipe satırı kanoniktir.,- `src/moduleRecipes.js` `if` :264 [read] | - `test/cornerPanelsItemContract.test.js` `for` :117 [test],- `src/moduleRecipes.js` (dosya düzeyi) :23 [write-or-literal]
parents.cluster,Mobilya küme composition.items parent,Mobilya küme composition.items parent. Ters indeks: bu itemKey hangi parent recipe/küme/body içinde child.,ters-indeks,string,yok / birimsiz,Ters indeks: bu itemKey hangi parent recipe/küme/body içinde child.,kanonik küme · src/items.js · FURNITURE_ITEMS.composition.items,src/items.js,Audit/çözümleyici sütunu. Runtime default değeri yok; canlı fonksiyondan türetilir veya tarama sonucudur.,Bu özellik için ayrı runtime ezme katmanı yok; değer owner katmanındaki tablodan/kayıttan gelir.,true,5,5,hayır,yok,Runtime-only / derived audit. Ayrı persist alanı yok.,DERIVED,Bu sütun runtime Item alanı değil; audit/çözümleyici görünümüdür veya başka alandan türetilir. Kullanıcı bu id ile form alanı görmez.,hayır,hayır — türetilmiş / audit sütunu,validation yok (genel proje şeması yok).,true,doğrudan yok veya dolaylı (kanıt bölümü).,yok veya dolaylı değil.,Etkiler: `resolveItemBom` / recipe items / inner-corner variant. Miktar uydurulmaz; recipe satırı kanoniktir.,- `src/items.js` `getFurnitureClusterQuantity` :372 [read] | - `src/designState.js` (dosya düzeyi) :5 [read] | - `src/catalog.js` (dosya düzeyi) :1 [read] | - `src/selectionFeedback.js` (dosya düzeyi) :1 [read] | - `test/chairEamesContract.test.js` (dosya düzeyi) :46 [test] | - `test/furnitureItemsContract.test.js` `if` :158 [test] | - `test/sofaClassicPiecesContract.test.js` (dosya düzeyi) :76 [test],- `src/designState.js` `if` :414 [write] | - `src/catalog.js` `furniture_table_chair_set_eames_DIMENSIONS` :152 [write-or-literal] | - `src/selectionFeedback.js` `if` :76 [write]
parents.showcaseBody,showcase bodyItems parent,showcase bodyItems parent. Ters indeks: bu itemKey hangi parent recipe/küme/body içinde child.,ters-indeks,string,yok / birimsiz,Ters indeks: bu itemKey hangi parent recipe/küme/body içinde child.,kanonik bodyItems · src/items.js · getShowcaseBodyDefinition,src/items.js,Audit/çözümleyici sütunu. Runtime default değeri yok; canlı fonksiyondan türetilir veya tarama sonucudur.,Bu özellik için ayrı runtime ezme katmanı yok; değer owner katmanındaki tablodan/kayıttan gelir.,false,0,4,hayır,yok,Runtime-only / derived audit. Ayrı persist alanı yok.,DERIVED,Bu sütun runtime Item alanı değil; audit/çözümleyici görünümüdür veya başka alandan türetilir. Kullanıcı bu id ile form alanı görmez.,hayır,hayır — türetilmiş / audit sütunu,validation yok (genel proje şeması yok).,true,doğrudan yok veya dolaylı (kanıt bölümü).,yok veya dolaylı değil.,Etkiler: `resolveItemBom` / recipe items / inner-corner variant. Miktar uydurulmaz; recipe satırı kanoniktir.,- `src/items.js` `getShowcaseBodyDefinition` :976 [read] | - `src/designState.js` (dosya düzeyi) :10 [read] | - `src/scene3d.js` (dosya düzeyi) :13 [read] | - `test/glassShelfItemContract.test.js` `for` :57 [test] | - `test/showcaseAppearance.test.js` (dosya düzeyi) :5 [test] | - `test/showcaseAppearance.test.js` `for` :14 [test] | - `test/wallShowcaseItemContract.test.js` (dosya düzeyi) :8 [test] | - `test/wallShowcaseItemContract.test.js` `for` :25 [test],- `src/items.js` (dosya düzeyi) :936 [define] | - `src/items.js` `getShowcaseBodyDefinition` :981 [write] | - `src/designState.js` `createShowcaseModuleState` :173 [write] | - `src/designState.js` `if` :844 [write] | - `src/scene3d.js` `createShowcaseModule` :7445 [write]
media.widthCm,resolveWallMediaMetrics: widthCm,"resolveWallMediaMetrics: widthCm. `resolveWallMediaMetrics` türevi; video wall panel×ızgara, TV ekran ölçüsü.",turetilmis-tv,number,cm,"`resolveWallMediaMetrics` türevi; video wall panel×ızgara, TV ekran ölçüsü.",türetim · src/items.js · resolveWallMediaMetrics,src/items.js,Türetim: `resolveWallMediaMetrics(item)`. TV ekran Item.dimensions.screen*; video wall panel×ızgara. Fallback yok (item yoksa metrik yok).,Item dimensions / videoWall → resolveWallMediaMetrics → factory TV state alanları. Kullanıcı inç değiştirmez; ayrı itemKey yerleştirir.,true,5,5,hayır,yok,Runtime-only / derived audit. Ayrı persist alanı yok.,DERIVED,Bu sütun runtime Item alanı değil; audit/çözümleyici görünümüdür veya başka alandan türetilir. Kullanıcı bu id ile form alanı görmez.,hayır,hayır — türetilmiş / audit sütunu,validation yok (genel proje şeması yok).,true,TV/video wall ekran boyutu / texture `createTvScreenTexture`.,yok veya dolaylı değil.,yok.,- `src/items.js` `resolveWallMediaMetrics` :455 [read] | - `src/designState.js` (dosya düzeyi) :12 [read] | - `src/catalog.js` (dosya düzeyi) :1 [read] | - `test/wallMediaItemsContract.test.js` (dosya düzeyi) :3 [test] | - `test/wallMediaItemsContract.test.js` `for` :74 [test],- `src/designState.js` `createTvModuleState` :600 [write] | - `src/designState.js` `if` :705 [write] | - `src/catalog.js` `createWallMediaCatalogItem` :174 [write] | - `src/catalog.js` `if` :198 [write]
media.screenWidthCm,resolveWallMediaMetrics: screenWidthCm,"resolveWallMediaMetrics: screenWidthCm. `resolveWallMediaMetrics` türevi; video wall panel×ızgara, TV ekran ölçüsü.",turetilmis-tv,number,cm,"`resolveWallMediaMetrics` türevi; video wall panel×ızgara, TV ekran ölçüsü.",türetim · src/items.js · resolveWallMediaMetrics,src/items.js,Türetim: `resolveWallMediaMetrics(item)`. TV ekran Item.dimensions.screen*; video wall panel×ızgara. Fallback yok (item yoksa metrik yok).,Item dimensions / videoWall → resolveWallMediaMetrics → factory TV state alanları. Kullanıcı inç değiştirmez; ayrı itemKey yerleştirir.,true,5,5,hayır,yok,Runtime-only / derived audit. Ayrı persist alanı yok.,DERIVED,Bu sütun runtime Item alanı değil; audit/çözümleyici görünümüdür veya başka alandan türetilir. Kullanıcı bu id ile form alanı görmez.,hayır,hayır — türetilmiş / audit sütunu,validation yok (genel proje şeması yok).,true,TV/video wall ekran boyutu / texture `createTvScreenTexture`.,yok veya dolaylı değil.,yok.,- `src/items.js` `resolveWallMediaMetrics` :455 [read] | - `src/items.js` `if` :470 [read] | - `src/designState.js` (dosya düzeyi) :12 [read] | - `src/catalog.js` (dosya düzeyi) :1 [read] | - `src/catalog.js` `if` :521 [read] | - `src/scene3d.js` `if` :1896 [read] | - `src/selectionFeedback.js` `if` :138 [read] | - `test/tv42Module.test.js` (dosya düzeyi) :12 [test] | - `test/tv42Module.test.js` `for` :41 [test] | - `test/wallMediaItemsContract.test.js` (dosya düzeyi) :3 [test] | - `test/wallMediaItemsContract.test.js` `for` :74 [test],- `src/items.js` `WALL_MEDIA_ITEMS` :426 [write-or-literal] | - `src/items.js` `if` :464 [write] | - `src/items.js` `if` :468 [write-or-literal] | - `src/designState.js` `createTvModuleState` :600 [write] | - `src/designState.js` `createTvModuleState` :610 [write-or-literal] | - `src/designState.js` `if` :705 [write] | - `src/catalog.js` `createWallMediaCatalogItem` :174 [write] | - `src/catalog.js` `createWallMediaCatalogItem` :181 [write-or-literal] | - `src/catalog.js` `if` :198 [write] | - `src/catalog.js` `TV_42_DIMENSIONS` :201 [write-or-literal] | - `src/catalog.js` `normalizeCatalogDescriptor` :493 [write-or-literal] | - `src/scene3d.js` `pickModuleContext` :1813 [write-or-literal] | - `src/scene3d.js` `createTvModule` :4829 [write] | - `src/selectionFeedback.js` `if` :136 [write]
media.screenHeightCm,resolveWallMediaMetrics: screenHeightCm,"resolveWallMediaMetrics: screenHeightCm. `resolveWallMediaMetrics` türevi; video wall panel×ızgara, TV ekran ölçüsü.",turetilmis-tv,number,cm,"`resolveWallMediaMetrics` türevi; video wall panel×ızgara, TV ekran ölçüsü.",türetim · src/items.js · resolveWallMediaMetrics,src/items.js,Türetim: `resolveWallMediaMetrics(item)`. TV ekran Item.dimensions.screen*; video wall panel×ızgara. Fallback yok (item yoksa metrik yok).,Item dimensions / videoWall → resolveWallMediaMetrics → factory TV state alanları. Kullanıcı inç değiştirmez; ayrı itemKey yerleştirir.,true,5,5,hayır,yok,Runtime-only / derived audit. Ayrı persist alanı yok.,DERIVED,Bu sütun runtime Item alanı değil; audit/çözümleyici görünümüdür veya başka alandan türetilir. Kullanıcı bu id ile form alanı görmez.,hayır,hayır — türetilmiş / audit sütunu,validation yok (genel proje şeması yok).,true,TV/video wall ekran boyutu / texture `createTvScreenTexture`.,yok veya dolaylı değil.,yok.,- `src/items.js` `resolveWallMediaMetrics` :455 [read] | - `src/items.js` `if` :471 [read] | - `src/designState.js` (dosya düzeyi) :12 [read] | - `src/catalog.js` (dosya düzeyi) :1 [read] | - `src/scene3d.js` `if` :1897 [read] | - `src/selectionFeedback.js` `if` :138 [read] | - `test/tv42Module.test.js` (dosya düzeyi) :13 [test] | - `test/tv42Module.test.js` `for` :53 [test] | - `test/wallMediaItemsContract.test.js` (dosya düzeyi) :3 [test] | - `test/wallMediaItemsContract.test.js` `for` :74 [test],- `src/items.js` `WALL_MEDIA_ITEMS` :426 [write-or-literal] | - `src/items.js` `if` :465 [write] | - `src/items.js` `if` :469 [write-or-literal] | - `src/designState.js` `createTvModuleState` :600 [write] | - `src/designState.js` `createTvModuleState` :608 [write-or-literal] | - `src/designState.js` `if` :705 [write] | - `src/catalog.js` `createWallMediaCatalogItem` :174 [write] | - `src/catalog.js` `createWallMediaCatalogItem` :182 [write-or-literal] | - `src/catalog.js` `if` :198 [write] | - `src/catalog.js` `TV_42_DIMENSIONS` :202 [write-or-literal] | - `src/scene3d.js` `getWallOverlayDragPoint` :2346 [write] | - `src/scene3d.js` `if` :2407 [write] | - `src/scene3d.js` `createTvModule` :4830 [write] | - `src/selectionFeedback.js` `if` :137 [write]
media.videoWallRows,resolveWallMediaMetrics: videoWallRows,"resolveWallMediaMetrics: videoWallRows. `resolveWallMediaMetrics` türevi; video wall panel×ızgara, TV ekran ölçüsü.",turetilmis-tv,string,yok / birimsiz,"`resolveWallMediaMetrics` türevi; video wall panel×ızgara, TV ekran ölçüsü.",türetim · src/items.js · resolveWallMediaMetrics,src/items.js,Türetim: `resolveWallMediaMetrics(item)`. TV ekran Item.dimensions.screen*; video wall panel×ızgara. Fallback yok (item yoksa metrik yok).,Item dimensions / videoWall → resolveWallMediaMetrics → factory TV state alanları. Kullanıcı inç değiştirmez; ayrı itemKey yerleştirir.,true,5,5,hayır,yok,Runtime-only / derived audit. Ayrı persist alanı yok.,DERIVED,Bu sütun runtime Item alanı değil; audit/çözümleyici görünümüdür veya başka alandan türetilir. Kullanıcı bu id ile form alanı görmez.,hayır,hayır — türetilmiş / audit sütunu,validation yok (genel proje şeması yok).,true,TV/video wall ekran boyutu / texture `createTvScreenTexture`.,yok veya dolaylı değil.,yok.,- `src/items.js` `resolveWallMediaMetrics` :455 [read] | - `src/designState.js` (dosya düzeyi) :12 [read] | - `src/catalog.js` (dosya düzeyi) :1 [read] | - `src/catalog.js` `if` :186 [read] | - `src/moduleDragSidebar.js` `if` :272 [read] | - `test/wallMediaItemsContract.test.js` (dosya düzeyi) :3 [test] | - `test/wallMediaItemsContract.test.js` `for` :74 [test] | - `e2e/wall-media-items-contract.spec.mjs` `saveAndReadProject` :43 [test],- `src/items.js` `if` :472 [write-or-literal] | - `src/designState.js` `createTvModuleState` :600 [write] | - `src/designState.js` `createTvModuleState` :612 [write-or-literal] | - `src/designState.js` `if` :705 [write] | - `src/catalog.js` `createWallMediaCatalogItem` :174 [write] | - `src/catalog.js` `if` :191 [write-or-literal] | - `src/catalog.js` `if` :198 [write] | - `src/scene3d.js` `createTvModule` :4827 [write]
media.videoWallCols,resolveWallMediaMetrics: videoWallCols,"resolveWallMediaMetrics: videoWallCols. `resolveWallMediaMetrics` türevi; video wall panel×ızgara, TV ekran ölçüsü.",turetilmis-tv,string,yok / birimsiz,"`resolveWallMediaMetrics` türevi; video wall panel×ızgara, TV ekran ölçüsü.",türetim · src/items.js · resolveWallMediaMetrics,src/items.js,Türetim: `resolveWallMediaMetrics(item)`. TV ekran Item.dimensions.screen*; video wall panel×ızgara. Fallback yok (item yoksa metrik yok).,Item dimensions / videoWall → resolveWallMediaMetrics → factory TV state alanları. Kullanıcı inç değiştirmez; ayrı itemKey yerleştirir.,true,5,5,hayır,yok,Runtime-only / derived audit. Ayrı persist alanı yok.,DERIVED,Bu sütun runtime Item alanı değil; audit/çözümleyici görünümüdür veya başka alandan türetilir. Kullanıcı bu id ile form alanı görmez.,hayır,hayır — türetilmiş / audit sütunu,validation yok (genel proje şeması yok).,true,TV/video wall ekran boyutu / texture `createTvScreenTexture`.,yok veya dolaylı değil.,yok.,- `src/items.js` `resolveWallMediaMetrics` :455 [read] | - `src/designState.js` (dosya düzeyi) :12 [read] | - `src/catalog.js` (dosya düzeyi) :1 [read] | - `src/catalog.js` `if` :186 [read] | - `src/moduleDragSidebar.js` `if` :272 [read] | - `test/wallMediaItemsContract.test.js` (dosya düzeyi) :3 [test] | - `test/wallMediaItemsContract.test.js` `for` :74 [test] | - `e2e/wall-media-items-contract.spec.mjs` `saveAndReadProject` :43 [test],- `src/items.js` `if` :473 [write-or-literal] | - `src/designState.js` `createTvModuleState` :600 [write] | - `src/designState.js` `createTvModuleState` :613 [write-or-literal] | - `src/designState.js` `if` :705 [write] | - `src/catalog.js` `createWallMediaCatalogItem` :174 [write] | - `src/catalog.js` `if` :192 [write-or-literal] | - `src/catalog.js` `if` :198 [write] | - `src/scene3d.js` `createTvModule` :4828 [write]
profile.catalogWidthCm,Profil katalog genişliği (straight-wall nominal),"Profil katalog genişliği (straight-wall nominal). `getStraightWallNominalWidthForProfileItem` — production lengthCm değil, 50/100/150/200 nominal.",turetilmis-profil,number,cm,"`getStraightWallNominalWidthForProfileItem` — production lengthCm değil, 50/100/150/200 nominal.",türetim · src/moduleRecipes.js · getStraightWallNominalWidthForProfileItem,src/moduleRecipes.js,Audit/çözümleyici sütunu. Runtime default değeri yok; canlı fonksiyondan türetilir veya tarama sonucudur.,Bu özellik için ayrı runtime ezme katmanı yok; değer owner katmanındaki tablodan/kayıttan gelir.,true,4,4,hayır,yok,Runtime-only / derived audit. Ayrı persist alanı yok.,DERIVED,Bu sütun runtime Item alanı değil; audit/çözümleyici görünümüdür veya başka alandan türetilir. Kullanıcı bu id ile form alanı görmez.,hayır,hayır — türetilmiş / audit sütunu,validation yok (genel proje şeması yok).,true,doğrudan yok veya dolaylı (kanıt bölümü).,yok veya dolaylı değil.,yok.,- `src/designState.js` (dosya düzeyi) :14 [read] | - `src/catalog.js` (dosya düzeyi) :2 [read] | - `src/moduleRecipes.js` `getStraightWallNominalWidthForProfileItem` :185 [read] | - `src/scene3d.js` (dosya düzeyi) :24 [read] | - `test/profileFieldPlacement.test.js` (dosya düzeyi) :152 [test],- `src/designState.js` `createProfileModuleState` :495 [write] | - `src/designState.js` `if` :814 [write] | - `src/catalog.js` `createProfileCatalogItem` :87 [write] | - `src/scene3d.js` `createProfileModule` :5342 [write]
renderer.fn,scene3d createRenderableModule dalı,scene3d createRenderableModule dalı. Audit: `createRenderableModule` type dalı. plastic-trash-bin → createIndoorPlantModule.,renderer,string,yok / birimsiz,Audit: `createRenderableModule` type dalı. plastic-trash-bin → createIndoorPlantModule.,renderer · src/scene3d.js · createRenderableModule,src/scene3d.js,Audit/çözümleyici sütunu. Runtime default değeri yok; canlı fonksiyondan türetilir veya tarama sonucudur.,Bu özellik için ayrı runtime ezme katmanı yok; değer owner katmanındaki tablodan/kayıttan gelir.,true,65,70,hayır,yok,Runtime-only / derived audit. Ayrı persist alanı yok.,DERIVED,Bu sütun runtime Item alanı değil; audit/çözümleyici görünümüdür veya başka alandan türetilir. Kullanıcı bu id ile form alanı görmez.,hayır,hayır — türetilmiş / audit sütunu,validation yok (genel proje şeması yok).,true,doğrudan yok veya dolaylı (kanıt bölümü).,yok veya dolaylı değil.,yok.,- `test/globalSilhouetteGhost.test.js` (dosya düzeyi) :17 [test],- `src/scene3d.js` `createRenderableModule` :1452 [write] | - `src/scene3d.js` `buildWall` :1546 [write] | - `src/scene3d.js` `if` :1999 [write]
ui.sidebar,Sidebar katalog kartı,Sidebar katalog kartı. Önceki audit'in UI yetenek sütunu. Runtime alanı değil; ilgili action/behavior kanıtlanır.,ui-audit,boolean,yok / birimsiz,Önceki audit'in UI yetenek sütunu. Runtime alanı değil; ilgili action/behavior kanıtlanır.,UI · src/moduleDragSidebar.js · MODULE_CATALOG_GROUPS,src/moduleDragSidebar.js,Audit/çözümleyici sütunu. Runtime default değeri yok; canlı fonksiyondan türetilir veya tarama sonucudur.,Override yok (analiz/audit sütunu).,true,70,104,yerleştirme,Sol katalog `moduleDragSidebar` / context picker.,Runtime-only / derived audit. Ayrı persist alanı yok.,DERIVED,Bu sütun runtime Item alanı değil; audit/çözümleyici görünümüdür veya başka alandan türetilir. Kullanıcı bu id ile form alanı görmez.,hayır,hayır — türetilmiş / audit sütunu,validation yok (tablo/audit).,true,doğrudan yok veya dolaylı (kanıt bölümü).,yok veya dolaylı değil.,yok.,- `src/scene3d.js` (dosya düzeyi) :56 [read] | - `src/main.js` (dosya düzeyi) :26 [read] | - `src/main.js` `setStandEditingEnabled` :232 [read] | - `src/moduleContextMenu.js` (dosya düzeyi) :1 [read] | - `src/moduleContextMenu.js` `createPickerCard` :304 [read] | - `src/moduleDragSidebar.js` (dosya düzeyi) :1 [read] | - `src/moduleDragSidebar.js` `createModuleCatalogPreview` :122 [read] | - `src/moduleDragSidebar.js` `resetDragState` :445 [read] | - `src/systemChangeContract.js` `SOURCE_FILE_REQUIRED_DOMAINS` :115 [read] | - `test/catalogDragKeyboardIntegration.test.js` (dosya düzeyi) :5 [test] | - `test/catalogSingleSource.test.js` (dosya düzeyi) :8 [test] | - `test/coatRackModule.test.js` (dosya düzeyi) :4 [test] | - `test/indoorPlants.test.js` (dosya düzeyi) :4 [test] | - `test/moduleRotationSingleSourceIntegration.test.js` (dosya düzeyi) :6 [test] | - `test/plasticTrashBinModule.test.js` (dosya düzeyi) :6 [test] | - `test/plasticTrashBinModule.test.js` `overlaps` :54 [test] | - `test/profileFieldPlacement.test.js` (dosya düzeyi) :4 [test] | - `test/removedIndoorPlant2.test.js` (dosya düzeyi) :10 [test] | - `test/stripOccupancy.test.js` (dosya düzeyi) :54 [test] | - `test/tv42Module.test.js` (dosya düzeyi) :214 [test] | - `test/uprightFieldPlacement.test.js` (dosya düzeyi) :4 [test],- `src/catalog.js` `MODULE_CATALOG_GROUPS` :423 [define] | - `src/scene3d.js` `if` :2094 [write] | - `src/main.js` (dosya düzeyi) :183 [write] | - `src/main.js` `resizeContextIlluminatedFoam` :897 [write] | - `src/moduleContextMenu.js` `renderPickerCatalog` :318 [write] | - `src/moduleDragSidebar.js` `createModuleDragSidebar` :394 [write]
ui.contextMenu.delete,Context menu Sil,Context menu Sil. Önceki audit'in UI yetenek sütunu. Runtime alanı değil; ilgili action/behavior kanıtlanır.,ui-audit,boolean,yok / birimsiz,Önceki audit'in UI yetenek sütunu. Runtime alanı değil; ilgili action/behavior kanıtlanır.,UI · src/moduleContextMenu.js · createModuleContextMenu,src/moduleContextMenu.js,Audit/çözümleyici sütunu. Runtime default değeri yok; canlı fonksiyondan türetilir veya tarama sonucudur.,Override yok (analiz/audit sütunu).,true,70,104,evet (menü eylemi),`src/moduleContextMenu.js`.,Runtime-only / derived audit. Ayrı persist alanı yok.,DERIVED,Bu sütun runtime Item alanı değil; audit/çözümleyici görünümüdür veya başka alandan türetilir. Kullanıcı bu id ile form alanı görmez.,hayır,hayır — türetilmiş / audit sütunu,validation yok (tablo/audit).,true,doğrudan yok veya dolaylı (kanıt bölümü).,yok veya dolaylı değil.,yok.,- `src/moduleContextMenu.js` `createModuleContextMenu` :46 [write],- `src/moduleContextMenu.js` `createModuleContextMenu` :46 [write]
ui.contextMenu.duplicate,Context menu çoğalt,Context menu çoğalt. Önceki audit'in UI yetenek sütunu. Runtime alanı değil; ilgili action/behavior kanıtlanır.,ui-audit,boolean,yok / birimsiz,Önceki audit'in UI yetenek sütunu. Runtime alanı değil; ilgili action/behavior kanıtlanır.,UI · src/moduleContextMenu.js · createModuleContextMenu,src/moduleContextMenu.js,Audit/çözümleyici sütunu. Runtime default değeri yok; canlı fonksiyondan türetilir veya tarama sonucudur.,Override yok (analiz/audit sütunu).,true,70,104,evet (menü eylemi),`src/moduleContextMenu.js`.,Runtime-only / derived audit. Ayrı persist alanı yok.,DERIVED,Bu sütun runtime Item alanı değil; audit/çözümleyici görünümüdür veya başka alandan türetilir. Kullanıcı bu id ile form alanı görmez.,hayır,hayır — türetilmiş / audit sütunu,validation yok (tablo/audit).,true,doğrudan yok veya dolaylı (kanıt bölümü).,yok veya dolaylı değil.,yok.,- `src/moduleContextMenu.js` `if` :457 [read],- `src/moduleContextMenu.js` `createModuleContextMenu` :47 [write]
ui.contextMenu.add,Context menu yanına ekle,Context menu yanına ekle. Önceki audit'in UI yetenek sütunu. Runtime alanı değil; ilgili action/behavior kanıtlanır.,ui-audit,boolean,yok / birimsiz,Önceki audit'in UI yetenek sütunu. Runtime alanı değil; ilgili action/behavior kanıtlanır.,UI · src/moduleContextMenu.js · createModuleContextMenu,src/moduleContextMenu.js,Audit/çözümleyici sütunu. Runtime default değeri yok; canlı fonksiyondan türetilir veya tarama sonucudur.,Override yok (analiz/audit sütunu).,true,70,104,evet (menü eylemi),`src/moduleContextMenu.js`.,Runtime-only / derived audit. Ayrı persist alanı yok.,DERIVED,Bu sütun runtime Item alanı değil; audit/çözümleyici görünümüdür veya başka alandan türetilir. Kullanıcı bu id ile form alanı görmez.,hayır,hayır — türetilmiş / audit sütunu,validation yok (tablo/audit).,true,doğrudan yok veya dolaylı (kanıt bölümü).,yok veya dolaylı değil.,yok.,- `src/moduleContextMenu.js` `if` :496 [read],- `src/moduleContextMenu.js` `createModuleContextMenu` :56 [write]
ui.editable.color,Kullanıcı renk uygulayabilir mi (audit),Kullanıcı renk uygulayabilir mi (audit). Audit gözlemi: kullanıcı rengi nerede uygulayabilir. Asıl yazma `applyColorOverride` / `setFloorColor`.,ui-audit,string,yok / birimsiz,Audit gözlemi: kullanıcı rengi nerede uygulayabilir. Asıl yazma `applyColorOverride` / `setFloorColor`.,UI · src/main.js + src/scene3d.js · applyActiveColorToSelection / applyColor,src/main.js + src/scene3d.js,Audit/çözümleyici sütunu. Runtime default değeri yok; canlı fonksiyondan türetilir veya tarama sonucudur.,Override yok (analiz/audit sütunu).,true,70,104,bu sütun yetenek gözlemidir,"Asıl kontrol ilgili UI (renk editörü, context menu, Shift+R, #floor-type, drag).",Runtime-only / derived audit. Ayrı persist alanı yok.,DERIVED,Bu sütun runtime Item alanı değil; audit/çözümleyici görünümüdür veya başka alandan türetilir. Kullanıcı bu id ile form alanı görmez.,hayır,hayır — türetilmiş / audit sütunu,validation yok (tablo/audit).,true,doğrudan yok veya dolaylı (kanıt bölümü).,yok veya dolaylı değil.,yok.,- `src/designState.js` `applyColorOverride` :915 [read] | - `src/scene3d.js` (dosya düzeyi) :23 [read] | - `src/scene3d.js` `applyColor` :3076 [read] | - `src/scene3d.js` `if` :4673 [read] | - `src/main.js` `if` :1259 [read] | - `test/designState.test.js` (dosya düzeyi) :4 [test] | - `test/f017RendererSurfacePersist.test.js` (dosya düzeyi) :24 [test] | - `test/showcaseBodyColorRegression.test.js` (dosya düzeyi) :6 [test] | - `test/showcaseBodyColorRegression.test.js` `for` :26 [test] | - `test/surfaceStateBinding.test.js` (dosya düzeyi) :4 [test] | - `test/wallShowcaseItemContract.test.js` (dosya düzeyi) :6 [test] | - `test/wallShowcaseItemContract.test.js` `for` :93 [test],- `src/main.js` `syncFloorTypeSelect` :108 [write] | - `src/main.js` `if` :1275 [write]
ui.editable.image,Kullanıcı görsel uygulayabilir mi (audit),Kullanıcı görsel uygulayabilir mi (audit). Önceki audit'in UI yetenek sütunu. Runtime alanı değil; ilgili action/behavior kanıtlanır.,ui-audit,string,yok / birimsiz,Önceki audit'in UI yetenek sütunu. Runtime alanı değil; ilgili action/behavior kanıtlanır.,UI · src/scene3d.js + src/main.js · acceptsImage / applyImage / imageAssetId,src/scene3d.js + src/main.js,Audit/çözümleyici sütunu. Runtime default değeri yok; canlı fonksiyondan türetilir veya tarama sonucudur.,Override yok (analiz/audit sütunu).,true,70,104,bu sütun yetenek gözlemidir,"Asıl kontrol ilgili UI (renk editörü, context menu, Shift+R, #floor-type, drag).",Runtime-only / derived audit. Ayrı persist alanı yok.,DERIVED,Bu sütun runtime Item alanı değil; audit/çözümleyici görünümüdür veya başka alandan türetilir. Kullanıcı bu id ile form alanı görmez.,hayır,hayır — türetilmiş / audit sütunu,validation yok (tablo/audit).,true,doğrudan yok veya dolaylı (kanıt bölümü).,yok veya dolaylı değil.,yok.,- `src/designState.js` `createIlluminatedFoamModuleState` :581 [read] | - `src/designState.js` `createLedFloodlightModuleState` :663 [read] | - `src/designState.js` `if` :855 [read] | - `src/scene3d.js` `if` :1508 [read] | - `src/scene3d.js` `loadSingleImageOnSurface` :3806 [read] | - `src/scene3d.js` `loadGroupedImageOnSurface` :3844 [read] | - `src/scene3d.js` `loadImageOnSurface` :3896 [read] | - `src/scene3d.js` `applyStoredImage` :3910 [read] | - `src/scene3d.js` `applyImageAsset` :3931 [read] | - `src/scene3d.js` `applyHorizontalImageAsset` :3946 [read] | - `src/scene3d.js` `clearImage` :4090 [read] | - `src/scene3d.js` `clearImageAssetById` :4112 [read] | - `src/scene3d.js` `addFace` :6853 [read] | - `src/main.js` `restoreProject` :1391 [read] | - `test/baseModule.test.js` (dosya düzeyi) :36 [test] | - `test/designState.test.js` (dosya düzeyi) :17 [test] | - `test/doorLeafItemContract.test.js` (dosya düzeyi) :41 [test] | - `test/imageAssetDeletion.test.js` (dosya düzeyi) :9 [test] | - `test/imageAssetLiveDelete.test.js` (dosya düzeyi) :10 [test] | - `test/lCounter100Contract.test.js` (dosya düzeyi) :9 [test] | - `test/lightboxFabricPerformance.test.js` (dosya düzeyi) :19 [test] | - `test/lightingItemsContract.test.js` (dosya düzeyi) :94 [test] | - `test/moduleStateConstructionRegistry.test.js` `for` :41 [test] | - `test/projectImportFlow.test.js` (dosya düzeyi) :34 [test] | - `test/shelfModule.test.js` (dosya düzeyi) :43 [test] | - `test/showcaseBodyColorRegression.test.js` `for` :57 [test] | - `test/surfaceStateBinding.test.js` (dosya düzeyi) :17 [test] | - `test/wallSeparatorItemsContract.test.js` (dosya düzeyi) :99 [test] | - `test/wallShowcaseItemContract.test.js` `for` :92 [test] | - `e2e/f010-module-construction.spec.mjs` `for` :162 [test] | - `e2e/f028-reset-features.spec.mjs` `seedIlluminatedFoam` :42 [test] | - `e2e/wall-separator-items-contract.spec.mjs` `for` :87 [test],- `src/designState.js` `if` :64 [write-or-literal] | - `src/designState.js` `createEditablePanelState` :73 [write-or-literal] | - `src/designState.js` `createIlluminatedFoamModuleState` :573 [write] | - `src/designState.js` `createModuleStateFromDescriptor` :672 [write] | - `src/designState.js` `if` :835 [write] | - `src/scene3d.js` `if` :3924 [write] | - `src/scene3d.js` `applyImageAsset` :3928 [write] | - `src/scene3d.js` `createIlluminatedFoamModule` :4734 [write] | - `src/scene3d.js` `blackMaterial` :4874 [write] | - `src/scene3d.js` `createMiniFridgeModule` :5025 [write-or-literal] | - `src/scene3d.js` `if` :5109 [write-or-literal] | - `src/scene3d.js` `createCoatRackModule` :5254 [write-or-literal] | - `src/scene3d.js` `createUprightModule` :5331 [write-or-literal] | - `src/scene3d.js` `createProfileModule` :5381 [write-or-literal] | - `src/scene3d.js` `createKettleModule` :5419 [write-or-literal] | - `src/scene3d.js` `for` :5652 [write-or-literal] | - `src/scene3d.js` `createBarStoolModule` :5699 [write-or-literal] | - `src/scene3d.js` `createEamesChairModule` :5779 [write-or-literal] | - `src/scene3d.js` `createGlassTableModule` :5892 [write-or-literal] | - `src/scene3d.js` `createBeigeSofaFurnitureProxy` :6248 [write-or-literal] | - `src/scene3d.js` `addPanelFace` :6551 [write-or-literal] | - `src/scene3d.js` `addFace` :6723 [write-or-literal] | - `src/scene3d.js` `addFace` :6851 [write] | - `src/main.js` `if` :1662 [write] | - `src/imageAssetReferences.js` (dosya düzeyi) :1 [write]
ui.editable.glass,Cam paneli açılabilir mi (audit),Cam paneli açılabilir mi (audit). Önceki audit'in UI yetenek sütunu. Runtime alanı değil; ilgili action/behavior kanıtlanır.,ui-audit,string,yok / birimsiz,Önceki audit'in UI yetenek sütunu. Runtime alanı değil; ilgili action/behavior kanıtlanır.,UI · src/moduleContextMenu.js · createModuleContextMenu,src/moduleContextMenu.js,Audit/çözümleyici sütunu. Runtime default değeri yok; canlı fonksiyondan türetilir veya tarama sonucudur.,Override yok (analiz/audit sütunu).,true,70,104,bu sütun yetenek gözlemidir,"Asıl kontrol ilgili UI (renk editörü, context menu, Shift+R, #floor-type, drag).",Runtime-only / derived audit. Ayrı persist alanı yok.,DERIVED,Bu sütun runtime Item alanı değil; audit/çözümleyici görünümüdür veya başka alandan türetilir. Kullanıcı bu id ile form alanı görmez.,hayır,hayır — türetilmiş / audit sütunu,validation yok (tablo/audit).,true,doğrudan yok veya dolaylı (kanıt bölümü).,yok veya dolaylı değil.,yok.,- `src/scene3d.js` (dosya düzeyi) :26 [read] | - `src/scene3d.js` `pickModuleContext` :1801 [read] | - `src/scene3d.js` `if` :3716 [read] | - `src/main.js` `changeContextPanelGlassMode` :858 [read] | - `src/moduleContextMenu.js` `if` :465 [read] | - `src/surfaceStateBinding.js` `applyGlassOverride` :50 [read] | - `test/surfaceStateBinding.test.js` (dosya düzeyi) :6 [test],- `src/scene3d.js` `pickModuleContext` :1817 [write-or-literal] | - `src/moduleContextMenu.js` `createModuleContextMenu` :51 [write] | - `src/moduleContextMenu.js` `if` :388 [write]
ui.editable.fabric,Lightbox/mesh açılabilir mi (audit),Lightbox/mesh açılabilir mi (audit). Önceki audit'in UI yetenek sütunu. Runtime alanı değil; ilgili action/behavior kanıtlanır.,ui-audit,string,yok / birimsiz,Önceki audit'in UI yetenek sütunu. Runtime alanı değil; ilgili action/behavior kanıtlanır.,UI · src/moduleContextMenu.js · createModuleContextMenu,src/moduleContextMenu.js,Audit/çözümleyici sütunu. Runtime default değeri yok; canlı fonksiyondan türetilir veya tarama sonucudur.,Override yok (analiz/audit sütunu).,true,70,104,bu sütun yetenek gözlemidir,"Asıl kontrol ilgili UI (renk editörü, context menu, Shift+R, #floor-type, drag).",Runtime-only / derived audit. Ayrı persist alanı yok.,DERIVED,Bu sütun runtime Item alanı değil; audit/çözümleyici görünümüdür veya başka alandan türetilir. Kullanıcı bu id ile form alanı görmez.,hayır,hayır — türetilmiş / audit sütunu,validation yok (tablo/audit).,true,doğrudan yok veya dolaylı (kanıt bölümü).,yok veya dolaylı değil.,yok.,- `src/scene3d.js` `pickModuleContext` :1825 [read] | - `src/scene3d.js` `suspendFabricSurface` :3152 [read] | - `src/scene3d.js` `applyFabricOverlayLighting` :3299 [read] | - `src/scene3d.js` `if` :3304 [read] | - `src/scene3d.js` `rebuildFabricOverlays` :3416 [read] | - `src/scene3d.js` `applyFabricCoverMode` :3539 [read] | - `src/main.js` `changeContextFabricMode` :807 [read] | - `src/main.js` `changeContextMeshMode` :824 [read] | - `src/main.js` `if` :1810 [read] | - `src/moduleContextMenu.js` `if` :397 [read] | - `src/selectionFeedback.js` `if` :162 [read] | - `src/surfaceStateBinding.js` (dosya düzeyi) :12 [read] | - `test/coverModeExclusivity.test.js` (dosya düzeyi) :15 [test] | - `test/imageAssetDeletion.test.js` (dosya düzeyi) :25 [test] | - `test/lightboxFabric.test.js` (dosya düzeyi) :8 [test] | - `test/lightboxFabricLighting.test.js` (dosya düzeyi) :8 [test] | - `test/lightboxFabricPerformance.test.js` (dosya düzeyi) :7 [test] | - `test/materialAppearance.test.js` (dosya düzeyi) :68 [test] | - `test/selectionFeedback.test.js` `surface` :72 [test],- `src/scene3d.js` `pickModuleContext` :1822 [write-or-literal] | - `src/scene3d.js` `suspendFabricSurface` :3143 [write] | - `src/scene3d.js` (dosya düzeyi) :3486 [write-or-literal] | - `src/scene3d.js` `if` :3512 [write] | - `src/scene3d.js` `applyFabricCoverMode` :3534 [write] | - `src/scene3d.js` `if` :3632 [write-or-literal] | - `src/moduleContextMenu.js` `createModuleContextMenu` :52 [write] | - `src/moduleContextMenu.js` `if` :400 [write]
ui.editable.shelfLight,Raf altı ışık (audit),Raf altı ışık (audit). Önceki audit'in UI yetenek sütunu. Runtime alanı değil; ilgili action/behavior kanıtlanır.,ui-audit,string,yok / birimsiz,Önceki audit'in UI yetenek sütunu. Runtime alanı değil; ilgili action/behavior kanıtlanır.,UI · src/moduleContextMenu.js · createModuleContextMenu,src/moduleContextMenu.js,Audit/çözümleyici sütunu. Runtime default değeri yok; canlı fonksiyondan türetilir veya tarama sonucudur.,Override yok (analiz/audit sütunu).,true,70,104,bu sütun yetenek gözlemidir,"Asıl kontrol ilgili UI (renk editörü, context menu, Shift+R, #floor-type, drag).",Runtime-only / derived audit. Ayrı persist alanı yok.,DERIVED,Bu sütun runtime Item alanı değil; audit/çözümleyici görünümüdür veya başka alandan türetilir. Kullanıcı bu id ile form alanı görmez.,hayır,hayır — türetilmiş / audit sütunu,validation yok (tablo/audit).,true,doğrudan yok veya dolaylı (kanıt bölümü).,yok veya dolaylı değil.,yok.,- `src/main.js` `getContextShelfLightingState` :789 [read] | - `src/moduleContextMenu.js` `if` :489 [read] | - `test/shelfLighting.test.js` (dosya düzeyi) :9 [test] | - `test/wallShelfItemsContract.test.js` (dosya düzeyi) :103 [test] | - `e2e/shelf-board-appearance.spec.mjs` `saveAndReadProject` :78 [test] | - `e2e/wall-shelf-items-contract.spec.mjs` `for` :89 [test],- `src/designState.js` `createShelfModuleState` :234 [write-or-literal] | - `src/scene3d.js` `setShelfLightingVisible` :4644 [write] | - `src/scene3d.js` `if` :6876 [write] | - `src/scene3d.js` (dosya düzeyi) :6955 [write] | - `src/main.js` `changeContextShelfLighting` :797 [write] | - `src/moduleContextMenu.js` `createModuleContextMenu` :55 [write] | - `src/moduleContextMenu.js` `if` :419 [write]
ui.editable.foamResize,Strafor boyutlandır (audit),Strafor boyutlandır (audit). Önceki audit'in UI yetenek sütunu. Runtime alanı değil; ilgili action/behavior kanıtlanır.,ui-audit,string,yok / birimsiz,Önceki audit'in UI yetenek sütunu. Runtime alanı değil; ilgili action/behavior kanıtlanır.,UI · src/moduleContextMenu.js · createModuleContextMenu,src/moduleContextMenu.js,Audit/çözümleyici sütunu. Runtime default değeri yok; canlı fonksiyondan türetilir veya tarama sonucudur.,Override yok (analiz/audit sütunu).,true,70,104,bu sütun yetenek gözlemidir,"Asıl kontrol ilgili UI (renk editörü, context menu, Shift+R, #floor-type, drag).",Runtime-only / derived audit. Ayrı persist alanı yok.,DERIVED,Bu sütun runtime Item alanı değil; audit/çözümleyici görünümüdür veya başka alandan türetilir. Kullanıcı bu id ile form alanı görmez.,hayır,hayır — türetilmiş / audit sütunu,validation yok (tablo/audit).,true,doğrudan yok veya dolaylı (kanıt bölümü).,yok veya dolaylı değil.,yok.,- `src/designState.js` `if` :803 [read] | - `src/moduleBehavior.js` (dosya düzeyi) :181 [read] | - `src/scene3d.js` `if` :1507 [read] | - `src/main.js` `resizeContextIlluminatedFoam` :874 [read] | - `src/main.js` `if` :1196 [read] | - `src/main.js` `onKeyDown` :1705 [read] | - `src/moduleContextMenu.js` `if` :416 [read] | - `src/selectionFeedback.js` `if` :120 [read] | - `test/f028FeatureReset.test.js` (dosya düzeyi) :12 [test] | - `test/illuminatedFoamInteraction.test.js` (dosya düzeyi) :12 [test] | - `test/illuminatedFoamModule.test.js` (dosya düzeyi) :12 [test] | - `test/lightingItemsContract.test.js` (dosya düzeyi) :31 [test] | - `test/moduleContextAllowSideInsert.test.js` (dosya düzeyi) :8 [test] | - `test/moduleRotationPolicy.test.js` (dosya düzeyi) :23 [test] | - `test/moduleStateConstructionRegistry.test.js` `for` :38 [test] | - `test/projectImportValidation.test.js` (dosya düzeyi) :16 [test] | - `test/selectionFeedback.test.js` `surface` :43 [test] | - `test/systemDevelopmentContract.test.js` `for` :79 [test] | - `test/systemModuleCatalogDoc.test.js` `readCatalogKeySnapshot` :40 [test] | - `e2e/f028-reset-features.spec.mjs` `seedIlluminatedFoam` :40 [test] | - `e2e/f028-reset-features.spec.mjs` `readProjectModules` :128 [test] | - `e2e/lighting-items-contract.spec.mjs` `saveAndReadProject` :49 [test],- `src/items.js` `NON_CATALOG_ITEMS` :273 [define] | - `src/items.js` `NON_CATALOG_ITEMS` :274 [write-or-literal] | - `src/designState.js` `createIlluminatedFoamModuleState` :574 [write] | - `src/designState.js` `createLedFloodlightModuleState` :662 [write] | - `src/designState.js` `if` :804 [write] | - `src/moduleContracts.js` `NON_CATALOG_MODULE_CONTRACTS` :173 [write-or-literal] | - `src/scene3d.js` `createIlluminatedFoamModule` :4718 [write] | - `src/scene3d.js` `if` :4805 [write] | - `src/main.js` (dosya düzeyi) :197 [write] | - `src/main.js` `openAssetContextMenu` :1458 [write] | - `src/main.js` `if` :1662 [write] | - `src/main.js` `onKeyDown` :1713 [write] | - `src/moduleContextMenu.js` `createModuleContextMenu` :49 [write]
ui.editable.floorSelect,Zemin select (audit),Zemin select (audit). Önceki audit'in UI yetenek sütunu. Runtime alanı değil; ilgili action/behavior kanıtlanır.,ui-audit,string,yok / birimsiz,Önceki audit'in UI yetenek sütunu. Runtime alanı değil; ilgili action/behavior kanıtlanır.,UI · src/main.js · syncFloorTypeSelect / assignStandFloorItem / #floor-type,src/main.js,Audit/çözümleyici sütunu. Runtime default değeri yok; canlı fonksiyondan türetilir veya tarama sonucudur.,Override yok (analiz/audit sütunu).,true,70,104,bu sütun yetenek gözlemidir,"Asıl kontrol ilgili UI (renk editörü, context menu, Shift+R, #floor-type, drag).",Runtime-only / derived audit. Ayrı persist alanı yok.,DERIVED,Bu sütun runtime Item alanı değil; audit/çözümleyici görünümüdür veya başka alandan türetilir. Kullanıcı bu id ile form alanı görmez.,hayır,hayır — türetilmiş / audit sütunu,validation yok (tablo/audit).,true,doğrudan yok veya dolaylı (kanıt bölümü).,yok veya dolaylı değil.,yok.,- `src/items.js` `listFloorItems` :329 [read] | - `src/scene3d.js` (dosya düzeyi) :17 [read] | - `src/scene3d.js` `fine` :518 [read] | - `src/main.js` (dosya düzeyi) :54 [read] | - `src/main.js` `assignStandFloorItem` :521 [read] | - `test/floorItemsContract.test.js` (dosya düzeyi) :12 [test] | - `e2e/f020-save-before-project-actions.spec.mjs` `switchProject` :52 [test] | - `e2e/f027-scene-reset.spec.mjs` `readProjects` :42 [test] | - `e2e/floor-items-contract.spec.mjs` `saveAndReadProject` :49 [test],- `src/scene3d.js` (dosya düzeyi) :73 [define] | - `src/main.js` `if` :86 [write] | - `src/main.js` `syncFloorTypeSelect` :90 [write]
ui.editable.placement,Yerleşim/taşıma (audit),Yerleşim/taşıma (audit). Önceki audit'in UI yetenek sütunu. Runtime alanı değil; ilgili action/behavior kanıtlanır.,ui-audit,string,yok / birimsiz,Önceki audit'in UI yetenek sütunu. Runtime alanı değil; ilgili action/behavior kanıtlanır.,placement · src/modulePlacement.js · getModuleMoveSnapCm / rotateModuleRotationZDeg,src/modulePlacement.js,Audit/çözümleyici sütunu. Runtime default değeri yok; canlı fonksiyondan türetilir veya tarama sonucudur.,Override yok (analiz/audit sütunu).,true,70,104,bu sütun yetenek gözlemidir,"Asıl kontrol ilgili UI (renk editörü, context menu, Shift+R, #floor-type, drag).",Runtime-only / derived audit. Ayrı persist alanı yok.,DERIVED,Bu sütun runtime Item alanı değil; audit/çözümleyici görünümüdür veya başka alandan türetilir. Kullanıcı bu id ile form alanı görmez.,hayır,hayır — türetilmiş / audit sütunu,validation yok (tablo/audit).,true,doğrudan yok veya dolaylı (kanıt bölümü).,"Etkiler: snap, collision, side insert, short-up joint, L rotasyon, overlay mount. Ayrıntı `src/modulePlacement.js` + `getModuleBehavior`.",yok.,- `src/scene3d.js` (dosya düzeyi) :50 [read] | - `src/main.js` (dosya düzeyi) :39 [read] | - `src/autoDepot.js` (dosya düzeyi) :2 [read] | - `src/cornerPlacement.js` (dosya düzeyi) :5 [read] | - `src/moduleMove.js` (dosya düzeyi) :1 [read] | - `src/systemChangeContract.js` `SOURCE_FILE_REQUIRED_DOMAINS` :117 [read] | - `src/wallReflow.js` (dosya düzeyi) :1 [read] | - `test/baseModule.test.js` (dosya düzeyi) :10 [test] | - `test/counterModule.test.js` (dosya düzeyi) :4 [test] | - `test/depotFreeDragSnap.test.js` (dosya düzeyi) :3 [test] | - `test/freePropsCollisionNone.test.js` (dosya düzeyi) :11 [test] | - `test/kettle.test.js` (dosya düzeyi) :7 [test] | - `test/lCounterPlacement.test.js` (dosya düzeyi) :3 [test] | - `test/ledFloodlightModule.test.js` (dosya düzeyi) :5 [test] | - `test/moduleBehaviorPolicy.test.js` `for` :80 [test] | - `test/modulePlacement.test.js` (dosya düzeyi) :15 [test] | - `test/profileFieldPlacement.test.js` (dosya düzeyi) :9 [test] | - `test/shelfModule.test.js` (dosya düzeyi) :5 [test] | - `test/systemChangeGate.test.js` `for` :320 [test] | - `test/tv42Module.test.js` `for` :189 [test] | - `test/uprightFieldPlacement.test.js` (dosya düzeyi) :10 [test] | - `test/wallFlatPanelItemsContract.test.js` (dosya düzeyi) :12 [test],- `src/main.js` `if` :582 [write] | - `src/main.js` `assignPlannedPlacements` :655 [write]
ui.editable.rotation,Döndürme (audit),Döndürme (audit). Önceki audit'in UI yetenek sütunu. Runtime alanı değil; ilgili action/behavior kanıtlanır.,ui-audit,string,yok / birimsiz,Önceki audit'in UI yetenek sütunu. Runtime alanı değil; ilgili action/behavior kanıtlanır.,placement · src/modulePlacement.js · getModuleMoveSnapCm / rotateModuleRotationZDeg,src/modulePlacement.js,Audit/çözümleyici sütunu. Runtime default değeri yok; canlı fonksiyondan türetilir veya tarama sonucudur.,Override yok (analiz/audit sütunu).,true,70,104,bu sütun yetenek gözlemidir,"Asıl kontrol ilgili UI (renk editörü, context menu, Shift+R, #floor-type, drag).",Runtime-only / derived audit. Ayrı persist alanı yok.,DERIVED,Bu sütun runtime Item alanı değil; audit/çözümleyici görünümüdür veya başka alandan türetilir. Kullanıcı bu id ile form alanı görmez.,hayır,hayır — türetilmiş / audit sütunu,validation yok (tablo/audit).,true,doğrudan yok veya dolaylı (kanıt bölümü).,"Etkiler: snap, collision, side insert, short-up joint, L rotasyon, overlay mount. Ayrıntı `src/modulePlacement.js` + `getModuleBehavior`.",yok.,- `src/moduleBehavior.js` `getModuleRotationStepDeg` :246 [read] | - `src/scene3d.js` (dosya düzeyi) :33 [read] | - `src/scene3d.js` `if` :4517 [read] | - `test/catalogDragKeyboardIntegration.test.js` (dosya düzeyi) :7 [test] | - `test/lCounterDefaultOrientation.test.js` (dosya düzeyi) :4 [test] | - `test/moduleRotationPolicy.test.js` (dosya düzeyi) :5 [test] | - `test/moduleRotationPolicy.test.js` `for` :29 [test] | - `test/moduleRotationSingleSourceIntegration.test.js` (dosya düzeyi) :12 [test] | - `test/viewKeyboardMainIntegration.test.js` (dosya düzeyi) :9 [test] | - `test/viewKeyboardMainIntegration.test.js` `for` :23 [test] | - `test/viewKeyboardShortcuts.test.js` (dosya düzeyi) :3 [test],- `src/moduleBehavior.js` `resolveModuleRotationDeltaDeg` :253 [write] | - `src/scene3d.js` `if` :4475 [write] | - `src/moduleDragSidebar.js` `createModuleDragSidebar` :387 [write] | - `src/viewKeyboardShortcuts.js` `resolveViewKeyboardShortcut` :9 [write]
persist.projectBlob,IndexedDB proje nesnesi kaydı,IndexedDB proje nesnesi kaydı. `projectStore.saveProject` tüm project put. Alan whitelist yok.,persistence,string,yok / birimsiz,`projectStore.saveProject` tüm project put. Alan whitelist yok.,persistence · src/projectStore.js · saveProject,src/projectStore.js,Yok (mekanizma). `saveProject` tüm project nesnesini put eder.,buildProjectSnapshot stand+modules → saveProject put. Autosave aynı blob.,true,70,104,dolaylı (proje kaydet),Proje kaydet / autosave. Alan seçimi yok.,Persistence mekanizmasının kendisi. IndexedDB `PROJECT_STORE_NAME`.,SYSTEM_INTERNAL,`saveProject` / snapshot altyapısı. Kullanıcı alan seçmez; proje nesnesi put edilir.,hayır,dolaylı (şemasız project blob),Yalnız `project.id` zorunlu (`saveProject`). Alan şeması yok.,false,doğrudan yok veya dolaylı (kanıt bölümü).,yok veya dolaylı değil.,yok.,- `src/main.js` (dosya düzeyi) :23 [read] | - `src/main.js` `buildProjectSnapshot` :1316 [read] | - `src/main.js` `if` :1868 [read] | - `src/main.js` `for` :2000 [read] | - `src/projectStore.js` `saveProject` :13 [read] | - `test/projectAtomicDeletion.test.js` (dosya düzeyi) :23 [test] | - `test/projectImportFlow.test.js` (dosya düzeyi) :17 [test],- `src/main.js` `syncFloorTypeSelect` :134 [write] | - `src/main.js` `getProjectStateSignature` :1328 [write] | - `src/main.js` `persistActiveProject` :1372 [write] | - `src/main.js` `if` :1867 [write]
persist.path,Bu item için persist yolu,Bu item için persist yolu. Katalog/foam: `modules[]`. Zemin: `stand.itemKey` (+ `floorColor`). Leaf: doğrudan yok.,persistence,string,yok / birimsiz,Katalog/foam: `modules[]`. Zemin: `stand.itemKey` (+ `floorColor`). Leaf: doğrudan yok.,persistence · src/projectStore.js · saveProject,src/projectStore.js,Owner katmanındaki tanım; ayrı default sabiti bu id için yok.,Bu özellik için ayrı runtime ezme katmanı yok; değer owner katmanındaki tablodan/kayıttan gelir.,true,70,104,dolaylı (proje kaydet),Proje kaydet / autosave. Alan seçimi yok.,Persistence mekanizmasının kendisi. IndexedDB `PROJECT_STORE_NAME`.,SYSTEM_INTERNAL,`saveProject` / snapshot altyapısı. Kullanıcı alan seçmez; proje nesnesi put edilir.,hayır,dolaylı (şemasız project blob),validation yok (genel proje şeması yok).,true,doğrudan yok veya dolaylı (kanıt bölümü).,yok veya dolaylı değil.,yok.,- `src/main.js` `assignStandFloorItem` :521 [read] | - `src/main.js` `buildProjectSnapshot` :1316 [read] | - `test/counterModule.test.js` `for` :56 [test] | - `test/depotFreeDragSnap.test.js` `for` :14 [test] | - `test/freePropsCollisionNone.test.js` `for` :57 [test] | - `test/imageAssetDeletion.test.js` (dosya düzeyi) :8 [test] | - `test/lCounterPlacement.test.js` (dosya düzeyi) :51 [test] | - `test/modulePlacement.test.js` (dosya düzeyi) :169 [test] | - `test/modulePlacement.test.js` `if` :758 [test] | - `test/profileFieldPlacement.test.js` `for` :85 [test] | - `test/profileFieldPlacement.test.js` (dosya düzeyi) :124 [test] | - `test/projectImportValidation.test.js` (dosya düzeyi) :38 [test] | - `test/rightWallOrientation.test.js` (dosya düzeyi) :23 [test] | - `test/uprightFieldPlacement.test.js` `for` :88 [test] | - `test/uprightFieldPlacement.test.js` (dosya düzeyi) :124 [test] | - `test/wallReflow.test.js` `module` :82 [test] | - `test/wallReflow.test.js` (dosya düzeyi) :137 [test] | - `e2e/f023-atomic-project-delete.spec.mjs` `seedProjectsAndAssets` :24 [test] | - `e2e/project-import-validation.spec.mjs` (dosya düzeyi) :12 [test],- `src/scene3d.js` `rotateSelectedModule` :2268 [write-or-literal] | - `src/scene3d.js` `if` :2585 [write-or-literal] | - `src/main.js` `if` :418 [write-or-literal] | - `src/main.js` `for` :682 [write-or-literal] | - `src/main.js` `if` :1055 [write] | - `src/main.js` `buildProjectSnapshot` :1323 [write-or-literal] | - `src/main.js` `getProjectStateSignature` :1328 [write] | - `src/main.js` `getProjectStateSignature` :1332 [write-or-literal] | - `src/main.js` `persistActiveProject` :1372 [write] | - `src/automaticWall.js` `if` :71 [write-or-literal] | - `src/moduleMove.js` `if` :297 [write-or-literal] | - `src/modulePlacement.js` `if` :1583 [write-or-literal]
featureContracts,Otomatik sahne feature sözleşmesi eşleşmesi,Otomatik sahne feature sözleşmesi eşleşmesi. Audit özelliği. Aşağıdaki kanıt satırlarına bak.,sahne-feature,string,yok / birimsiz,Audit özelliği. Aşağıdaki kanıt satırlarına bak.,feature contract · src/featureContracts.js · FEATURE_CONTRACTS,src/featureContracts.js,Owner katmanındaki tanım; ayrı default sabiti bu id için yok.,Bu özellik için ayrı runtime ezme katmanı yok; değer owner katmanındaki tablodan/kayıttan gelir.,true,17,17,hayır,yok,BELIRSIZ,SYSTEM_INTERNAL,`FEATURE_CONTRACTS` sahne-composition kaydı. Stage seçenekleri tetikler; item form alanı değil.,hayır,hayır — kod tablosu,validation yok (genel proje şeması yok).,true,doğrudan yok veya dolaylı (kanıt bölümü).,yok veya dolaylı değil.,yok.,- `src/main.js` (dosya düzeyi) :13 [read] | - `src/main.js` `if` :1074 [read] | - `src/featureContracts.js` `getFeatureContract` :74 [read] | - `src/systemChangeContract.js` `SOURCE_FILE_REQUIRED_DOMAINS` :77 [read] | - `test/automaticWall.test.js` (dosya düzeyi) :6 [test] | - `test/depotBackWallRecipe.test.js` (dosya düzeyi) :3 [test] | - `test/systemDevelopmentContract.test.js` (dosya düzeyi) :14 [test] | - `test/systemDevelopmentContract.test.js` `for` :87 [test],- `src/main.js` `if` :1064 [write] | - `src/featureContracts.js` `FEATURE_CONTRACTS` :1 [define] | - `src/featureContracts.js` `FEATURE_CONTRACTS` :2 [write-or-literal]
docs.definition,Definition markdown yolu,Definition markdown yolu. Audit özelliği. Aşağıdaki kanıt satırlarına bak.,dokuman,string,yok / birimsiz,Audit özelliği. Aşağıdaki kanıt satırlarına bak.,doküman · docs/items/definitions/ · <itemKey>.md,docs/items/definitions/,Audit/çözümleyici sütunu. Runtime default değeri yok; canlı fonksiyondan türetilir veya tarama sonucudur.,Bu özellik için ayrı runtime ezme katmanı yok; değer owner katmanındaki tablodan/kayıttan gelir.,true,62,96,hayır,yok,Runtime-only / derived audit. Ayrı persist alanı yok.,DERIVED,Bu sütun runtime Item alanı değil; audit/çözümleyici görünümüdür veya başka alandan türetilir. Kullanıcı bu id ile form alanı görmez.,hayır,hayır — türetilmiş / audit sütunu,validation yok (genel proje şeması yok).,true,doğrudan yok veya dolaylı (kanıt bölümü).,yok veya dolaylı değil.,yok.,- `test/doorCompositeItemContract.test.js` (dosya düzeyi) :141 [test] | - `test/itemDocsRuntimeAlignment.test.js` `collectMarkdown` :25 [test] | - `test/itemDocsRuntimeAlignment.test.js` `for` :44 [test],- Bu taramada atama/literal satırı yok veya alan dondurulmuş kayıt / türetilmiş audit sütunu.
tests.srcHits,itemKey src/ geçişleri (audit taraması),itemKey src/ geçişleri (audit taraması). Önceki audit'in rg itemKey hit listesi. Sistem property'si değil; kanıt taraması.,audit-kanit-taramasi,string,yok / birimsiz,Önceki audit'in rg itemKey hit listesi. Sistem property'si değil; kanıt taraması.,audit tarama · önceki audit üreticisi + rg · itemKey string araması,önceki audit üreticisi + rg,Audit/çözümleyici sütunu. Runtime default değeri yok; canlı fonksiyondan türetilir veya tarama sonucudur.,Override yok (analiz/audit sütunu).,true,70,104,hayır,yok,Runtime-only / derived audit. Ayrı persist alanı yok.,DERIVED,Bu sütun runtime Item alanı değil; audit/çözümleyici görünümüdür veya başka alandan türetilir. Kullanıcı bu id ile form alanı görmez.,hayır,hayır — türetilmiş / audit sütunu,validation yok (tablo/audit).,true,doğrudan yok veya dolaylı (kanıt bölümü).,yok veya dolaylı değil.,yok.,- `src/items.js` `getDoorLeafItem` :68 [read] | - `src/items.js` `if` :106 [read] | - `src/items.js` `getTopLightItemForType` :271 [read] | - `src/items.js` `NON_CATALOG_ITEMS` :286 [read] | - `src/items.js` `resolveStandFloorItemKey` :368 [read] | - `src/items.js` `getFurnitureClusterQuantity` :373 [read] | - `src/items.js` `COMPOSITE_ITEMS` :543 [read] | - `src/items.js` `getShowcaseBodyDefinition` :979 [read] | - `src/items.js` `getItem` :1003 [read] | - `src/designState.js` `separatorDefaultColor` :21 [read] | - `src/designState.js` `itemDefaultColorHex` :49 [read] | - `src/designState.js` `if` :57 [read] | - `src/designState.js` `createShowcaseModuleState` :169 [read] | - `src/designState.js` `isIndoorPlantItem` :512 [read] | - `src/designState.js` `createIndoorPlantModuleState` :540 [read] | - `src/catalog.js` `createBaseCatalogItem` :35 [read] | - `src/catalog.js` `createCounterCatalogItem` :45 [read] | - `src/catalog.js` `createFlatPanelCatalogItem` :57 [read] | - `src/catalog.js` `createUprightCatalogItem` :70 [read] | - `src/catalog.js` `createProfileCatalogItem` :84 [read] | - `src/catalog.js` `createBaseWallCatalogItem` :98 [read] | - `src/catalog.js` `createSeparatorCatalogItem` :110 [read] | - `src/catalog.js` `createShelfCatalogItem` :122 [read] | - `src/catalog.js` `createWallMediaCatalogItem` :173 [read] | - `src/catalog.js` `createTopLightCatalogItem` :215 [read] | - `src/catalog.js` `createCommercialCatalogItem` :227 [read] | - `src/catalog.js` `createIndoorPlantCatalogItem` :232 [read] | - `src/catalog.js` `createFurnitureCatalogItem` :248 [read] | - `src/moduleContracts.js` `resolveModuleContract` :210 [read] | - `src/itemBom.js` `positiveQuantity` :4 [read] | - `src/itemBom.js` `if` :27 [read] | - `src/moduleRecipes.js` `getStraightWallNominalWidthForProfileItem` :185 [read] | - `src/moduleRecipes.js` `getRecipeItemKey` :200 [read] | - `src/scene3d.js` `if` :1888 [read] | - `src/scene3d.js` `createSofaPieceClassicModule` :6344 [read] | - `src/main.js` `assignStandFloorItem` :521 [read] | - `src/main.js` `if` :1415 [read] | - `src/modulePlacement.js` `validatePlacementAgainstModules` :588 [read] | - `src/modulePlacement.js` `addCandidate` :896 [read] | - `src/rawBomDebug.js` `renderItemBom` :78 [read] | - `test/baseItemsContract.test.js` (dosya düzeyi) :39 [test] | - `test/baseItemsContract.test.js` `for` :115 [test] | - `test/baseRecipes.test.js` (dosya düzeyi) :35 [test] | - `test/baseTopsItemContract.test.js` (dosya düzeyi) :30 [test] | - `test/baseTopsItemContract.test.js` `for` :52 [test] | - `test/baseWallRecipes.test.js` (dosya düzeyi) :17 [test] | - `test/boardMaterialItemContract.test.js` `for` :34 [test] | - `test/catalogSingleSource.test.js` (dosya düzeyi) :24 [test] | - `test/chairEamesContract.test.js` (dosya düzeyi) :11 [test] | - `test/coatRackModule.test.js` (dosya düzeyi) :11 [test] | - `test/commercialItemsContract.test.js` (dosya düzeyi) :12 [test] | - `test/connectorBom.test.js` (dosya düzeyi) :18 [test] | - `test/cornerPanelsItemContract.test.js` (dosya düzeyi) :58 [test] | - `test/cornerPanelsItemContract.test.js` `for` :79 [test] | - `test/counterRecipes.test.js` (dosya düzeyi) :20 [test] | - `test/counterTopDefaultColor.test.js` `for` :16 [test] | - `test/counterTopsItemContract.test.js` (dosya düzeyi) :26 [test] | - `test/counterTopsItemContract.test.js` `for` :44 [test] | - `test/designState.test.js` (dosya düzeyi) :183 [test] | - `test/deskBankoItemsContract.test.js` (dosya düzeyi) :69 [test] | - `test/deskBankoItemsContract.test.js` `if` :94 [test] | - `test/developerEntrypointDocs.test.js` (dosya düzeyi) :53 [test] | - `test/doorCompositeItemContract.test.js` (dosya düzeyi) :35 [test] | - `test/doorLeafItemContract.test.js` (dosya düzeyi) :12 [test] | - `test/floorItemsContract.test.js` (dosya düzeyi) :26 [test] | - … test/e2e ek 99 eşleşme (src listesi tam).,- `src/items.js` `LEAF_ITEMS` :3 [define] | - `src/items.js` `getDoorLeafItem` :67 [write] | - `src/items.js` `for` :98 [write] | - `src/items.js` `if` :101 [write-or-literal] | - `src/items.js` `if` :112 [write] | - `src/items.js` `if` :114 [define] | - `src/items.js` `COMMERCIAL_ITEMS` :121 [write-or-literal] | - `src/items.js` `FURNITURE_ITEMS` :151 [write-or-literal] | - `src/items.js` `FURNITURE_ITEMS` :161 [define] | - `src/items.js` (dosya düzeyi) :237 [write-or-literal] | - `src/items.js` `TOP_LIGHT_ITEMS` :255 [write-or-literal] | - `src/items.js` `NON_CATALOG_ITEMS` :274 [write-or-literal] | - `src/items.js` `FLOOR_ITEMS` :289 [write-or-literal] | - `src/items.js` `INDOOR_PLANT_ITEMS` :381 [write-or-literal] | - `src/items.js` `WALL_MEDIA_ITEMS` :424 [write-or-literal] | - `src/items.js` `resolveWallMediaMetrics` :460 [write-or-literal] | - `src/items.js` `COMPOSITE_ITEMS` :495 [write-or-literal] | - `src/items.js` `isShortUpFamilyDescriptor` :1017 [write] | - `src/designState.js` `separatorDefaultColor` :22 [write] | - `src/designState.js` `if` :61 [write-or-literal] | - `src/designState.js` `resolveFlatPanelItemKey` :87 [write] | - `src/designState.js` `createFlatPanelModuleState` :95 [write] | - `src/designState.js` `createFlatPanelModuleState` :104 [write-or-literal] | - `src/designState.js` `resolveSeparatorItemKey` :122 [write] | - `src/designState.js` `resolveSeparatorItemKey` :128 [write-or-literal] | - `src/designState.js` `createSeparatorModuleState` :149 [write] | - `src/designState.js` `createSeparatorModuleState` :156 [write-or-literal] | - `src/designState.js` `createShowcaseModuleState` :168 [write] | - `src/designState.js` `createShowcaseModuleState` :177 [write-or-literal] | - `src/designState.js` `resolveShelfItemKey` :200 [write] | - `src/designState.js` `resolveShelfItemKey` :206 [write-or-literal] | - `src/designState.js` `createShelfModuleState` :222 [write] | - `src/designState.js` `createShelfModuleState` :230 [write-or-literal] | - `src/designState.js` `createDoorModuleState` :251 [write-or-literal] | - `src/designState.js` `resolveCounterItemKey` :275 [write] | - `src/designState.js` `createCounterModuleState` :289 [write] | - `src/designState.js` `resolveBaseWallItemKey` :326 [write] | - `src/designState.js` `createBaseWallModuleState` :334 [write] | - `src/designState.js` `createBaseWallModuleState` :341 [write-or-literal] | - `src/designState.js` `resolveBaseItemKey` :366 [write] | - `src/designState.js` `createBaseModuleState` :374 [write] | - `src/designState.js` `createBaseModuleState` :381 [write-or-literal] | - `src/designState.js` `createFurnitureModuleState` :399 [write-or-literal] | - `src/designState.js` `createCommercialModuleState` :454 [write-or-literal] | - `src/designState.js` `createUprightModuleState` :483 [write-or-literal] | - `src/designState.js` `createProfileModuleState` :492 [write] | - `src/designState.js` `createProfileModuleState` :499 [write-or-literal] | - `src/designState.js` `resolveIndoorPlantItemKey` :517 [write] | - `src/designState.js` `modelFile` :528 [write-or-literal] | - `src/designState.js` `createIndoorPlantModuleState` :546 [write] | - `src/designState.js` `createIndoorPlantModuleState` :556 [write-or-literal] | - `src/designState.js` `createIlluminatedFoamModuleState` :579 [write-or-literal] | - `src/catalog.js` `createBaseCatalogItem` :36 [write] | - `src/catalog.js` `createBaseCatalogItem` :38 [write-or-literal] | - `src/catalog.js` `createCounterCatalogItem` :46 [write] | - `src/catalog.js` `createCounterCatalogItem` :48 [write-or-literal] | - `src/catalog.js` `createFlatPanelCatalogItem` :58 [write] | - `src/catalog.js` `createFlatPanelCatalogItem` :60 [write-or-literal] | - `src/catalog.js` `createUprightCatalogItem` :71 [write] | - `src/catalog.js` `createUprightCatalogItem` :75 [write-or-literal] | - `src/catalog.js` `createProfileCatalogItem` :85 [write] | - `src/catalog.js` `createProfileCatalogItem` :89 [write-or-literal] | - `src/catalog.js` `createBaseWallCatalogItem` :99 [write] | - `src/catalog.js` `createBaseWallCatalogItem` :101 [write-or-literal] | - `src/catalog.js` `createSeparatorCatalogItem` :111 [write] | - `src/catalog.js` `createSeparatorCatalogItem` :113 [write-or-literal] | - `src/catalog.js` `createShelfCatalogItem` :123 [write] | - `src/catalog.js` `createShelfCatalogItem` :125 [write-or-literal] | - `src/catalog.js` `createWallMediaCatalogItem` :174 [write] | - `src/catalog.js` `createWallMediaCatalogItem` :176 [write-or-literal] | - `src/catalog.js` `createTopLightCatalogItem` :216 [write] | - `src/catalog.js` `createTopLightCatalogItem` :218 [write-or-literal] | - `src/catalog.js` `createCommercialCatalogItem` :228 [write] | - `src/catalog.js` `createIndoorPlantCatalogItem` :233 [write] | - `src/catalog.js` `createIndoorPlantCatalogItem` :235 [write-or-literal] | - `src/catalog.js` `createFurnitureCatalogItem` :249 [write] | - `src/catalog.js` `createFurnitureCatalogItem` :251 [write-or-literal] | - `src/catalog.js` `MODULE_CATALOG` :280 [write-or-literal] | - `src/catalog.js` `normalizeCatalogDescriptor` :485 [write-or-literal] | - `src/moduleBehavior.js` `getModuleCollisionHeightRangeCm` :280 [write] | - `src/moduleContracts.js` `resolveModuleContract` :202 [write-or-literal] | - `src/moduleContracts.js` `resolveModuleContract` :215 [write] | - `src/itemBom.js` `positiveQuantity` :7 [write-or-literal] | - `src/itemBom.js` `resolveLines` :32 [write] | - `src/itemBom.js` `resolveLines` :34 [write-or-literal] | - `src/itemBom.js` `if` :39 [write-or-literal] | - `src/itemBom.js` `if` :47 [write] | - `src/itemBom.js` `resolveItemBom` :61 [write] | - `src/itemBom.js` `for` :66 [write] | - `src/moduleRecipes.js` (dosya düzeyi) :5 [write-or-literal] | - `src/moduleRecipes.js` `for` :210 [write] | - `src/moduleRecipes.js` `if` :259 [write-or-literal] | - `src/scene3d.js` (dosya düzeyi) :73 [define] | - `src/scene3d.js` `fine` :516 [write] | - `src/scene3d.js` `setFloorType` :610 [write] | - `src/scene3d.js` `pickModuleContext` :1806 [write-or-literal] | - `src/scene3d.js` `if` :2090 [write] | - `src/scene3d.js` `rotateSelectedModule` :2265 [write-or-literal] | - `src/scene3d.js` `if` :2576 [write-or-literal] | - `src/scene3d.js` `createProfileModule` :5341 [write] | - `src/scene3d.js` `createSofaPieceClassicModule` :6345 [write] | - `src/scene3d.js` `for` :7173 [write] | - `src/scene3d.js` `createShowcaseModule` :7445 [write] | - `src/main.js` `syncFloorTypeSelect` :89 [write] | - `src/main.js` `assignStandFloorItem` :522 [write] | - `src/main.js` `createCatalogModuleState` :527 [write] | - `src/main.js` `createCatalogModuleState` :530 [write-or-literal] | - `src/main.js` `for` :679 [write-or-literal] | - `src/main.js` `resizeContextIlluminatedFoam` :901 [write] | - `src/autoDepot.js` `if` :119 [write-or-literal] | - `src/moduleMove.js` `if` :184 [write-or-literal] | - `src/modulePlacement.js` `validatePlacementAgainstModules` :563 [write] | - `src/modulePlacement.js` `snapUprightToShortUpJoints` :769 [write-or-literal] | - `src/modulePlacement.js` `snapPlacementToModules` :808 [write] | - `src/modulePlacement.js` `if` :1580 [write-or-literal] | - `src/rawBomDebug.js` `if` :72 [write] | - `src/rawBomDebug.js` `renderItemBom` :83 [write] | - `src/selectionFeedback.js` `if` :76 [write] | - `src/stripOccupancy.js` `resolveModuleStripOccupancy` :23 [write]
tests.unitHits,itemKey test/ geçişleri (audit taraması),itemKey test/ geçişleri (audit taraması). Önceki audit'in rg itemKey hit listesi. Sistem property'si değil; kanıt taraması.,audit-kanit-taramasi,string,yok / birimsiz,Önceki audit'in rg itemKey hit listesi. Sistem property'si değil; kanıt taraması.,audit tarama · önceki audit üreticisi + rg · itemKey string araması,önceki audit üreticisi + rg,Audit/çözümleyici sütunu. Runtime default değeri yok; canlı fonksiyondan türetilir veya tarama sonucudur.,Override yok (analiz/audit sütunu).,true,70,104,hayır,yok,Runtime-only / derived audit. Ayrı persist alanı yok.,DERIVED,Bu sütun runtime Item alanı değil; audit/çözümleyici görünümüdür veya başka alandan türetilir. Kullanıcı bu id ile form alanı görmez.,hayır,hayır — türetilmiş / audit sütunu,validation yok (tablo/audit).,true,doğrudan yok veya dolaylı (kanıt bölümü).,yok veya dolaylı değil.,yok.,- `src/items.js` `getDoorLeafItem` :68 [read] | - `src/items.js` `if` :106 [read] | - `src/items.js` `getTopLightItemForType` :271 [read] | - `src/items.js` `NON_CATALOG_ITEMS` :286 [read] | - `src/items.js` `resolveStandFloorItemKey` :368 [read] | - `src/items.js` `getFurnitureClusterQuantity` :373 [read] | - `src/items.js` `COMPOSITE_ITEMS` :543 [read] | - `src/items.js` `getShowcaseBodyDefinition` :979 [read] | - `src/items.js` `getItem` :1003 [read] | - `src/designState.js` `separatorDefaultColor` :21 [read] | - `src/designState.js` `itemDefaultColorHex` :49 [read] | - `src/designState.js` `if` :57 [read] | - `src/designState.js` `createShowcaseModuleState` :169 [read] | - `src/designState.js` `isIndoorPlantItem` :512 [read] | - `src/designState.js` `createIndoorPlantModuleState` :540 [read] | - `src/catalog.js` `createBaseCatalogItem` :35 [read] | - `src/catalog.js` `createCounterCatalogItem` :45 [read] | - `src/catalog.js` `createFlatPanelCatalogItem` :57 [read] | - `src/catalog.js` `createUprightCatalogItem` :70 [read] | - `src/catalog.js` `createProfileCatalogItem` :84 [read] | - `src/catalog.js` `createBaseWallCatalogItem` :98 [read] | - `src/catalog.js` `createSeparatorCatalogItem` :110 [read] | - `src/catalog.js` `createShelfCatalogItem` :122 [read] | - `src/catalog.js` `createWallMediaCatalogItem` :173 [read] | - `src/catalog.js` `createTopLightCatalogItem` :215 [read] | - `src/catalog.js` `createCommercialCatalogItem` :227 [read] | - `src/catalog.js` `createIndoorPlantCatalogItem` :232 [read] | - `src/catalog.js` `createFurnitureCatalogItem` :248 [read] | - `src/moduleContracts.js` `resolveModuleContract` :210 [read] | - `src/itemBom.js` `positiveQuantity` :4 [read] | - `src/itemBom.js` `if` :27 [read] | - `src/moduleRecipes.js` `getStraightWallNominalWidthForProfileItem` :185 [read] | - `src/moduleRecipes.js` `getRecipeItemKey` :200 [read] | - `src/scene3d.js` `if` :1888 [read] | - `src/scene3d.js` `createSofaPieceClassicModule` :6344 [read] | - `src/main.js` `assignStandFloorItem` :521 [read] | - `src/main.js` `if` :1415 [read] | - `src/modulePlacement.js` `validatePlacementAgainstModules` :588 [read] | - `src/modulePlacement.js` `addCandidate` :896 [read] | - `src/rawBomDebug.js` `renderItemBom` :78 [read] | - `test/baseItemsContract.test.js` (dosya düzeyi) :39 [test] | - `test/baseItemsContract.test.js` `for` :115 [test] | - `test/baseRecipes.test.js` (dosya düzeyi) :35 [test] | - `test/baseTopsItemContract.test.js` (dosya düzeyi) :30 [test] | - `test/baseTopsItemContract.test.js` `for` :52 [test] | - `test/baseWallRecipes.test.js` (dosya düzeyi) :17 [test] | - `test/boardMaterialItemContract.test.js` `for` :34 [test] | - `test/catalogSingleSource.test.js` (dosya düzeyi) :24 [test] | - `test/chairEamesContract.test.js` (dosya düzeyi) :11 [test] | - `test/coatRackModule.test.js` (dosya düzeyi) :11 [test] | - `test/commercialItemsContract.test.js` (dosya düzeyi) :12 [test] | - `test/connectorBom.test.js` (dosya düzeyi) :18 [test] | - `test/cornerPanelsItemContract.test.js` (dosya düzeyi) :58 [test] | - `test/cornerPanelsItemContract.test.js` `for` :79 [test] | - `test/counterRecipes.test.js` (dosya düzeyi) :20 [test] | - `test/counterTopDefaultColor.test.js` `for` :16 [test] | - `test/counterTopsItemContract.test.js` (dosya düzeyi) :26 [test] | - `test/counterTopsItemContract.test.js` `for` :44 [test] | - `test/designState.test.js` (dosya düzeyi) :183 [test] | - `test/deskBankoItemsContract.test.js` (dosya düzeyi) :69 [test] | - `test/deskBankoItemsContract.test.js` `if` :94 [test] | - `test/developerEntrypointDocs.test.js` (dosya düzeyi) :53 [test] | - `test/doorCompositeItemContract.test.js` (dosya düzeyi) :35 [test] | - `test/doorLeafItemContract.test.js` (dosya düzeyi) :12 [test] | - `test/floorItemsContract.test.js` (dosya düzeyi) :26 [test] | - … test/e2e ek 99 eşleşme (src listesi tam).,- `src/items.js` `LEAF_ITEMS` :3 [define] | - `src/items.js` `getDoorLeafItem` :67 [write] | - `src/items.js` `for` :98 [write] | - `src/items.js` `if` :101 [write-or-literal] | - `src/items.js` `if` :112 [write] | - `src/items.js` `if` :114 [define] | - `src/items.js` `COMMERCIAL_ITEMS` :121 [write-or-literal] | - `src/items.js` `FURNITURE_ITEMS` :151 [write-or-literal] | - `src/items.js` `FURNITURE_ITEMS` :161 [define] | - `src/items.js` (dosya düzeyi) :237 [write-or-literal] | - `src/items.js` `TOP_LIGHT_ITEMS` :255 [write-or-literal] | - `src/items.js` `NON_CATALOG_ITEMS` :274 [write-or-literal] | - `src/items.js` `FLOOR_ITEMS` :289 [write-or-literal] | - `src/items.js` `INDOOR_PLANT_ITEMS` :381 [write-or-literal] | - `src/items.js` `WALL_MEDIA_ITEMS` :424 [write-or-literal] | - `src/items.js` `resolveWallMediaMetrics` :460 [write-or-literal] | - `src/items.js` `COMPOSITE_ITEMS` :495 [write-or-literal] | - `src/items.js` `isShortUpFamilyDescriptor` :1017 [write] | - `src/designState.js` `separatorDefaultColor` :22 [write] | - `src/designState.js` `if` :61 [write-or-literal] | - `src/designState.js` `resolveFlatPanelItemKey` :87 [write] | - `src/designState.js` `createFlatPanelModuleState` :95 [write] | - `src/designState.js` `createFlatPanelModuleState` :104 [write-or-literal] | - `src/designState.js` `resolveSeparatorItemKey` :122 [write] | - `src/designState.js` `resolveSeparatorItemKey` :128 [write-or-literal] | - `src/designState.js` `createSeparatorModuleState` :149 [write] | - `src/designState.js` `createSeparatorModuleState` :156 [write-or-literal] | - `src/designState.js` `createShowcaseModuleState` :168 [write] | - `src/designState.js` `createShowcaseModuleState` :177 [write-or-literal] | - `src/designState.js` `resolveShelfItemKey` :200 [write] | - `src/designState.js` `resolveShelfItemKey` :206 [write-or-literal] | - `src/designState.js` `createShelfModuleState` :222 [write] | - `src/designState.js` `createShelfModuleState` :230 [write-or-literal] | - `src/designState.js` `createDoorModuleState` :251 [write-or-literal] | - `src/designState.js` `resolveCounterItemKey` :275 [write] | - `src/designState.js` `createCounterModuleState` :289 [write] | - `src/designState.js` `resolveBaseWallItemKey` :326 [write] | - `src/designState.js` `createBaseWallModuleState` :334 [write] | - `src/designState.js` `createBaseWallModuleState` :341 [write-or-literal] | - `src/designState.js` `resolveBaseItemKey` :366 [write] | - `src/designState.js` `createBaseModuleState` :374 [write] | - `src/designState.js` `createBaseModuleState` :381 [write-or-literal] | - `src/designState.js` `createFurnitureModuleState` :399 [write-or-literal] | - `src/designState.js` `createCommercialModuleState` :454 [write-or-literal] | - `src/designState.js` `createUprightModuleState` :483 [write-or-literal] | - `src/designState.js` `createProfileModuleState` :492 [write] | - `src/designState.js` `createProfileModuleState` :499 [write-or-literal] | - `src/designState.js` `resolveIndoorPlantItemKey` :517 [write] | - `src/designState.js` `modelFile` :528 [write-or-literal] | - `src/designState.js` `createIndoorPlantModuleState` :546 [write] | - `src/designState.js` `createIndoorPlantModuleState` :556 [write-or-literal] | - `src/designState.js` `createIlluminatedFoamModuleState` :579 [write-or-literal] | - `src/catalog.js` `createBaseCatalogItem` :36 [write] | - `src/catalog.js` `createBaseCatalogItem` :38 [write-or-literal] | - `src/catalog.js` `createCounterCatalogItem` :46 [write] | - `src/catalog.js` `createCounterCatalogItem` :48 [write-or-literal] | - `src/catalog.js` `createFlatPanelCatalogItem` :58 [write] | - `src/catalog.js` `createFlatPanelCatalogItem` :60 [write-or-literal] | - `src/catalog.js` `createUprightCatalogItem` :71 [write] | - `src/catalog.js` `createUprightCatalogItem` :75 [write-or-literal] | - `src/catalog.js` `createProfileCatalogItem` :85 [write] | - `src/catalog.js` `createProfileCatalogItem` :89 [write-or-literal] | - `src/catalog.js` `createBaseWallCatalogItem` :99 [write] | - `src/catalog.js` `createBaseWallCatalogItem` :101 [write-or-literal] | - `src/catalog.js` `createSeparatorCatalogItem` :111 [write] | - `src/catalog.js` `createSeparatorCatalogItem` :113 [write-or-literal] | - `src/catalog.js` `createShelfCatalogItem` :123 [write] | - `src/catalog.js` `createShelfCatalogItem` :125 [write-or-literal] | - `src/catalog.js` `createWallMediaCatalogItem` :174 [write] | - `src/catalog.js` `createWallMediaCatalogItem` :176 [write-or-literal] | - `src/catalog.js` `createTopLightCatalogItem` :216 [write] | - `src/catalog.js` `createTopLightCatalogItem` :218 [write-or-literal] | - `src/catalog.js` `createCommercialCatalogItem` :228 [write] | - `src/catalog.js` `createIndoorPlantCatalogItem` :233 [write] | - `src/catalog.js` `createIndoorPlantCatalogItem` :235 [write-or-literal] | - `src/catalog.js` `createFurnitureCatalogItem` :249 [write] | - `src/catalog.js` `createFurnitureCatalogItem` :251 [write-or-literal] | - `src/catalog.js` `MODULE_CATALOG` :280 [write-or-literal] | - `src/catalog.js` `normalizeCatalogDescriptor` :485 [write-or-literal] | - `src/moduleBehavior.js` `getModuleCollisionHeightRangeCm` :280 [write] | - `src/moduleContracts.js` `resolveModuleContract` :202 [write-or-literal] | - `src/moduleContracts.js` `resolveModuleContract` :215 [write] | - `src/itemBom.js` `positiveQuantity` :7 [write-or-literal] | - `src/itemBom.js` `resolveLines` :32 [write] | - `src/itemBom.js` `resolveLines` :34 [write-or-literal] | - `src/itemBom.js` `if` :39 [write-or-literal] | - `src/itemBom.js` `if` :47 [write] | - `src/itemBom.js` `resolveItemBom` :61 [write] | - `src/itemBom.js` `for` :66 [write] | - `src/moduleRecipes.js` (dosya düzeyi) :5 [write-or-literal] | - `src/moduleRecipes.js` `for` :210 [write] | - `src/moduleRecipes.js` `if` :259 [write-or-literal] | - `src/scene3d.js` (dosya düzeyi) :73 [define] | - `src/scene3d.js` `fine` :516 [write] | - `src/scene3d.js` `setFloorType` :610 [write] | - `src/scene3d.js` `pickModuleContext` :1806 [write-or-literal] | - `src/scene3d.js` `if` :2090 [write] | - `src/scene3d.js` `rotateSelectedModule` :2265 [write-or-literal] | - `src/scene3d.js` `if` :2576 [write-or-literal] | - `src/scene3d.js` `createProfileModule` :5341 [write] | - `src/scene3d.js` `createSofaPieceClassicModule` :6345 [write] | - `src/scene3d.js` `for` :7173 [write] | - `src/scene3d.js` `createShowcaseModule` :7445 [write] | - `src/main.js` `syncFloorTypeSelect` :89 [write] | - `src/main.js` `assignStandFloorItem` :522 [write] | - `src/main.js` `createCatalogModuleState` :527 [write] | - `src/main.js` `createCatalogModuleState` :530 [write-or-literal] | - `src/main.js` `for` :679 [write-or-literal] | - `src/main.js` `resizeContextIlluminatedFoam` :901 [write] | - `src/autoDepot.js` `if` :119 [write-or-literal] | - `src/moduleMove.js` `if` :184 [write-or-literal] | - `src/modulePlacement.js` `validatePlacementAgainstModules` :563 [write] | - `src/modulePlacement.js` `snapUprightToShortUpJoints` :769 [write-or-literal] | - `src/modulePlacement.js` `snapPlacementToModules` :808 [write] | - `src/modulePlacement.js` `if` :1580 [write-or-literal] | - `src/rawBomDebug.js` `if` :72 [write] | - `src/rawBomDebug.js` `renderItemBom` :83 [write] | - `src/selectionFeedback.js` `if` :76 [write] | - `src/stripOccupancy.js` `resolveModuleStripOccupancy` :23 [write]
tests.e2eHits,itemKey e2e/ geçişleri (audit taraması),itemKey e2e/ geçişleri (audit taraması). Önceki audit'in rg itemKey hit listesi. Sistem property'si değil; kanıt taraması.,audit-kanit-taramasi,string,yok / birimsiz,Önceki audit'in rg itemKey hit listesi. Sistem property'si değil; kanıt taraması.,audit tarama · önceki audit üreticisi + rg · itemKey string araması,önceki audit üreticisi + rg,Audit/çözümleyici sütunu. Runtime default değeri yok; canlı fonksiyondan türetilir veya tarama sonucudur.,Override yok (analiz/audit sütunu).,true,62,63,hayır,yok,Runtime-only / derived audit. Ayrı persist alanı yok.,DERIVED,Bu sütun runtime Item alanı değil; audit/çözümleyici görünümüdür veya başka alandan türetilir. Kullanıcı bu id ile form alanı görmez.,hayır,hayır — türetilmiş / audit sütunu,validation yok (tablo/audit).,true,doğrudan yok veya dolaylı (kanıt bölümü).,yok veya dolaylı değil.,yok.,- `src/items.js` `getDoorLeafItem` :68 [read] | - `src/items.js` `if` :106 [read] | - `src/items.js` `getTopLightItemForType` :271 [read] | - `src/items.js` `NON_CATALOG_ITEMS` :286 [read] | - `src/items.js` `resolveStandFloorItemKey` :368 [read] | - `src/items.js` `getFurnitureClusterQuantity` :373 [read] | - `src/items.js` `COMPOSITE_ITEMS` :543 [read] | - `src/items.js` `getShowcaseBodyDefinition` :979 [read] | - `src/items.js` `getItem` :1003 [read] | - `src/designState.js` `separatorDefaultColor` :21 [read] | - `src/designState.js` `itemDefaultColorHex` :49 [read] | - `src/designState.js` `if` :57 [read] | - `src/designState.js` `createShowcaseModuleState` :169 [read] | - `src/designState.js` `isIndoorPlantItem` :512 [read] | - `src/designState.js` `createIndoorPlantModuleState` :540 [read] | - `src/catalog.js` `createBaseCatalogItem` :35 [read] | - `src/catalog.js` `createCounterCatalogItem` :45 [read] | - `src/catalog.js` `createFlatPanelCatalogItem` :57 [read] | - `src/catalog.js` `createUprightCatalogItem` :70 [read] | - `src/catalog.js` `createProfileCatalogItem` :84 [read] | - `src/catalog.js` `createBaseWallCatalogItem` :98 [read] | - `src/catalog.js` `createSeparatorCatalogItem` :110 [read] | - `src/catalog.js` `createShelfCatalogItem` :122 [read] | - `src/catalog.js` `createWallMediaCatalogItem` :173 [read] | - `src/catalog.js` `createTopLightCatalogItem` :215 [read] | - `src/catalog.js` `createCommercialCatalogItem` :227 [read] | - `src/catalog.js` `createIndoorPlantCatalogItem` :232 [read] | - `src/catalog.js` `createFurnitureCatalogItem` :248 [read] | - `src/moduleContracts.js` `resolveModuleContract` :210 [read] | - `src/itemBom.js` `positiveQuantity` :4 [read] | - `src/itemBom.js` `if` :27 [read] | - `src/moduleRecipes.js` `getStraightWallNominalWidthForProfileItem` :185 [read] | - `src/moduleRecipes.js` `getRecipeItemKey` :200 [read] | - `src/scene3d.js` `if` :1888 [read] | - `src/scene3d.js` `createSofaPieceClassicModule` :6344 [read] | - `src/main.js` `assignStandFloorItem` :521 [read] | - `src/main.js` `if` :1415 [read] | - `src/modulePlacement.js` `validatePlacementAgainstModules` :588 [read] | - `src/modulePlacement.js` `addCandidate` :896 [read] | - `src/rawBomDebug.js` `renderItemBom` :78 [read] | - `test/baseItemsContract.test.js` (dosya düzeyi) :39 [test] | - `test/baseItemsContract.test.js` `for` :115 [test] | - `test/baseRecipes.test.js` (dosya düzeyi) :35 [test] | - `test/baseTopsItemContract.test.js` (dosya düzeyi) :30 [test] | - `test/baseTopsItemContract.test.js` `for` :52 [test] | - `test/baseWallRecipes.test.js` (dosya düzeyi) :17 [test] | - `test/boardMaterialItemContract.test.js` `for` :34 [test] | - `test/catalogSingleSource.test.js` (dosya düzeyi) :24 [test] | - `test/chairEamesContract.test.js` (dosya düzeyi) :11 [test] | - `test/coatRackModule.test.js` (dosya düzeyi) :11 [test] | - `test/commercialItemsContract.test.js` (dosya düzeyi) :12 [test] | - `test/connectorBom.test.js` (dosya düzeyi) :18 [test] | - `test/cornerPanelsItemContract.test.js` (dosya düzeyi) :58 [test] | - `test/cornerPanelsItemContract.test.js` `for` :79 [test] | - `test/counterRecipes.test.js` (dosya düzeyi) :20 [test] | - `test/counterTopDefaultColor.test.js` `for` :16 [test] | - `test/counterTopsItemContract.test.js` (dosya düzeyi) :26 [test] | - `test/counterTopsItemContract.test.js` `for` :44 [test] | - `test/designState.test.js` (dosya düzeyi) :183 [test] | - `test/deskBankoItemsContract.test.js` (dosya düzeyi) :69 [test] | - `test/deskBankoItemsContract.test.js` `if` :94 [test] | - `test/developerEntrypointDocs.test.js` (dosya düzeyi) :53 [test] | - `test/doorCompositeItemContract.test.js` (dosya düzeyi) :35 [test] | - `test/doorLeafItemContract.test.js` (dosya düzeyi) :12 [test] | - `test/floorItemsContract.test.js` (dosya düzeyi) :26 [test] | - … test/e2e ek 99 eşleşme (src listesi tam).,- `src/items.js` `LEAF_ITEMS` :3 [define] | - `src/items.js` `getDoorLeafItem` :67 [write] | - `src/items.js` `for` :98 [write] | - `src/items.js` `if` :101 [write-or-literal] | - `src/items.js` `if` :112 [write] | - `src/items.js` `if` :114 [define] | - `src/items.js` `COMMERCIAL_ITEMS` :121 [write-or-literal] | - `src/items.js` `FURNITURE_ITEMS` :151 [write-or-literal] | - `src/items.js` `FURNITURE_ITEMS` :161 [define] | - `src/items.js` (dosya düzeyi) :237 [write-or-literal] | - `src/items.js` `TOP_LIGHT_ITEMS` :255 [write-or-literal] | - `src/items.js` `NON_CATALOG_ITEMS` :274 [write-or-literal] | - `src/items.js` `FLOOR_ITEMS` :289 [write-or-literal] | - `src/items.js` `INDOOR_PLANT_ITEMS` :381 [write-or-literal] | - `src/items.js` `WALL_MEDIA_ITEMS` :424 [write-or-literal] | - `src/items.js` `resolveWallMediaMetrics` :460 [write-or-literal] | - `src/items.js` `COMPOSITE_ITEMS` :495 [write-or-literal] | - `src/items.js` `isShortUpFamilyDescriptor` :1017 [write] | - `src/designState.js` `separatorDefaultColor` :22 [write] | - `src/designState.js` `if` :61 [write-or-literal] | - `src/designState.js` `resolveFlatPanelItemKey` :87 [write] | - `src/designState.js` `createFlatPanelModuleState` :95 [write] | - `src/designState.js` `createFlatPanelModuleState` :104 [write-or-literal] | - `src/designState.js` `resolveSeparatorItemKey` :122 [write] | - `src/designState.js` `resolveSeparatorItemKey` :128 [write-or-literal] | - `src/designState.js` `createSeparatorModuleState` :149 [write] | - `src/designState.js` `createSeparatorModuleState` :156 [write-or-literal] | - `src/designState.js` `createShowcaseModuleState` :168 [write] | - `src/designState.js` `createShowcaseModuleState` :177 [write-or-literal] | - `src/designState.js` `resolveShelfItemKey` :200 [write] | - `src/designState.js` `resolveShelfItemKey` :206 [write-or-literal] | - `src/designState.js` `createShelfModuleState` :222 [write] | - `src/designState.js` `createShelfModuleState` :230 [write-or-literal] | - `src/designState.js` `createDoorModuleState` :251 [write-or-literal] | - `src/designState.js` `resolveCounterItemKey` :275 [write] | - `src/designState.js` `createCounterModuleState` :289 [write] | - `src/designState.js` `resolveBaseWallItemKey` :326 [write] | - `src/designState.js` `createBaseWallModuleState` :334 [write] | - `src/designState.js` `createBaseWallModuleState` :341 [write-or-literal] | - `src/designState.js` `resolveBaseItemKey` :366 [write] | - `src/designState.js` `createBaseModuleState` :374 [write] | - `src/designState.js` `createBaseModuleState` :381 [write-or-literal] | - `src/designState.js` `createFurnitureModuleState` :399 [write-or-literal] | - `src/designState.js` `createCommercialModuleState` :454 [write-or-literal] | - `src/designState.js` `createUprightModuleState` :483 [write-or-literal] | - `src/designState.js` `createProfileModuleState` :492 [write] | - `src/designState.js` `createProfileModuleState` :499 [write-or-literal] | - `src/designState.js` `resolveIndoorPlantItemKey` :517 [write] | - `src/designState.js` `modelFile` :528 [write-or-literal] | - `src/designState.js` `createIndoorPlantModuleState` :546 [write] | - `src/designState.js` `createIndoorPlantModuleState` :556 [write-or-literal] | - `src/designState.js` `createIlluminatedFoamModuleState` :579 [write-or-literal] | - `src/catalog.js` `createBaseCatalogItem` :36 [write] | - `src/catalog.js` `createBaseCatalogItem` :38 [write-or-literal] | - `src/catalog.js` `createCounterCatalogItem` :46 [write] | - `src/catalog.js` `createCounterCatalogItem` :48 [write-or-literal] | - `src/catalog.js` `createFlatPanelCatalogItem` :58 [write] | - `src/catalog.js` `createFlatPanelCatalogItem` :60 [write-or-literal] | - `src/catalog.js` `createUprightCatalogItem` :71 [write] | - `src/catalog.js` `createUprightCatalogItem` :75 [write-or-literal] | - `src/catalog.js` `createProfileCatalogItem` :85 [write] | - `src/catalog.js` `createProfileCatalogItem` :89 [write-or-literal] | - `src/catalog.js` `createBaseWallCatalogItem` :99 [write] | - `src/catalog.js` `createBaseWallCatalogItem` :101 [write-or-literal] | - `src/catalog.js` `createSeparatorCatalogItem` :111 [write] | - `src/catalog.js` `createSeparatorCatalogItem` :113 [write-or-literal] | - `src/catalog.js` `createShelfCatalogItem` :123 [write] | - `src/catalog.js` `createShelfCatalogItem` :125 [write-or-literal] | - `src/catalog.js` `createWallMediaCatalogItem` :174 [write] | - `src/catalog.js` `createWallMediaCatalogItem` :176 [write-or-literal] | - `src/catalog.js` `createTopLightCatalogItem` :216 [write] | - `src/catalog.js` `createTopLightCatalogItem` :218 [write-or-literal] | - `src/catalog.js` `createCommercialCatalogItem` :228 [write] | - `src/catalog.js` `createIndoorPlantCatalogItem` :233 [write] | - `src/catalog.js` `createIndoorPlantCatalogItem` :235 [write-or-literal] | - `src/catalog.js` `createFurnitureCatalogItem` :249 [write] | - `src/catalog.js` `createFurnitureCatalogItem` :251 [write-or-literal] | - `src/catalog.js` `MODULE_CATALOG` :280 [write-or-literal] | - `src/catalog.js` `normalizeCatalogDescriptor` :485 [write-or-literal] | - `src/moduleBehavior.js` `getModuleCollisionHeightRangeCm` :280 [write] | - `src/moduleContracts.js` `resolveModuleContract` :202 [write-or-literal] | - `src/moduleContracts.js` `resolveModuleContract` :215 [write] | - `src/itemBom.js` `positiveQuantity` :7 [write-or-literal] | - `src/itemBom.js` `resolveLines` :32 [write] | - `src/itemBom.js` `resolveLines` :34 [write-or-literal] | - `src/itemBom.js` `if` :39 [write-or-literal] | - `src/itemBom.js` `if` :47 [write] | - `src/itemBom.js` `resolveItemBom` :61 [write] | - `src/itemBom.js` `for` :66 [write] | - `src/moduleRecipes.js` (dosya düzeyi) :5 [write-or-literal] | - `src/moduleRecipes.js` `for` :210 [write] | - `src/moduleRecipes.js` `if` :259 [write-or-literal] | - `src/scene3d.js` (dosya düzeyi) :73 [define] | - `src/scene3d.js` `fine` :516 [write] | - `src/scene3d.js` `setFloorType` :610 [write] | - `src/scene3d.js` `pickModuleContext` :1806 [write-or-literal] | - `src/scene3d.js` `if` :2090 [write] | - `src/scene3d.js` `rotateSelectedModule` :2265 [write-or-literal] | - `src/scene3d.js` `if` :2576 [write-or-literal] | - `src/scene3d.js` `createProfileModule` :5341 [write] | - `src/scene3d.js` `createSofaPieceClassicModule` :6345 [write] | - `src/scene3d.js` `for` :7173 [write] | - `src/scene3d.js` `createShowcaseModule` :7445 [write] | - `src/main.js` `syncFloorTypeSelect` :89 [write] | - `src/main.js` `assignStandFloorItem` :522 [write] | - `src/main.js` `createCatalogModuleState` :527 [write] | - `src/main.js` `createCatalogModuleState` :530 [write-or-literal] | - `src/main.js` `for` :679 [write-or-literal] | - `src/main.js` `resizeContextIlluminatedFoam` :901 [write] | - `src/autoDepot.js` `if` :119 [write-or-literal] | - `src/moduleMove.js` `if` :184 [write-or-literal] | - `src/modulePlacement.js` `validatePlacementAgainstModules` :563 [write] | - `src/modulePlacement.js` `snapUprightToShortUpJoints` :769 [write-or-literal] | - `src/modulePlacement.js` `snapPlacementToModules` :808 [write] | - `src/modulePlacement.js` `if` :1580 [write-or-literal] | - `src/rawBomDebug.js` `if` :72 [write] | - `src/rawBomDebug.js` `renderItemBom` :83 [write] | - `src/selectionFeedback.js` `if` :76 [write] | - `src/stripOccupancy.js` `resolveModuleStripOccupancy` :23 [write]
tests.docHits,itemKey docs/ geçişleri (audit taraması),itemKey docs/ geçişleri (audit taraması). Önceki audit'in rg itemKey hit listesi. Sistem property'si değil; kanıt taraması.,audit-kanit-taramasi,string,yok / birimsiz,Önceki audit'in rg itemKey hit listesi. Sistem property'si değil; kanıt taraması.,audit tarama · önceki audit üreticisi + rg · itemKey string araması,önceki audit üreticisi + rg,Audit/çözümleyici sütunu. Runtime default değeri yok; canlı fonksiyondan türetilir veya tarama sonucudur.,Override yok (analiz/audit sütunu).,true,70,104,hayır,yok,Runtime-only / derived audit. Ayrı persist alanı yok.,DERIVED,Bu sütun runtime Item alanı değil; audit/çözümleyici görünümüdür veya başka alandan türetilir. Kullanıcı bu id ile form alanı görmez.,hayır,hayır — türetilmiş / audit sütunu,validation yok (tablo/audit).,true,doğrudan yok veya dolaylı (kanıt bölümü).,yok veya dolaylı değil.,yok.,- `src/items.js` `getDoorLeafItem` :68 [read] | - `src/items.js` `if` :106 [read] | - `src/items.js` `getTopLightItemForType` :271 [read] | - `src/items.js` `NON_CATALOG_ITEMS` :286 [read] | - `src/items.js` `resolveStandFloorItemKey` :368 [read] | - `src/items.js` `getFurnitureClusterQuantity` :373 [read] | - `src/items.js` `COMPOSITE_ITEMS` :543 [read] | - `src/items.js` `getShowcaseBodyDefinition` :979 [read] | - `src/items.js` `getItem` :1003 [read] | - `src/designState.js` `separatorDefaultColor` :21 [read] | - `src/designState.js` `itemDefaultColorHex` :49 [read] | - `src/designState.js` `if` :57 [read] | - `src/designState.js` `createShowcaseModuleState` :169 [read] | - `src/designState.js` `isIndoorPlantItem` :512 [read] | - `src/designState.js` `createIndoorPlantModuleState` :540 [read] | - `src/catalog.js` `createBaseCatalogItem` :35 [read] | - `src/catalog.js` `createCounterCatalogItem` :45 [read] | - `src/catalog.js` `createFlatPanelCatalogItem` :57 [read] | - `src/catalog.js` `createUprightCatalogItem` :70 [read] | - `src/catalog.js` `createProfileCatalogItem` :84 [read] | - `src/catalog.js` `createBaseWallCatalogItem` :98 [read] | - `src/catalog.js` `createSeparatorCatalogItem` :110 [read] | - `src/catalog.js` `createShelfCatalogItem` :122 [read] | - `src/catalog.js` `createWallMediaCatalogItem` :173 [read] | - `src/catalog.js` `createTopLightCatalogItem` :215 [read] | - `src/catalog.js` `createCommercialCatalogItem` :227 [read] | - `src/catalog.js` `createIndoorPlantCatalogItem` :232 [read] | - `src/catalog.js` `createFurnitureCatalogItem` :248 [read] | - `src/moduleContracts.js` `resolveModuleContract` :210 [read] | - `src/itemBom.js` `positiveQuantity` :4 [read] | - `src/itemBom.js` `if` :27 [read] | - `src/moduleRecipes.js` `getStraightWallNominalWidthForProfileItem` :185 [read] | - `src/moduleRecipes.js` `getRecipeItemKey` :200 [read] | - `src/scene3d.js` `if` :1888 [read] | - `src/scene3d.js` `createSofaPieceClassicModule` :6344 [read] | - `src/main.js` `assignStandFloorItem` :521 [read] | - `src/main.js` `if` :1415 [read] | - `src/modulePlacement.js` `validatePlacementAgainstModules` :588 [read] | - `src/modulePlacement.js` `addCandidate` :896 [read] | - `src/rawBomDebug.js` `renderItemBom` :78 [read] | - `test/baseItemsContract.test.js` (dosya düzeyi) :39 [test] | - `test/baseItemsContract.test.js` `for` :115 [test] | - `test/baseRecipes.test.js` (dosya düzeyi) :35 [test] | - `test/baseTopsItemContract.test.js` (dosya düzeyi) :30 [test] | - `test/baseTopsItemContract.test.js` `for` :52 [test] | - `test/baseWallRecipes.test.js` (dosya düzeyi) :17 [test] | - `test/boardMaterialItemContract.test.js` `for` :34 [test] | - `test/catalogSingleSource.test.js` (dosya düzeyi) :24 [test] | - `test/chairEamesContract.test.js` (dosya düzeyi) :11 [test] | - `test/coatRackModule.test.js` (dosya düzeyi) :11 [test] | - `test/commercialItemsContract.test.js` (dosya düzeyi) :12 [test] | - `test/connectorBom.test.js` (dosya düzeyi) :18 [test] | - `test/cornerPanelsItemContract.test.js` (dosya düzeyi) :58 [test] | - `test/cornerPanelsItemContract.test.js` `for` :79 [test] | - `test/counterRecipes.test.js` (dosya düzeyi) :20 [test] | - `test/counterTopDefaultColor.test.js` `for` :16 [test] | - `test/counterTopsItemContract.test.js` (dosya düzeyi) :26 [test] | - `test/counterTopsItemContract.test.js` `for` :44 [test] | - `test/designState.test.js` (dosya düzeyi) :183 [test] | - `test/deskBankoItemsContract.test.js` (dosya düzeyi) :69 [test] | - `test/deskBankoItemsContract.test.js` `if` :94 [test] | - `test/developerEntrypointDocs.test.js` (dosya düzeyi) :53 [test] | - `test/doorCompositeItemContract.test.js` (dosya düzeyi) :35 [test] | - `test/doorLeafItemContract.test.js` (dosya düzeyi) :12 [test] | - `test/floorItemsContract.test.js` (dosya düzeyi) :26 [test] | - … test/e2e ek 99 eşleşme (src listesi tam).,- `src/items.js` `LEAF_ITEMS` :3 [define] | - `src/items.js` `getDoorLeafItem` :67 [write] | - `src/items.js` `for` :98 [write] | - `src/items.js` `if` :101 [write-or-literal] | - `src/items.js` `if` :112 [write] | - `src/items.js` `if` :114 [define] | - `src/items.js` `COMMERCIAL_ITEMS` :121 [write-or-literal] | - `src/items.js` `FURNITURE_ITEMS` :151 [write-or-literal] | - `src/items.js` `FURNITURE_ITEMS` :161 [define] | - `src/items.js` (dosya düzeyi) :237 [write-or-literal] | - `src/items.js` `TOP_LIGHT_ITEMS` :255 [write-or-literal] | - `src/items.js` `NON_CATALOG_ITEMS` :274 [write-or-literal] | - `src/items.js` `FLOOR_ITEMS` :289 [write-or-literal] | - `src/items.js` `INDOOR_PLANT_ITEMS` :381 [write-or-literal] | - `src/items.js` `WALL_MEDIA_ITEMS` :424 [write-or-literal] | - `src/items.js` `resolveWallMediaMetrics` :460 [write-or-literal] | - `src/items.js` `COMPOSITE_ITEMS` :495 [write-or-literal] | - `src/items.js` `isShortUpFamilyDescriptor` :1017 [write] | - `src/designState.js` `separatorDefaultColor` :22 [write] | - `src/designState.js` `if` :61 [write-or-literal] | - `src/designState.js` `resolveFlatPanelItemKey` :87 [write] | - `src/designState.js` `createFlatPanelModuleState` :95 [write] | - `src/designState.js` `createFlatPanelModuleState` :104 [write-or-literal] | - `src/designState.js` `resolveSeparatorItemKey` :122 [write] | - `src/designState.js` `resolveSeparatorItemKey` :128 [write-or-literal] | - `src/designState.js` `createSeparatorModuleState` :149 [write] | - `src/designState.js` `createSeparatorModuleState` :156 [write-or-literal] | - `src/designState.js` `createShowcaseModuleState` :168 [write] | - `src/designState.js` `createShowcaseModuleState` :177 [write-or-literal] | - `src/designState.js` `resolveShelfItemKey` :200 [write] | - `src/designState.js` `resolveShelfItemKey` :206 [write-or-literal] | - `src/designState.js` `createShelfModuleState` :222 [write] | - `src/designState.js` `createShelfModuleState` :230 [write-or-literal] | - `src/designState.js` `createDoorModuleState` :251 [write-or-literal] | - `src/designState.js` `resolveCounterItemKey` :275 [write] | - `src/designState.js` `createCounterModuleState` :289 [write] | - `src/designState.js` `resolveBaseWallItemKey` :326 [write] | - `src/designState.js` `createBaseWallModuleState` :334 [write] | - `src/designState.js` `createBaseWallModuleState` :341 [write-or-literal] | - `src/designState.js` `resolveBaseItemKey` :366 [write] | - `src/designState.js` `createBaseModuleState` :374 [write] | - `src/designState.js` `createBaseModuleState` :381 [write-or-literal] | - `src/designState.js` `createFurnitureModuleState` :399 [write-or-literal] | - `src/designState.js` `createCommercialModuleState` :454 [write-or-literal] | - `src/designState.js` `createUprightModuleState` :483 [write-or-literal] | - `src/designState.js` `createProfileModuleState` :492 [write] | - `src/designState.js` `createProfileModuleState` :499 [write-or-literal] | - `src/designState.js` `resolveIndoorPlantItemKey` :517 [write] | - `src/designState.js` `modelFile` :528 [write-or-literal] | - `src/designState.js` `createIndoorPlantModuleState` :546 [write] | - `src/designState.js` `createIndoorPlantModuleState` :556 [write-or-literal] | - `src/designState.js` `createIlluminatedFoamModuleState` :579 [write-or-literal] | - `src/catalog.js` `createBaseCatalogItem` :36 [write] | - `src/catalog.js` `createBaseCatalogItem` :38 [write-or-literal] | - `src/catalog.js` `createCounterCatalogItem` :46 [write] | - `src/catalog.js` `createCounterCatalogItem` :48 [write-or-literal] | - `src/catalog.js` `createFlatPanelCatalogItem` :58 [write] | - `src/catalog.js` `createFlatPanelCatalogItem` :60 [write-or-literal] | - `src/catalog.js` `createUprightCatalogItem` :71 [write] | - `src/catalog.js` `createUprightCatalogItem` :75 [write-or-literal] | - `src/catalog.js` `createProfileCatalogItem` :85 [write] | - `src/catalog.js` `createProfileCatalogItem` :89 [write-or-literal] | - `src/catalog.js` `createBaseWallCatalogItem` :99 [write] | - `src/catalog.js` `createBaseWallCatalogItem` :101 [write-or-literal] | - `src/catalog.js` `createSeparatorCatalogItem` :111 [write] | - `src/catalog.js` `createSeparatorCatalogItem` :113 [write-or-literal] | - `src/catalog.js` `createShelfCatalogItem` :123 [write] | - `src/catalog.js` `createShelfCatalogItem` :125 [write-or-literal] | - `src/catalog.js` `createWallMediaCatalogItem` :174 [write] | - `src/catalog.js` `createWallMediaCatalogItem` :176 [write-or-literal] | - `src/catalog.js` `createTopLightCatalogItem` :216 [write] | - `src/catalog.js` `createTopLightCatalogItem` :218 [write-or-literal] | - `src/catalog.js` `createCommercialCatalogItem` :228 [write] | - `src/catalog.js` `createIndoorPlantCatalogItem` :233 [write] | - `src/catalog.js` `createIndoorPlantCatalogItem` :235 [write-or-literal] | - `src/catalog.js` `createFurnitureCatalogItem` :249 [write] | - `src/catalog.js` `createFurnitureCatalogItem` :251 [write-or-literal] | - `src/catalog.js` `MODULE_CATALOG` :280 [write-or-literal] | - `src/catalog.js` `normalizeCatalogDescriptor` :485 [write-or-literal] | - `src/moduleBehavior.js` `getModuleCollisionHeightRangeCm` :280 [write] | - `src/moduleContracts.js` `resolveModuleContract` :202 [write-or-literal] | - `src/moduleContracts.js` `resolveModuleContract` :215 [write] | - `src/itemBom.js` `positiveQuantity` :7 [write-or-literal] | - `src/itemBom.js` `resolveLines` :32 [write] | - `src/itemBom.js` `resolveLines` :34 [write-or-literal] | - `src/itemBom.js` `if` :39 [write-or-literal] | - `src/itemBom.js` `if` :47 [write] | - `src/itemBom.js` `resolveItemBom` :61 [write] | - `src/itemBom.js` `for` :66 [write] | - `src/moduleRecipes.js` (dosya düzeyi) :5 [write-or-literal] | - `src/moduleRecipes.js` `for` :210 [write] | - `src/moduleRecipes.js` `if` :259 [write-or-literal] | - `src/scene3d.js` (dosya düzeyi) :73 [define] | - `src/scene3d.js` `fine` :516 [write] | - `src/scene3d.js` `setFloorType` :610 [write] | - `src/scene3d.js` `pickModuleContext` :1806 [write-or-literal] | - `src/scene3d.js` `if` :2090 [write] | - `src/scene3d.js` `rotateSelectedModule` :2265 [write-or-literal] | - `src/scene3d.js` `if` :2576 [write-or-literal] | - `src/scene3d.js` `createProfileModule` :5341 [write] | - `src/scene3d.js` `createSofaPieceClassicModule` :6345 [write] | - `src/scene3d.js` `for` :7173 [write] | - `src/scene3d.js` `createShowcaseModule` :7445 [write] | - `src/main.js` `syncFloorTypeSelect` :89 [write] | - `src/main.js` `assignStandFloorItem` :522 [write] | - `src/main.js` `createCatalogModuleState` :527 [write] | - `src/main.js` `createCatalogModuleState` :530 [write-or-literal] | - `src/main.js` `for` :679 [write-or-literal] | - `src/main.js` `resizeContextIlluminatedFoam` :901 [write] | - `src/autoDepot.js` `if` :119 [write-or-literal] | - `src/moduleMove.js` `if` :184 [write-or-literal] | - `src/modulePlacement.js` `validatePlacementAgainstModules` :563 [write] | - `src/modulePlacement.js` `snapUprightToShortUpJoints` :769 [write-or-literal] | - `src/modulePlacement.js` `snapPlacementToModules` :808 [write] | - `src/modulePlacement.js` `if` :1580 [write-or-literal] | - `src/rawBomDebug.js` `if` :72 [write] | - `src/rawBomDebug.js` `renderItemBom` :83 [write] | - `src/selectionFeedback.js` `if` :76 [write] | - `src/stripOccupancy.js` `resolveModuleStripOccupancy` :23 [write]
